srl_key,Category,name,mrp,discountPercent,availableQuantity,discountedSellingPrice,weightInGms,outOfStock,quantity
1,Cooking Essentials,Everest Saffron Kesar,120,0,0,120,1,TRUE,0
2,Munchies,Everest Saffron Kesar,120,0,0,120,1,TRUE,0
3,Personal Care,Maybelline New York Colossal Kajal Black,149,0,2,149,0,FALSE,0
4,Personal Care,Maybelline New York Colossal Kajal Super Black,300,8,3,275,0,FALSE,0
5,Paan Corner,Maybelline New York Colossal Kajal Black,149,0,2,149,0,FALSE,0
6,Paan Corner,Maybelline New York Colossal Kajal Super Black,300,8,3,275,0,FALSE,0
7,Paan Corner,Gillette Mach 3 Turbo Razor,349,6,5,325,58,FALSE,1
8,Paan Corner,Colgate Kids 0-2 Extra Soft Tooth Brush,30,16,6,25,58,FALSE,1
9,Paan Corner,Gellette Presto Ready Shaver,20,0,1,20,58,FALSE,1
10,Paan Corner,Colgate Kids 2+ Years Extra Soft Toothbrush,20,0,3,20,58,FALSE,1
11,Paan Corner,Bombay Shaving Company Defender Razor,345,0,6,345,58,FALSE,1
12,Paan Corner,Gillette Venus Close & Clean Razor ,249,7,0,230,58,TRUE,1
13,Home & Cleaning,Harpic Disinfectant Bathroom Cleaner Liquid Lemon,189,5,6,179,1000,FALSE,1
14,Home & Cleaning,Gala Scrubber Cleaner Home Everyday Scrub,35,2,6,34,58,FALSE,1
15,Home & Cleaning,Om Bhakti - Pancha Deepa Oil ,199,10,6,179,1000,FALSE,1
16,Home & Cleaning,Surf Excel Matic Top Load Detergent Powder,200,6,1,188,1000,FALSE,1
17,Home & Cleaning,Oxi Green Phenyl - Pine ,82,9,6,74,1000,FALSE,1
18,Home & Cleaning,Surf Excel Easy Wash Detergent Liquid,170,0,6,169,1000,FALSE,1
19,Home & Cleaning,Uno Playing Card Game,149,9,2,135,58,FALSE,1
20,Home & Cleaning,Chakaachak Mini Cloth Brush,40,2,1,39,58,FALSE,1
21,Home & Cleaning,Surf Excel Matic Front Load Detergent Liquid,225,1,6,221,1000,FALSE,1
22,Home & Cleaning,Ariel Matic Top Load Detergent Washing Powder,225,0,6,225,1000,FALSE,1
23,Home & Cleaning,Gala Cloth Poccha/Mop,125,9,6,113,58,FALSE,1
24,Home & Cleaning,Chakaachak Floor Cleaning Pocha,50,2,6,49,58,FALSE,1
25,Home & Cleaning,Oxi Green Floor Cleaner - Floral,179,10,6,161,1000,FALSE,1
26,Home & Cleaning,Ariel Complete Detergent Washing Powder 1 kg + 500 g Free,280,6,6,263,1500,FALSE,1
27,Home & Cleaning,Godrej Ezee Liquid Detergent,175,0,6,175,1000,FALSE,1
28,Home & Cleaning,Chakaachak Mega Star Toilet Brush,110,2,4,107,58,FALSE,1
29,Home & Cleaning,Oxi Green Phenyl Concentrate,200,10,6,180,1000,FALSE,1
30,Home & Cleaning,Chakaachak Deluxe Dustpan Grey,68,2,3,66,58,FALSE,1
31,Home & Cleaning,ScotchBrite Premium Kitchen Towels,150,18,3,123,174,FALSE,1
32,Home & Cleaning,Chakaachak Dustpan Grey,70,2,5,68,58,FALSE,1
33,Home & Cleaning,Gala Microfiber Magic Cloth 2-In-1,175,9,6,158,58,FALSE,1
34,Home & Cleaning,Scotch Brite Power Scrub Pad,50,2,6,49,58,FALSE,1
35,Home & Cleaning,Origami Good Karma Toilet Roll,275,14,6,234,232,FALSE,1
36,Home & Cleaning,Origami So Soft Tissue Roll Single - 340 Pulls 3 Ply,80,0,1,80,58,FALSE,1
37,Home & Cleaning,Gala Double Hockey Toilet Brush,150,10,6,135,58,FALSE,1
38,Home & Cleaning,Eveready Base B22 9-Watt LED Bulb,150,0,2,150,58,FALSE,1
39,Home & Cleaning,Domex Disinfectant Floor Cleaner,180,5,6,170,1000,FALSE,1
40,Home & Cleaning,Scotch Brite Tough Scrubber Brush,150,6,6,140,58,FALSE,1
41,Home & Cleaning,Lizol Double Concentrate Disinfectant Floor Cleaner Citrus,650,8,6,598,1900,FALSE,1
42,Home & Cleaning,Gala EzeeSqueegee Wiper,150,10,6,135,58,FALSE,1
43,Home & Cleaning,Philips Stellar Bright 16W Light Bulb,390,16,6,324,58,FALSE,1
44,Home & Cleaning,Ariel Matic Liquid Detergent Front Load,250,0,6,250,1000,FALSE,1
45,Home & Cleaning,Scotch Brite Kitchen Sink Brush,135,9,5,122,58,FALSE,1
46,Home & Cleaning,Scotch Magic Tape,115,14,6,98,58,FALSE,1
47,Home & Cleaning,Origami Kitchen Towels 4 in 1 60 Pulls 2 Ply,265,0,6,265,58,FALSE,1
48,Home & Cleaning,Ariel Matic Liquid Detergent Front Load,225,0,6,225,1000,FALSE,1
49,Home & Cleaning,Chakaachak Super Strong Scrub,29,3,5,28,58,FALSE,1
50,Home & Cleaning,Oxi Green Floor Cleaner - Citrus ,179,10,6,161,1000,FALSE,1
51,Home & Cleaning,Origami Luxuria Kitchen Towel 300 Pulls Single,320,0,2,320,58,FALSE,1
52,Home & Cleaning,Philips EyePro 10.5W Light Bulb,220,10,6,198,58,FALSE,1
53,Home & Cleaning,Origami Good Karma Paper Serviettes - 100 napkins (1 ply),78,10,6,70,58,FALSE,1
54,Home & Cleaning,Chakaachak Floor Pocha Large,50,0,1,50,58,FALSE,1
55,Home & Cleaning,Ariel Matic Front Load Liquid Detergent,220,0,4,220,1000,FALSE,1
56,Home & Cleaning,Chakaachak Dust Proof Broom,180,2,6,175,58,FALSE,1
57,Home & Cleaning,Whiskas Adult +1 year Salmon in Gravy,250,10,3,225,85,FALSE,1
58,Home & Cleaning,Gala Microfiber Multipurpose Cloth,140,7,6,129,58,FALSE,1
59,Home & Cleaning,Ariel Matic Front Load Detergent Powder,260,0,6,260,1000,FALSE,1
60,Home & Cleaning,Ariel Matic Liquid Detergent Front Load,250,0,4,250,1000,FALSE,1
61,Home & Cleaning,Rin Detergent Powder,86,2,0,84,1000,TRUE,1
62,Home & Cleaning,Surf Excel Easy Wash Detergent Powder,136,3,0,131,1000,TRUE,1
63,Home & Cleaning,Chakaachak Super Steel Scrubber,12,8,0,11,58,TRUE,1
64,Home & Cleaning,Gala No Dust Broom,190,7,0,175,58,TRUE,1
65,Home & Cleaning,Chakaachak Eazo Grass Broom New ,105,2,0,102,58,TRUE,1
66,Home & Cleaning,Surf Excel Quick Wash,208,6,0,195,1000,TRUE,1
67,Home & Cleaning,Scotch BOPP Packaging Tape,80,15,0,68,58,TRUE,1
68,Health & Hygiene,Kapiva Thar Aloe Vera Juice,299,15,6,254,1000,FALSE,1
69,Health & Hygiene,Kapiva Wild Amla Juice,249,14,6,212,1000,FALSE,1
70,Health & Hygiene,Dabur Chyawanprash,349,3,6,338,950,FALSE,1
71,Health & Hygiene,Kapiva Wild Tulsi Giloy Juice |,400,15,1,340,1000,FALSE,1
72,Health & Hygiene,Dabur Amla Juice,235,15,6,199,1000,FALSE,1
73,Health & Hygiene,Gillette Venus Close & Clean Razor ,249,7,0,230,58,TRUE,1
74,Personal Care,Gillette Mach 3 Turbo Razor,349,6,5,325,58,FALSE,1
75,Personal Care,Colgate Kids 0-2 Extra Soft Tooth Brush,30,16,6,25,58,FALSE,1
76,Personal Care,Gellette Presto Ready Shaver,20,0,1,20,58,FALSE,1
77,Personal Care,Colgate Kids 2+ Years Extra Soft Toothbrush,20,0,3,20,58,FALSE,1
78,Personal Care,Bombay Shaving Company Defender Razor,345,0,6,345,58,FALSE,1
79,Personal Care,Gillette Venus Close & Clean Razor ,249,7,0,230,58,TRUE,1
80,Paan Corner,Colgate Sensitive Soft Bristles Toothbrush,50,0,6,50,58,FALSE,1
81,Chocolates & Candies,Bagrry's Fruit Fibre Muesli Mixed Fruit ,595,0,5,595,1000,FALSE,1
82,Chocolates & Candies,Safal Frozen - Sweet Corn,160,5,0,152,1000,TRUE,1
83,Chocolates & Candies,Yummiez Green Peas,250,0,0,250,1000,TRUE,1
84,Biscuits,Britannia Treat Creme Wafers - Vanilla,45,11,6,40,60,FALSE,1
85,Biscuits,Britannia Treart Creme Wafers Chocolate,45,11,6,40,60,FALSE,1
86,Biscuits,Britannia Good Day Cashew Cookies,230,25,0,172,1000,TRUE,1
87,Personal Care,Colgate Sensitive Soft Bristles Toothbrush,50,0,6,50,58,FALSE,1
88,Beverages,iD Idli & Dosa Batter ,80,15,6,68,1000,FALSE,1
89,Munchies,Pro Nature Organic Sonamasoori Brown Rice,102,7,0,94,1000,TRUE,1
90,Munchies,Daawat Super Basmati Rice,185,8,0,169,1000,TRUE,1
91,Munchies,Daawat Rozana Gold Basmati Rice,90,1,0,89,1000,TRUE,1
92,Munchies,Tata Sampann Kala Chana,125,0,0,125,1000,TRUE,1
93,Munchies,India Gate Basmati Rice,210,0,0,210,1000,TRUE,1
94,Munchies,24 Mantra Organic Whole Wheat Atta,64,7,0,59,1000,TRUE,1
95,Beverages,Amul Fresh Cream,197,3,3,191,1000,FALSE,1
96,Munchies,Praakritik Organic Kapli Wheat Atta,165,10,6,147,1000,FALSE,1
97,Munchies,Madhur Sugar,60,6,0,56,1000,TRUE,1
98,Munchies,Aashirvaad Superior MP Whole Wheat Atta,53,1,0,52,1000,TRUE,1
99,Munchies,Fortune Soyabean Oil,210,13,0,181,1000,TRUE,1
100,Munchies,Aashirvaad Iodised Salt ,22,13,0,19,1000,TRUE,1
101,Munchies,Fortune Besan Flour,120,0,0,120,1000,TRUE,1
102,Munchies,Popular Essentials Sona Masouri Raw Rice,75,0,0,75,1000,TRUE,1
103,Munchies,Daawat Rozana Super Basmati Rice,79,0,0,79,1000,TRUE,1
104,Munchies,Patanjali Cow's Ghee,565,0,0,565,1000,TRUE,1
105,Munchies,Dlicia Whip Topping Bottle,235,27,5,171,1000,FALSE,1
106,Munchies,24 Mantra Groundnut Oil (Cold Pressed) Pet Bottle,410,10,6,369,1000,FALSE,1
107,Munchies,Amulya Dairy Whitener ,380,2,4,372,1000,FALSE,1
108,Munchies,Quaker Oats Pouch,276,10,6,248,1500,FALSE,1
109,Munchies,Puro Healthy Salt Crystal,135,7,6,125,1000,FALSE,1
110,Munchies,Popular Essentials Premium Jeera Rice,140,0,5,140,1000,FALSE,1
111,Munchies,Oleev Active Oil (Pouch),265,9,6,239,1000,FALSE,1
112,Munchies,Borges Canola Oil Pet Bottle,399,0,6,399,1000,FALSE,1
113,Cooking Essentials,Pro Nature Organic Sonamasoori Brown Rice,102,7,0,94,1000,TRUE,1
114,Munchies,iD Idli & Dosa Batter ,80,15,6,68,1000,FALSE,1
115,Munchies,Tata Salt,24,0,6,24,1000,FALSE,1
116,Munchies,Fortune Sunlite Refined Sunflower (Pouch),230,4,6,219,1000,FALSE,1
117,Munchies,Tata Salt Lite,40,10,6,36,1000,FALSE,1
118,Munchies,Saffola Gold Oil (Pouch),215,0,6,215,1000,FALSE,1
119,Cooking Essentials,Daawat Rozana Gold Basmati Rice,90,1,0,89,1000,TRUE,1
120,Cooking Essentials,Tata Sampann Kala Chana,125,0,0,125,1000,TRUE,1
121,Cooking Essentials,India Gate Basmati Rice,210,0,0,210,1000,TRUE,1
122,Cooking Essentials,24 Mantra Organic Whole Wheat Atta,64,7,0,59,1000,TRUE,1
123,Munchies,Fortune Rice Bran (Pouch),225,11,6,199,1000,FALSE,1
124,Munchies,Saffola Active Oil,210,0,6,210,1000,FALSE,1
125,Munchies,Amul Pure Ghee (Pouch),505,1,2,499,1000,FALSE,1
126,Munchies,Popular Essentials Toor Dal (Un-Polished),160,6,4,149,1000,FALSE,1
127,Munchies,Amul Ghee (Tin),520,2,6,509,1000,FALSE,1
128,Munchies,Amul Fresh Cream,197,3,3,191,1000,FALSE,1
129,Munchies,Aashirvaad Multigrain Atta,64,3,2,62,1000,FALSE,1
130,Munchies,Dhara Groundnut Oil (Pouch),230,11,6,203,1000,FALSE,1
131,Munchies,Aashirvaad Select Atta,64,0,6,64,1000,FALSE,1
132,Munchies,Popular Essentials Refined Sugar,60,0,6,60,1000,FALSE,1
133,Munchies,Fortune Kachi Ghani Mustard Oil Bottle,216,7,6,199,1000,FALSE,1
134,Munchies,Gowardhan Ghee Jar,598,3,6,579,1000,FALSE,1
135,Munchies,Gowardhan Cow Ghee Pouch,579,10,6,521,1000,FALSE,1
136,Munchies,Dhara Nourish Refined Sunflower Oil Pouch,210,5,6,199,1000,FALSE,1
137,Munchies,Fortune Biriyani Special Basmati Rice,175,0,5,175,1000,FALSE,1
138,Munchies,Fortune Soya Health Refined Soybean Oil,210,1,2,206,1000,FALSE,1
139,Munchies,Dhara Life Refined Ricebran Oil (Pouch),205,7,6,190,1000,FALSE,1
140,Munchies,Pillsbury Chakki Fresh Atta,52,0,4,52,1000,FALSE,1
141,Munchies,Popular Essentials Sona Masouri Steam Rice,65,9,6,59,1000,FALSE,1
142,Munchies,24 Mantra Organic Tur Dal,260,20,6,208,1000,FALSE,1
143,Munchies,Tata Sampann Masoor Dal Stand,150,10,4,134,1000,FALSE,1
144,Munchies,Quaker Oats,199,7,6,184,1000,FALSE,1
145,Munchies,Pillsbury Multi Grain Atta,60,6,3,56,1000,FALSE,1
146,Munchies,Sundrop Super Lite Advanced - Sunflower Oil,215,0,4,215,1000,FALSE,1
147,Munchies,Popular Essentials HMT Kolam Steam,75,0,3,75,1000,FALSE,1
148,Munchies,Popular Essentials Idli Rice,60,10,4,54,1000,FALSE,1
149,Munchies,RRO Primio Refined Groundnut Oil Pet Bottle,255,6,2,239,1000,FALSE,1
150,Munchies,Popular Essentials Rice Flour,60,0,3,60,1000,FALSE,1
151,Munchies,24 Mantra Organic Brown Sona Masoori Rice,95,0,6,95,1000,FALSE,1
152,Munchies,RRO Til Dil Premium Til Oil Bottle,330,10,5,294,1000,FALSE,1
153,Munchies,Popular Essentials Bajra Whole,65,13,6,56,1000,FALSE,1
154,Munchies,24 Mantra Mustard Oil (Cold Pressed) ,350,10,6,312,1000,FALSE,1
155,Munchies,24 Mantra Sunflower Oil (Cold Pressed) Pet Bottle,390,11,5,347,1000,FALSE,1
156,Munchies,Dabur 100% Pure Honey - Worlds No.1,430,10,6,387,1000,FALSE,1
157,Fruits & Vegetables,Onion,25,16,3,21,1000,FALSE,1
158,Fruits & Vegetables,Tomato Hybrid,42,16,3,35,1000,FALSE,1
159,Fruits & Vegetables,Tender Coconut,51,15,3,43,58,FALSE,1
160,Fruits & Vegetables,Potato,35,17,3,29,1000,FALSE,1
161,Fruits & Vegetables,Watermelon ,58,15,3,49,58,FALSE,1
162,Fruits & Vegetables,Cauliflower,26,15,3,22,58,FALSE,1
163,Fruits & Vegetables,Muskmelon,42,16,3,35,58,FALSE,1
164,Fruits & Vegetables,Cabbage ,15,13,3,13,58,FALSE,1
165,Fruits & Vegetables,Bottle Gourd ,26,15,3,22,58,FALSE,1
166,Fruits & Vegetables,Coconut Big,36,16,3,30,58,FALSE,1
167,Fruits & Vegetables,Brinjal Bharta,19,15,3,16,58,FALSE,1
168,Fruits & Vegetables,Papaya,54,16,3,45,58,FALSE,1
169,Fruits & Vegetables,Dragon Fruit Imported,70,15,3,59,58,FALSE,1
170,Fruits & Vegetables,Pineapple,94,15,3,79,58,FALSE,1
171,Fruits & Vegetables,Safal Frozen - Mixed Vegetables,110,4,2,105,1000,FALSE,1
172,Fruits & Vegetables,Avocado Indian Premium,177,15,3,149,58,FALSE,1
173,Fruits & Vegetables,Banana Leaf,12,16,2,10,58,FALSE,1
174,Fruits & Vegetables,Safal Frozen - Sweet Corn,160,5,0,152,1000,TRUE,1
175,Cooking Essentials,iD Idli & Dosa Batter ,80,15,6,68,1000,FALSE,1
176,Cooking Essentials,Tata Salt,24,0,6,24,1000,FALSE,1
177,Cooking Essentials,Fortune Sunlite Refined Sunflower (Pouch),230,4,6,219,1000,FALSE,1
178,Cooking Essentials,Fortune Rice Bran (Pouch),225,11,6,199,1000,FALSE,1
179,Cooking Essentials,Saffola Active Oil,210,0,6,210,1000,FALSE,1
180,Cooking Essentials,Amul Pure Ghee (Pouch),505,1,2,499,1000,FALSE,1
181,Cooking Essentials,Popular Essentials Toor Dal (Un-Polished),160,6,4,149,1000,FALSE,1
182,Cooking Essentials,Amul Ghee (Tin),520,2,6,509,1000,FALSE,1
183,Cooking Essentials,Amul Fresh Cream,197,3,3,191,1000,FALSE,1
184,Cooking Essentials,Aashirvaad Multigrain Atta,64,3,2,62,1000,FALSE,1
185,Cooking Essentials,Dhara Groundnut Oil (Pouch),230,11,6,203,1000,FALSE,1
186,Cooking Essentials,Tata Salt Lite,40,10,6,36,1000,FALSE,1
187,Cooking Essentials,Saffola Gold Oil (Pouch),215,0,6,215,1000,FALSE,1
188,Cooking Essentials,Aashirvaad Select Atta,64,0,6,64,1000,FALSE,1
189,Cooking Essentials,Gowardhan Ghee Jar,598,3,6,579,1000,FALSE,1
190,Cooking Essentials,Popular Essentials Refined Sugar,60,0,6,60,1000,FALSE,1
191,Cooking Essentials,Fortune Kachi Ghani Mustard Oil Bottle,216,7,6,199,1000,FALSE,1
192,Cooking Essentials,Gowardhan Cow Ghee Pouch,579,10,6,521,1000,FALSE,1
193,Cooking Essentials,Dhara Nourish Refined Sunflower Oil Pouch,210,5,6,199,1000,FALSE,1
194,Cooking Essentials,Fortune Biriyani Special Basmati Rice,175,0,5,175,1000,FALSE,1
195,Cooking Essentials,Fortune Soya Health Refined Soybean Oil,210,1,2,206,1000,FALSE,1
196,Cooking Essentials,Dhara Life Refined Ricebran Oil (Pouch),205,7,6,190,1000,FALSE,1
197,Cooking Essentials,Pillsbury Chakki Fresh Atta,52,0,4,52,1000,FALSE,1
198,Cooking Essentials,Popular Essentials Sona Masouri Steam Rice,65,9,6,59,1000,FALSE,1
199,Cooking Essentials,24 Mantra Organic Tur Dal,260,20,6,208,1000,FALSE,1
200,Cooking Essentials,Quaker Oats,199,7,6,184,1000,FALSE,1
201,Cooking Essentials,Tata Sampann Masoor Dal Stand,150,10,4,134,1000,FALSE,1
202,Cooking Essentials,Pillsbury Multi Grain Atta,60,6,3,56,1000,FALSE,1
203,Cooking Essentials,Sundrop Super Lite Advanced - Sunflower Oil,215,0,4,215,1000,FALSE,1
204,Cooking Essentials,Popular Essentials HMT Kolam Steam,75,0,3,75,1000,FALSE,1
205,Cooking Essentials,Popular Essentials Idli Rice,60,10,4,54,1000,FALSE,1
206,Cooking Essentials,RRO Primio Refined Groundnut Oil Pet Bottle,255,6,2,239,1000,FALSE,1
207,Cooking Essentials,Popular Essentials Rice Flour,60,0,3,60,1000,FALSE,1
208,Cooking Essentials,24 Mantra Organic Brown Sona Masoori Rice,95,0,6,95,1000,FALSE,1
209,Cooking Essentials,RRO Til Dil Premium Til Oil Bottle,330,10,5,294,1000,FALSE,1
210,Cooking Essentials,Popular Essentials Bajra Whole,65,13,6,56,1000,FALSE,1
211,Cooking Essentials,24 Mantra Mustard Oil (Cold Pressed) ,350,10,6,312,1000,FALSE,1
212,Cooking Essentials,24 Mantra Sunflower Oil (Cold Pressed) Pet Bottle,390,11,5,347,1000,FALSE,1
213,Cooking Essentials,Dabur 100% Pure Honey - Worlds No.1,430,10,6,387,1000,FALSE,1
214,Cooking Essentials,Dlicia Whip Topping Bottle,235,27,5,171,1000,FALSE,1
215,Cooking Essentials,24 Mantra Groundnut Oil (Cold Pressed) Pet Bottle,410,10,6,369,1000,FALSE,1
216,Cooking Essentials,Amulya Dairy Whitener ,380,2,4,372,1000,FALSE,1
217,Cooking Essentials,Quaker Oats Pouch,276,10,6,248,1500,FALSE,1
218,Cooking Essentials,Puro Healthy Salt Crystal,135,7,6,125,1000,FALSE,1
219,Cooking Essentials,Popular Essentials Premium Jeera Rice,140,0,5,140,1000,FALSE,1
220,Cooking Essentials,Oleev Active Oil (Pouch),265,9,6,239,1000,FALSE,1
221,Cooking Essentials,Borges Canola Oil Pet Bottle,399,0,6,399,1000,FALSE,1
222,Cooking Essentials,Praakritik Organic Kapli Wheat Atta,165,10,6,147,1000,FALSE,1
223,Cooking Essentials,Madhur Sugar,60,6,0,56,1000,TRUE,1
224,Cooking Essentials,Aashirvaad Superior MP Whole Wheat Atta,53,1,0,52,1000,TRUE,1
225,Cooking Essentials,Fortune Soyabean Oil,210,13,0,181,1000,TRUE,1
226,Cooking Essentials,Aashirvaad Iodised Salt ,22,13,0,19,1000,TRUE,1
227,Cooking Essentials,Fortune Besan Flour,120,0,0,120,1000,TRUE,1
228,Cooking Essentials,Popular Essentials Sona Masouri Raw Rice,75,0,0,75,1000,TRUE,1
229,Cooking Essentials,Daawat Rozana Super Basmati Rice,79,0,0,79,1000,TRUE,1
230,Cooking Essentials,Patanjali Cow's Ghee,565,0,0,565,1000,TRUE,1
231,Cooking Essentials,Daawat Super Basmati Rice,185,8,0,169,1000,TRUE,1
232,Beverages,Epigamia Almond Milk Unsweetened Dairy Free,300,33,4,199,1000,FALSE,1
233,Beverages,Dlicia Whip Topping Bottle,235,27,5,171,1000,FALSE,1
234,Beverages,Amulya Dairy Whitener ,380,2,4,372,1000,FALSE,1
235,Beverages,Amul Taaza Toned Homogenised Milk,66,3,0,64,1000,TRUE,1
236,Beverages,Amul Slim Trim Skimmed Milk,75,0,0,75,1000,TRUE,1
237,Beverages,Nestle A+ Slim Milk,89,0,0,89,1000,TRUE,1
238,Packaged Food,iD Idli & Dosa Batter ,80,15,6,68,1000,FALSE,1
239,Packaged Food,Quaker Oats,199,7,6,184,1000,FALSE,1
240,Packaged Food,Safal Frozen - Mixed Vegetables,110,4,2,105,1000,FALSE,1
241,Packaged Food,Kellogg's Real Almond & Honey Corn Flakes,550,5,3,520,1000,FALSE,1
242,Packaged Food,Maggi Hot & Sweet - Tomato Chilli Sauce,170,10,1,153,1000,FALSE,1
243,Packaged Food,KelloggÆs Chocos Protein And Fibre Of 1 Roti,499,11,6,444,1200,FALSE,1
244,Packaged Food,Kellogg's Corn Flakes,425,9,1,383,1000,FALSE,1
245,Packaged Food,Kelloggs Chocos - Moons & Stars,660,40,4,396,1200,FALSE,1
246,Packaged Food,Quaker Oats Pouch,276,10,6,248,1500,FALSE,1
247,Packaged Food,Whiskas Adult Pocket Tuna Cat Food,410,0,1,410,1200,FALSE,1
248,Packaged Food,Bagrrys Fruit N Fibre Muesli - Strawberry,595,0,1,595,1000,FALSE,1
249,Packaged Food,Bagrry's Fruit Fibre Muesli Mixed Fruit ,595,0,5,595,1000,FALSE,1
250,Packaged Food,Safal Frozen - Sweet Corn,160,5,0,152,1000,TRUE,1
251,Packaged Food,Yummiez Green Peas,250,0,0,250,1000,TRUE,1
252,Ice Cream & Desserts,iD Idli & Dosa Batter ,80,15,6,68,1000,FALSE,1
253,Ice Cream & Desserts,Quaker Oats,199,7,6,184,1000,FALSE,1
254,Ice Cream & Desserts,Safal Frozen - Mixed Vegetables,110,4,2,105,1000,FALSE,1
255,Ice Cream & Desserts,Kellogg's Real Almond & Honey Corn Flakes,550,5,3,520,1000,FALSE,1
256,Ice Cream & Desserts,Maggi Hot & Sweet - Tomato Chilli Sauce,170,10,1,153,1000,FALSE,1
257,Ice Cream & Desserts,KelloggÆs Chocos Protein And Fibre Of 1 Roti,499,11,6,444,1200,FALSE,1
258,Ice Cream & Desserts,Kellogg's Corn Flakes,425,9,1,383,1000,FALSE,1
259,Ice Cream & Desserts,Kelloggs Chocos - Moons & Stars,660,40,4,396,1200,FALSE,1
260,Ice Cream & Desserts,Quaker Oats Pouch,276,10,6,248,1500,FALSE,1
261,Ice Cream & Desserts,Whiskas Adult Pocket Tuna Cat Food,410,0,1,410,1200,FALSE,1
262,Ice Cream & Desserts,Bagrrys Fruit N Fibre Muesli - Strawberry,595,0,1,595,1000,FALSE,1
263,Ice Cream & Desserts,Bagrry's Fruit Fibre Muesli Mixed Fruit ,595,0,5,595,1000,FALSE,1
264,Ice Cream & Desserts,Safal Frozen - Sweet Corn,160,5,0,152,1000,TRUE,1
265,Ice Cream & Desserts,Yummiez Green Peas,250,0,0,250,1000,TRUE,1
266,Chocolates & Candies,iD Idli & Dosa Batter ,80,15,6,68,1000,FALSE,1
267,Chocolates & Candies,Quaker Oats,199,7,6,184,1000,FALSE,1
268,Chocolates & Candies,Safal Frozen - Mixed Vegetables,110,4,2,105,1000,FALSE,1
269,Chocolates & Candies,Kellogg's Real Almond & Honey Corn Flakes,550,5,3,520,1000,FALSE,1
270,Chocolates & Candies,Maggi Hot & Sweet - Tomato Chilli Sauce,170,10,1,153,1000,FALSE,1
271,Chocolates & Candies,KelloggÆs Chocos Protein And Fibre Of 1 Roti,499,11,6,444,1200,FALSE,1
272,Chocolates & Candies,Kellogg's Corn Flakes,425,9,1,383,1000,FALSE,1
273,Chocolates & Candies,Kelloggs Chocos - Moons & Stars,660,40,4,396,1200,FALSE,1
274,Chocolates & Candies,Quaker Oats Pouch,276,10,6,248,1500,FALSE,1
275,Chocolates & Candies,Whiskas Adult Pocket Tuna Cat Food,410,0,1,410,1200,FALSE,1
276,Chocolates & Candies,Bagrrys Fruit N Fibre Muesli - Strawberry,595,0,1,595,1000,FALSE,1
277,Cooking Essentials,Borges Extra Light Olive Oil Bottle ,2600,46,6,1399,2000,FALSE,2
278,Cooking Essentials,RRO Primio Refined Groundnut (Jar),490,11,6,436,2000,FALSE,2
279,Cooking Essentials,Pillsbury Atta/Godihittu - Chakki Fresh,102,7,4,94,2000,FALSE,2
280,Cooking Essentials,Saffola Gold Refined Cooking Oil (Jar),485,7,6,449,2000,FALSE,2
281,Fruits & Vegetables,Pear Green Imported,82,15,3,69,116,FALSE,2
282,Fruits & Vegetables,Guava Thai,70,15,3,59,116,FALSE,2
283,Fruits & Vegetables,Orange,54,16,3,45,116,FALSE,2
284,Fruits & Vegetables,Bell Peppers Red & Yellow ,118,16,3,99,116,FALSE,2
285,Fruits & Vegetables,Pomegranate ,106,16,3,89,116,FALSE,2
286,Fruits & Vegetables,Sweet Lime,30,16,3,25,116,FALSE,2
287,Fruits & Vegetables,Sweet Corn,36,16,3,30,116,FALSE,2
288,Munchies,Pillsbury Atta/Godihittu - Chakki Fresh,102,7,4,94,2000,FALSE,2
289,Munchies,Saffola Gold Refined Cooking Oil (Jar),485,7,6,449,2000,FALSE,2
290,Munchies,RRO Primio Refined Groundnut (Jar),490,11,6,436,2000,FALSE,2
291,Munchies,Borges Extra Light Olive Oil Bottle ,2600,46,6,1399,2000,FALSE,2
292,Personal Care,Bombay Shaving Company Sensitive Cartridges,375,0,2,375,116,FALSE,2
293,Personal Care,Gillete Mach3 ,260,10,6,234,116,FALSE,2
294,Personal Care,Gillette Mach 3 Start,249,0,6,249,116,FALSE,2
295,Health & Hygiene,Bombay Shaving Company Sensitive Cartridges,375,0,2,375,116,FALSE,2
296,Health & Hygiene,Vicks Inhaler with Keychain,105,9,4,95,116,FALSE,2
297,Home & Cleaning,Scotch-Brite Scrub Sponge Ideal For Dishwash Liquid,65,9,0,59,116,TRUE,2
298,Home & Cleaning,Chakaachak Power Scrub (Pack of 2),42,2,6,41,116,FALSE,2
299,Home & Cleaning,Ariel Matic Top Load Detergent Washing Powder,499,0,1,499,2000,FALSE,2
300,Home & Cleaning,Eveready Ultima Alkaline Battery AAA,68,0,6,68,116,FALSE,2
301,Home & Cleaning,Surf Excel Matic Front Load Detergent Powder,530,4,6,507,2000,FALSE,2
302,Home & Cleaning,Tide Plus Extra Power Lemon & Mint Detergent Powder,215,1,6,211,2000,FALSE,2
303,Home & Cleaning,Genteel Liquid Detegrent,320,0,6,320,2000,FALSE,2
304,Home & Cleaning,Chakaachak Sponge Scrubber (Pack of 2),45,2,6,44,116,FALSE,2
305,Home & Cleaning,Origami Kitchen Towels 2 In 1 Quilted 2ply,140,10,6,126,116,FALSE,2
306,Paan Corner,Bombay Shaving Company Sensitive Cartridges,375,0,2,375,116,FALSE,2
307,Paan Corner,Gillette Mach 3 Start,249,0,6,249,116,FALSE,2
308,Paan Corner,Gillete Mach3 ,260,10,6,234,116,FALSE,2
309,Paan Corner,Oral-B Charcoal Cross Cross Extra Soft Toothbrush (Buy 2 Get 1 Free),180,0,1,180,174,FALSE,3
310,Home & Cleaning,Chakaachak Super Scrub Pad (Pack of 3),35,2,2,34,174,FALSE,3
311,Home & Cleaning,Scotch Brite Sponge Wipes,200,0,2,200,174,FALSE,3
312,Home & Cleaning,Gala Iron Bull Scrub Pad,140,10,6,126,174,FALSE,3
313,Home & Cleaning,Ariel Matic Front Load Detergent Washing Powder,800,15,6,680,3000,FALSE,3
314,Home & Cleaning,Scotch Brite Silver Sparks Scrub Pad,90,10,6,81,348,FALSE,3
315,Home & Cleaning,Chakaachak Super Sponge Wipes (Pack of 3),140,0,6,140,174,FALSE,3
316,Health & Hygiene,Durex Air Ultra Thin Condoms,82,0,6,82,174,FALSE,3
317,Health & Hygiene,Durex Condoms Mutual Climax,120,0,6,120,174,FALSE,3
318,Personal Care,Oral-B Charcoal Cross Cross Extra Soft Toothbrush (Buy 2 Get 1 Free),180,0,1,180,174,FALSE,3
319,Chocolates & Candies,Pedigree Dog Food Adult Meat & Rice,660,7,2,608,3000,FALSE,3
320,Fruits & Vegetables,Onion,68,16,3,57,3000,FALSE,3
321,Fruits & Vegetables,Potato,100,16,3,84,3000,FALSE,3
322,Chocolates & Candies,Pedigree Puppy Dry Dog Food Food Chicken & Milk,690,6,2,648,3000,FALSE,3
323,Chocolates & Candies,Pedigree Dog Food Adult Chicken & Veg,660,10,1,594,3000,FALSE,3
324,Ice Cream & Desserts,Pedigree Puppy Dry Dog Food Food Chicken & Milk,690,6,2,648,3000,FALSE,3
325,Ice Cream & Desserts,Pedigree Dog Food Adult Chicken & Veg,660,10,1,594,3000,FALSE,3
326,Ice Cream & Desserts,Pedigree Dog Food Adult Meat & Rice,660,7,2,608,3000,FALSE,3
327,Packaged Food,Pedigree Dog Food Adult Meat & Rice,660,7,2,608,3000,FALSE,3
328,Packaged Food,Pedigree Dog Food Adult Chicken & Veg,660,10,1,594,3000,FALSE,3
329,Packaged Food,Pedigree Puppy Dry Dog Food Food Chicken & Milk,690,6,2,648,3000,FALSE,3
330,Fruits & Vegetables,Orange Nagpur,82,15,3,69,232,FALSE,4
331,Fruits & Vegetables,Apple Shimla,142,16,3,119,232,FALSE,4
332,Fruits & Vegetables,Apple Royal Gala,189,15,3,159,232,FALSE,4
333,Fruits & Vegetables,Guava,54,16,3,45,232,FALSE,4
334,Fruits & Vegetables,Apple Washington,177,15,3,149,232,FALSE,4
335,Fruits & Vegetables,Apple Kinnaur,142,16,6,119,232,FALSE,4
336,Personal Care,Gillette Mach 3 Mens Razor Blades,499,7,4,460,232,FALSE,4
337,Personal Care,Nivea Lip Balm Original Care for 24h Moisture with Shea Butter & Natural Oils,140,15,6,119,5,FALSE,4
338,Personal Care,Oral-B Charcoal Deep Clean Stain Removal Toothbrush Soft,99,0,3,99,232,FALSE,4
339,Personal Care,Colgate Zigzag Charcoal Soft Bristle Toothbrush - 4 Pcs,99,0,6,99,232,FALSE,4
340,Personal Care,Gillette Mach 3 Turbo Cartridges,649,10,6,578,232,FALSE,4
341,Personal Care,Nivea Lip Balm Soft Rose for 24h Moisture with Natural Oils Delicate Rose Shine,185,8,6,169,5,FALSE,4
342,Personal Care,Oral-B Criss Cross Medium Toothbrush (Buy 2 Get 2 Free),160,0,5,160,232,FALSE,4
343,Personal Care,Colgate Slim Soft Charcoal Toothbrush,150,18,4,123,232,FALSE,4
344,Personal Care,Colgate Zig Zag Charcoal Medium Toothbrush 4 Pcs,99,0,6,99,232,FALSE,4
345,Personal Care,Colgate Gentle Sensitive+ Toothbrush Pack Of 4,120,10,4,108,232,FALSE,4
346,Personal Care,Oral-B Charcoal Deep Clean Stain Removal Toothbrush Medium,99,0,1,99,232,FALSE,4
347,Personal Care,Oral-B Extra Soft Bristles Sensitive ,98,0,4,98,232,FALSE,4
348,Home & Cleaning,Surf Excel Matic Powder Front Load ,810,7,2,750,4000,FALSE,4
349,Home & Cleaning,Surf Excel Matic Top Load,720,9,4,649,4000,FALSE,4
350,Home & Cleaning,Surf Excel Quick Wash,600,8,1,549,4000,FALSE,4
351,Paan Corner,Colgate Slim Soft Charcoal Toothbrush,150,18,4,123,232,FALSE,4
352,Paan Corner,Nivea Lip Balm Soft Rose for 24h Moisture with Natural Oils Delicate Rose Shine,185,8,6,169,5,FALSE,4
353,Paan Corner,Gillette Mach 3 Turbo Cartridges,649,10,6,578,232,FALSE,4
354,Paan Corner,Colgate Zig Zag Charcoal Medium Toothbrush 4 Pcs,99,0,6,99,232,FALSE,4
355,Paan Corner,Colgate Zigzag Charcoal Soft Bristle Toothbrush - 4 Pcs,99,0,6,99,232,FALSE,4
356,Paan Corner,Colgate Gentle Sensitive+ Toothbrush Pack Of 4,120,10,4,108,232,FALSE,4
357,Paan Corner,Oral-B Charcoal Deep Clean Stain Removal Toothbrush Medium,99,0,1,99,232,FALSE,4
358,Paan Corner,Gillette Mach 3 Mens Razor Blades,499,7,4,460,232,FALSE,4
359,Paan Corner,Nivea Lip Balm Original Care for 24h Moisture with Shea Butter & Natural Oils,140,15,6,119,5,FALSE,4
360,Paan Corner,Oral-B Charcoal Deep Clean Stain Removal Toothbrush Soft,99,0,3,99,232,FALSE,4
361,Paan Corner,Oral-B Criss Cross Medium Toothbrush (Buy 2 Get 2 Free),160,0,5,160,232,FALSE,4
362,Paan Corner,Oral-B Extra Soft Bristles Sensitive ,98,0,4,98,232,FALSE,4
363,Home & Cleaning,Scotch Brite Scrub Pad,75,9,6,68,290,FALSE,5
364,Home & Cleaning,Om Bhakti Cow Dung Cakes ,16,0,6,16,290,FALSE,5
365,Home & Cleaning,Scotch Brite Sponge Wipe,330,10,6,297,290,FALSE,5
366,Home & Cleaning,Gala Scrubber Pad,75,9,5,68,290,FALSE,5
367,Paan Corner,Gillette Presto Ready Shaver 5 Cartridges ,88,6,6,82,290,FALSE,5
368,Personal Care,Gillette Presto Ready Shaver 5 Cartridges ,88,6,6,82,290,FALSE,5
369,Cooking Essentials,Aashirvaad Superior MP Atta,250,2,6,245,5000,FALSE,5
370,Cooking Essentials,Fortune Sunlite Refined Sunflower (Jar),925,0,6,925,5000,FALSE,5
371,Cooking Essentials,Dhara Kachi Ghani Mustard Oil Jar,1250,8,6,1143,5000,FALSE,5
372,Cooking Essentials,Dhara Health Refined Sun Flower Oil Jar,1200,18,6,984,5000,FALSE,5
373,Cooking Essentials,Fortune Soyabean Oil,1005,0,6,999,5000,FALSE,5
374,Cooking Essentials,Fortune Rozana Basmati Rice,585,21,6,462,5000,FALSE,5
375,Cooking Essentials,Fortune Rice Bran Health Oil (Jar),1050,1,6,1039,5000,FALSE,5
376,Cooking Essentials,Aashirvaad Select Sharbati Atta,315,10,6,283,5000,FALSE,5
377,Cooking Essentials,Popular Essentials Refined Sugar,295,10,6,265,5000,FALSE,5
378,Cooking Essentials,Saffola Gold (Jar),1240,0,6,1240,5000,FALSE,5
379,Cooking Essentials,Popular Essentials HMT Kolam Steam,370,10,6,333,5000,FALSE,5
380,Cooking Essentials,Dhara Filtered Groundnut Oil (Jar),1050,1,6,1035,5000,FALSE,5
381,Cooking Essentials,Popular Essentials Classic Sona Masuri Rice,430,10,6,387,5000,FALSE,5
382,Cooking Essentials,Dhara Filtered Groundnut Oil (Jar),1050,0,2,1050,5000,FALSE,5
383,Cooking Essentials,24 Mantra Sona Masuri Brown Rice,475,10,6,423,5000,FALSE,5
384,Cooking Essentials,Super Saver Kolam Rice Sortex Clean ,700,10,3,630,5000,FALSE,5
385,Cooking Essentials,Madhur Pure And Hygienic Sugar,295,9,0,266,5000,TRUE,5
386,Cooking Essentials,Aashirvaad Atta With Mutigrains,315,8,0,287,5000,TRUE,5
387,Cooking Essentials,Popular Essentials Rozana Sona Masuri Raw Rice,350,10,5,312,5000,FALSE,5
388,Cooking Essentials,Pillsbury Atta/Godihittu - Chakki Fresh,275,0,6,275,5000,FALSE,5
389,Cooking Essentials,Pillsbury Atta With Multigrains Wheat Grains,295,16,6,245,5000,FALSE,5
390,Munchies,Super Saver Kolam Rice Sortex Clean ,700,10,3,630,5000,FALSE,5
391,Munchies,Dhara Filtered Groundnut Oil (Jar),1050,0,2,1050,5000,FALSE,5
392,Munchies,24 Mantra Sona Masuri Brown Rice,475,10,6,423,5000,FALSE,5
393,Munchies,Aashirvaad Atta With Mutigrains,315,8,0,287,5000,TRUE,5
394,Munchies,Madhur Pure And Hygienic Sugar,295,9,0,266,5000,TRUE,5
395,Munchies,Popular Essentials Classic Sona Masuri Rice,430,10,6,387,5000,FALSE,5
396,Munchies,Popular Essentials Rozana Sona Masuri Raw Rice,350,10,5,312,5000,FALSE,5
397,Munchies,Fortune Rozana Basmati Rice,585,21,6,462,5000,FALSE,5
398,Munchies,Saffola Gold (Jar),1240,0,6,1240,5000,FALSE,5
399,Munchies,Fortune Rice Bran Health Oil (Jar),1050,1,6,1039,5000,FALSE,5
400,Munchies,Aashirvaad Select Sharbati Atta,315,10,6,283,5000,FALSE,5
401,Munchies,Popular Essentials Refined Sugar,295,10,6,265,5000,FALSE,5
402,Munchies,Dhara Kachi Ghani Mustard Oil Jar,1250,8,6,1143,5000,FALSE,5
403,Munchies,Dhara Health Refined Sun Flower Oil Jar,1200,18,6,984,5000,FALSE,5
404,Munchies,Fortune Soyabean Oil,1005,0,6,999,5000,FALSE,5
405,Munchies,Fortune Sunlite Refined Sunflower (Jar),925,0,6,925,5000,FALSE,5
406,Munchies,Aashirvaad Superior MP Atta,250,2,6,245,5000,FALSE,5
407,Munchies,Popular Essentials HMT Kolam Steam,370,10,6,333,5000,FALSE,5
408,Munchies,Dhara Filtered Groundnut Oil (Jar),1050,1,6,1035,5000,FALSE,5
409,Munchies,Pillsbury Atta/Godihittu - Chakki Fresh,275,0,6,275,5000,FALSE,5
410,Munchies,Pillsbury Atta With Multigrains Wheat Grains,295,16,6,245,5000,FALSE,5
411,Munchies,Arden Eggs White,65,15,4,55,348,FALSE,6
412,Munchies,Arden Eggs Brown,85,7,4,79,348,FALSE,6
413,Munchies,Arden Desi Eggs,110,13,4,95,348,FALSE,6
414,Beverages,Arden Desi Eggs,110,13,4,95,348,FALSE,6
415,Beverages,Suguna Sharp Egg ,72,13,3,62,348,FALSE,6
416,Beverages,Arden Eggs White,65,15,4,55,348,FALSE,6
417,Beverages,Arden Eggs Brown,85,7,4,79,348,FALSE,6
418,Cooking Essentials,Arden Desi Eggs,110,13,4,95,348,FALSE,6
419,Cooking Essentials,Arden Eggs White,65,15,4,55,348,FALSE,6
420,Cooking Essentials,Arden Eggs Brown,85,7,4,79,348,FALSE,6
421,Fruits & Vegetables,Banana Elaichi ,58,15,3,49,348,FALSE,6
422,Fruits & Vegetables,Sapota,30,16,3,25,348,FALSE,6
423,Fruits & Vegetables,Banana Robusta,29,17,3,24,348,FALSE,6
424,Beverages,Suguna Vitamin D Egg,75,17,0,62,348,TRUE,6
425,Beverages,Suguna Nourish Egg ,72,16,0,60,348,TRUE,6
426,Beverages,Suguna Active - DHA,72,13,4,62,348,FALSE,6
427,Beverages,Suguna Heart- Omega3,72,13,4,62,348,FALSE,6
428,Beverages,Suguna Fit Egg,120,43,4,68,348,FALSE,6
429,Personal Care,Colgate Zig Zag Toothbrush,120,0,3,120,348,FALSE,6
430,Home & Cleaning,Kiwi Dranex Drain Cleaner,135,9,1,122,348,FALSE,6
431,Home & Cleaning,Eveready Ultima Alkaline AA Cell Battery-6 Pc Pack,210,10,6,189,348,FALSE,6
432,Paan Corner,Colgate Zig Zag Toothbrush,120,0,3,120,348,FALSE,6
433,Paan Corner,Stayfree Secure Dry Cover Regular Sanitary Pad With Wings,30,3,6,29,406,FALSE,7
434,Paan Corner,Stayfree Dry-Max All Night Ultra-Dry Sanitary Pad,90,10,6,81,406,FALSE,7
435,Paan Corner,Whisper Bindazzz Nights XL + Sanitary Pad,90,0,0,90,406,TRUE,7
436,Paan Corner,Whisper Choice Sanitary Pad ,32,9,0,29,406,TRUE,7
437,Paan Corner,Stayfree Secure Cottony Soft Cover Sanitary Pad (Regular) with Wings,30,3,0,29,406,TRUE,7
438,Paan Corner,Whisper Choice Regular Wing Sanitary Pad,30,0,2,30,406,FALSE,7
439,Paan Corner,Stayfree Secure Dry Cover Extra Large Sanitary Pad,42,2,0,41,406,TRUE,7
440,Health & Hygiene,Whisper Choice Regular Wing Sanitary Pad,30,0,2,30,406,FALSE,7
441,Health & Hygiene,Stayfree Secure Dry Cover Regular Sanitary Pad With Wings,30,3,6,29,406,FALSE,7
442,Health & Hygiene,Stayfree Dry-Max All Night Ultra-Dry Sanitary Pad,90,10,6,81,406,FALSE,7
443,Health & Hygiene,Stayfree Secure Cottony Soft Cover Sanitary Pad (Regular) with Wings,30,3,0,29,406,TRUE,7
444,Health & Hygiene,Whisper Choice Sanitary Pad ,32,9,0,29,406,TRUE,7
445,Health & Hygiene,Whisper Bindazzz Nights XL + Sanitary Pad,90,0,0,90,406,TRUE,7
446,Personal Care,Stayfree Secure Dry Cover Regular Sanitary Pad With Wings,30,3,6,29,406,FALSE,7
447,Personal Care,Stayfree Secure Cottony Soft Cover Sanitary Pad (Regular) with Wings,30,3,0,29,406,TRUE,7
448,Personal Care,Whisper Bindazzz Nights XL + Sanitary Pad,90,0,0,90,406,TRUE,7
449,Personal Care,Whisper Choice Sanitary Pad ,32,9,0,29,406,TRUE,7
450,Personal Care,Stayfree Secure Dry Cover Extra Large Sanitary Pad,42,2,0,41,406,TRUE,7
451,Personal Care,Stayfree Dry-Max All Night Ultra-Dry Sanitary Pad,90,10,6,81,406,FALSE,7
452,Personal Care,Whisper Choice Regular Wing Sanitary Pad,30,0,2,30,406,FALSE,7
453,Health & Hygiene,Stayfree Secure Dry Cover Extra Large Sanitary Pad,42,2,0,41,406,TRUE,7
454,Health & Hygiene,Iodex Body Pain Expert ,40,2,6,39,8,FALSE,8
455,Health & Hygiene,Zandu Balm Ulter Power For Strong Headache Bodyache & Cold,45,8,6,41,8,FALSE,8
456,Health & Hygiene,Zandu Balm,40,10,4,36,8,FALSE,8
457,Home & Cleaning,Good Knight Fabric Personal Mosquito Repellent Roll On,75,0,3,75,8,FALSE,8
458,Paan Corner,Nivea Body Shea Smooth with Shea Butter for Dry Skin,425,20,5,340,400,FALSE,9
459,Personal Care,Nivea Body Shea Smooth with Shea Butter for Dry Skin,425,20,5,340,400,FALSE,9
460,Cooking Essentials,Keya Oregano,109,10,5,98,9,FALSE,9
461,Munchies,Keya Oregano,109,10,5,98,9,FALSE,9
462,Munchies,Pillsbury Chakki Fresh Atta,450,16,6,375,10000,FALSE,10
463,Munchies,Aashirvaad Atta,460,13,6,399,10000,FALSE,10
464,Cooking Essentials,Pillsbury Chakki Fresh Atta,450,16,6,375,10000,FALSE,10
465,Cooking Essentials,Aashirvaad Atta,460,13,6,399,10000,FALSE,10
466,Packaged Food,Prasuma Vegetable Momos,150,0,5,150,580,FALSE,10
467,Ice Cream & Desserts,Prasuma Vegetable Momos,150,0,5,150,580,FALSE,10
468,Chocolates & Candies,Prasuma Vegetable Momos,150,0,5,150,580,FALSE,10
469,Personal Care,Godrej Aer Power Pocket - Long Lasting Bathroom Fragrance Floral Delight,55,0,6,55,10,FALSE,10
470,Paan Corner,Godrej Aer Power Pocket - Long Lasting Bathroom Fragrance Floral Delight,55,0,6,55,10,FALSE,10
471,Home & Cleaning,Odonil Zipper Blissful Citrus,55,0,1,55,10,FALSE,10
472,Home & Cleaning,Godrej Aer Power Pocket - Long Lasting Bathroom Fragrance Lavender Bloom,55,0,4,55,10,FALSE,10
473,Home & Cleaning,Eveready AA pack of 10 ,150,4,6,143,580,FALSE,10
474,Home & Cleaning,Godrej Aer Power Pocket Berry Rush,55,0,3,55,10,FALSE,10
475,Home & Cleaning,Eveready 1012 Carbon Zinc AAA Battery,150,4,2,143,580,FALSE,10
476,Home & Cleaning,Godrej Aer Power Pocket - Long Lasting Bathroom Fragrance Fresh Blossom,55,0,6,55,10,FALSE,10
477,Health & Hygiene,Durex Extra Time Condoms,228,10,6,205,580,FALSE,10
478,Health & Hygiene,Durex Air Ultra Thin Condom,245,10,6,220,580,FALSE,10
479,Home & Cleaning,Scotch Brite Multi-Purpose Sponge Wipes,700,17,6,581,580,FALSE,10
480,Health & Hygiene,Durex Extra Dots Condoms,228,10,6,205,580,FALSE,10
481,Health & Hygiene,Durex Extra Ribbed Condoms,245,10,2,220,580,FALSE,10
482,Health & Hygiene,Durex Extra Thin Bubblegum Condom,150,10,6,135,580,FALSE,10
483,Health & Hygiene,Durex Extra Thin Condoms,228,10,6,205,580,FALSE,10
484,Health & Hygiene,Durex Mutual Climax Condoms,360,15,6,306,580,FALSE,10
485,Health & Hygiene,Moov Cream Regular,50,6,4,47,10,FALSE,10
486,Home & Cleaning,Origami So Soft Tissue Roll 3 Ply,390,11,6,347,696,FALSE,12
487,Home & Cleaning,Shubh kart - Shubhkart Sambrani Cup Black 12n,80,6,4,75,696,FALSE,12
488,Biscuits,Lotte Choco Pie ,150,20,6,120,696,FALSE,12
489,Beverages,Suguna Nourish Egg,62,0,0,62,696,TRUE,12
490,Cooking Essentials,Arden Eggs White,97,0,4,97,696,FALSE,12
491,Munchies,Arden Eggs White,97,0,4,97,696,FALSE,12
492,Beverages,Arden Eggs White,97,0,4,97,696,FALSE,12
493,Munchies,On1y Mixed Herbs,99,0,6,99,14,FALSE,14
494,Cooking Essentials,On1y Mixed Herbs,99,0,6,99,14,FALSE,14
495,Personal Care,Stayfree Advanced XL Ultra Comfort Sanitary napkins with Wings,175,0,3,175,812,FALSE,14
496,Health & Hygiene,Stayfree Advanced XL Ultra Comfort Sanitary napkins with Wings,175,0,3,175,812,FALSE,14
497,Paan Corner,Stayfree Advanced XL Ultra Comfort Sanitary napkins with Wings,175,0,3,175,812,FALSE,14
498,Paan Corner,Whisper Ultra Clean XL Plus Sanitary Pad,155,0,6,155,870,FALSE,15
499,Paan Corner,Whisper Ultra Clean XL Plus Sanitary Pad,175,0,5,175,870,FALSE,15
500,Health & Hygiene,Moov Pain Relief Specialist,75,5,6,71,15,FALSE,15
501,Health & Hygiene,Whisper Ultra Clean XL Plus Sanitary Pad,155,0,6,155,870,FALSE,15
502,Health & Hygiene,Whisper Ultra Clean XL Plus Sanitary Pad,175,0,5,175,870,FALSE,15
503,Home & Cleaning,Om Bhakti Kumkum ,12,0,6,12,15,FALSE,15
504,Home & Cleaning,Om Bhakti Haldi ,12,0,4,12,15,FALSE,15
505,Home & Cleaning,Fevistik Super Glue Stick,40,2,6,39,15,FALSE,15
506,Paan Corner,Whisper Bindazzz Night Sanitary Pads XL Plus,185,0,0,185,870,TRUE,15
507,Personal Care,Whisper Ultra Clean XL Plus Sanitary Pad,155,0,6,155,870,FALSE,15
508,Personal Care,Whisper Bindazzz Night Sanitary Pads XL Plus,185,0,0,185,870,TRUE,15
509,Personal Care,Whisper Ultra Clean XL Plus Sanitary Pad,175,0,5,175,870,FALSE,15
510,Health & Hygiene,Whisper Bindazzz Night Sanitary Pads XL Plus,185,0,0,185,870,TRUE,15
511,Packaged Food,Ching's Secret Manchow Instant Soup,10,0,1,10,15,FALSE,15
512,Packaged Food,Chings Instant Soup - Hot & Sour,10,0,1,10,15,FALSE,15
513,Packaged Food,Ching's Secret Tomato Instant Soup,10,0,1,10,16,FALSE,15
514,Packaged Food,Chings Instant Soup - Sweet Corn Veg,10,0,2,10,15,FALSE,15
515,Packaged Food,Ching's Secret Mix Veg Instant Soup,10,0,3,10,15,FALSE,15
516,Packaged Food,Ching's Secret Lemon Coriander Instant Soup,15,0,5,15,15,FALSE,15
517,Packaged Food,Ching's Secret Asian Hot Instant Soup,15,0,3,15,15,FALSE,15
518,Ice Cream & Desserts,Ching's Secret Tomato Instant Soup,10,0,1,10,16,FALSE,15
519,Ice Cream & Desserts,Ching's Secret Manchow Instant Soup,10,0,1,10,15,FALSE,15
520,Ice Cream & Desserts,Chings Instant Soup - Hot & Sour,10,0,1,10,15,FALSE,15
521,Ice Cream & Desserts,Chings Instant Soup - Sweet Corn Veg,10,0,2,10,15,FALSE,15
522,Chocolates & Candies,Ching's Secret Mix Veg Instant Soup,10,0,3,10,15,FALSE,15
523,Chocolates & Candies,Ching's Secret Asian Hot Instant Soup,15,0,3,15,15,FALSE,15
524,Chocolates & Candies,Ching's Secret Tomato Instant Soup,10,0,1,10,16,FALSE,15
525,Chocolates & Candies,Ching's Secret Manchow Instant Soup,10,0,1,10,15,FALSE,15
526,Chocolates & Candies,Chings Instant Soup - Hot & Sour,10,0,1,10,15,FALSE,15
527,Chocolates & Candies,Chings Instant Soup - Sweet Corn Veg,10,0,2,10,15,FALSE,15
528,Chocolates & Candies,Ching's Secret Lemon Coriander Instant Soup,15,0,5,15,15,FALSE,15
529,Ice Cream & Desserts,Ching's Secret Lemon Coriander Instant Soup,15,0,5,15,15,FALSE,15
530,Ice Cream & Desserts,Ching's Secret Asian Hot Instant Soup,15,0,3,15,15,FALSE,15
531,Ice Cream & Desserts,Ching's Secret Mix Veg Instant Soup,10,0,3,10,15,FALSE,15
532,Paan Corner,Godrej Nupur û 100% Pure Henna (Mehendi),10,0,6,10,18,FALSE,18
533,Personal Care,Godrej Nupur û 100% Pure Henna (Mehendi),10,0,6,10,18,FALSE,18
534,Personal Care,Godrej Expert Creme Hair Natural Brown Colour ,30,0,6,30,20,FALSE,20
535,Personal Care,Johnson's Baby Skincare Wipes,79,6,6,74,1160,FALSE,20
536,Chocolates & Candies,Ching's Chow Mein Hakka Noodles Masala,10,0,0,10,20,TRUE,20
537,Paan Corner,Godrej Expert Creme Hair Natural Brown Colour ,30,0,6,30,20,FALSE,20
538,Personal Care,Whisper Choice Regular Sanitary Pads,90,3,0,87,58,TRUE,20
539,Personal Care,Himalaya Diaper Rash Cream,80,10,2,72,20,FALSE,20
540,Personal Care,Whisper Daily Liners Clean and Fresh,105,0,4,105,1160,FALSE,20
541,Personal Care,Veet Full Body Waxing Kit,235,7,6,218,1160,FALSE,20
542,Personal Care,Stayfree Secure XL Size Sanitary Napkins,115,0,5,115,1160,FALSE,20
543,Personal Care,Godrej Easy Natural Black Hair Colour,25,0,5,25,20,FALSE,20
544,Personal Care,Whisper Choice Ultra XL Sanitary Pad,133,2,5,130,1160,FALSE,20
545,Personal Care,Veet Full Body Waxing Kit For Dry Skin,235,7,6,218,1160,FALSE,20
546,Personal Care,Whisper Choice Regular Sanitary Pads,90,0,6,90,1160,FALSE,20
547,Personal Care,Godrej Easy 5 Minute Natural Brown 4 Hair Colour,29,0,5,29,20,FALSE,20
548,Home & Cleaning,Origami Disposable Spoons,80,10,3,72,1160,FALSE,20
549,Home & Cleaning,Shubh kart - Nirmal sugandhi mogra wet dhoop zipper 20 sticks,30,6,6,28,1160,FALSE,20
550,Home & Cleaning,Apsara Non Dust Eraser,60,10,5,54,1160,FALSE,20
551,Health & Hygiene,Vicks Cough Drops Menthol,20,0,6,20,1160,FALSE,20
552,Health & Hygiene,Whisper Choice Ultra XL Sanitary Pad,133,2,5,130,1160,FALSE,20
553,Health & Hygiene,Veet Full Body Waxing Kit For Dry Skin,235,7,6,218,1160,FALSE,20
554,Health & Hygiene,Whisper Choice Regular Sanitary Pads,90,0,6,90,1160,FALSE,20
555,Health & Hygiene,Whisper Daily Liners Clean and Fresh,105,0,4,105,1160,FALSE,20
556,Health & Hygiene,Stayfree Secure XL Size Sanitary Napkins,115,0,5,115,1160,FALSE,20
557,Health & Hygiene,Whisper Choice Regular Sanitary Pads,90,3,0,87,58,TRUE,20
558,Paan Corner,Godrej Easy Natural Black Hair Colour,25,0,5,25,20,FALSE,20
559,Paan Corner,Whisper Choice Ultra XL Sanitary Pad,133,2,5,130,1160,FALSE,20
560,Paan Corner,Godrej Easy 5 Minute Natural Brown 4 Hair Colour,29,0,5,29,20,FALSE,20
561,Paan Corner,Johnson's Baby Skincare Wipes,79,6,6,74,1160,FALSE,20
562,Paan Corner,Veet Full Body Waxing Kit For Dry Skin,235,7,6,218,1160,FALSE,20
563,Paan Corner,Whisper Choice Regular Sanitary Pads,90,0,6,90,1160,FALSE,20
564,Paan Corner,Whisper Daily Liners Clean and Fresh,105,0,4,105,1160,FALSE,20
565,Paan Corner,Veet Full Body Waxing Kit,235,7,6,218,1160,FALSE,20
566,Paan Corner,Himalaya Diaper Rash Cream,80,10,2,72,20,FALSE,20
567,Paan Corner,Whisper Choice Regular Sanitary Pads,90,3,0,87,58,TRUE,20
568,Paan Corner,Stayfree Secure XL Size Sanitary Napkins,115,0,5,115,1160,FALSE,20
569,Ice Cream & Desserts,Ching's Secret Tomato Oats Instant Soup,15,0,3,15,20,FALSE,20
570,Ice Cream & Desserts,Ching's Chow Mein Hakka Noodles Masala,10,0,0,10,20,TRUE,20
571,Chocolates & Candies,Ching's Secret Tomato Oats Instant Soup,15,0,3,15,20,FALSE,20
572,Chocolates & Candies,Ching's Secret Schezwan Fried Rice Masala,15,0,6,15,20,FALSE,20
573,Chocolates & Candies,Switz Spring Roll Dough Sheets,90,4,6,86,1160,FALSE,20
574,Chocolates & Candies,Ching's Secret Manchow Noodles Instant Soup,15,0,6,15,20,FALSE,20
575,Ice Cream & Desserts,Ching's Secret Schezwan Fried Rice Masala,15,0,6,15,20,FALSE,20
576,Ice Cream & Desserts,Switz Spring Roll Dough Sheets,90,4,6,86,1160,FALSE,20
577,Ice Cream & Desserts,Ching's Secret Manchow Noodles Instant Soup,15,0,6,15,20,FALSE,20
578,Packaged Food,Ching's Chow Mein Hakka Noodles Masala,10,0,0,10,20,TRUE,20
579,Packaged Food,Ching's Secret Tomato Oats Instant Soup,15,0,3,15,20,FALSE,20
580,Packaged Food,Ching's Secret Manchow Noodles Instant Soup,15,0,6,15,20,FALSE,20
581,Packaged Food,Switz Spring Roll Dough Sheets,90,4,6,86,1160,FALSE,20
582,Packaged Food,Ching's Secret Schezwan Fried Rice Masala,15,0,6,15,20,FALSE,20
583,Cooking Essentials,Flying Bird Pineapple Artifical Food Essence,50,2,6,49,20,FALSE,20
584,Cooking Essentials,Ching's Chow Mein Hakka Noodles Masala,10,0,0,10,20,TRUE,20
585,Cooking Essentials,Everest Kesari Milk Masala,205,0,6,205,50,FALSE,20
586,Cooking Essentials,Flying Bird Food Essence - Kewra,50,0,6,50,20,FALSE,20
587,Cooking Essentials,Flying Bird Premium Orange Artificial Food Essence,60,0,6,60,20,FALSE,20
588,Cooking Essentials,Ching's Secret Paneer Chilli Masala,10,0,2,10,20,FALSE,20
589,Cooking Essentials,Ching's Secret Chicken 65 Masala - Chicken,10,0,5,10,20,FALSE,20
590,Cooking Essentials,Flying Bird Butter Scotch Essence,50,2,6,49,20,FALSE,20
591,Cooking Essentials,Popular Essentials Mace/Javitri,90,10,3,81,20,FALSE,20
592,Cooking Essentials,Flying Bird Vanilla Essence,35,2,6,34,20,FALSE,20
593,Cooking Essentials,Ching's Veg Manchurian Masala,10,0,2,10,20,FALSE,20
594,Cooking Essentials,Ching's Chicken Chilli Masala,10,0,6,10,20,FALSE,20
595,Munchies,Flying Bird Pineapple Artifical Food Essence,50,2,6,49,20,FALSE,20
596,Munchies,Popular Essentials Mace/Javitri,90,10,3,81,20,FALSE,20
597,Munchies,Flying Bird Butter Scotch Essence,50,2,6,49,20,FALSE,20
598,Munchies,Ching's Chow Mein Hakka Noodles Masala,10,0,0,10,20,TRUE,20
599,Munchies,Flying Bird Food Essence - Kewra,50,0,6,50,20,FALSE,20
600,Munchies,Flying Bird Premium Orange Artificial Food Essence,60,0,6,60,20,FALSE,20
601,Munchies,Everest Kesari Milk Masala,205,0,6,205,50,FALSE,20
602,Munchies,Ching's Chicken Chilli Masala,10,0,6,10,20,FALSE,20
603,Munchies,Ching's Veg Manchurian Masala,10,0,2,10,20,FALSE,20
604,Munchies,Flying Bird Vanilla Essence,35,2,6,34,20,FALSE,20
605,Munchies,Ching's Secret Paneer Chilli Masala,10,0,2,10,20,FALSE,20
606,Munchies,Ching's Secret Chicken 65 Masala - Chicken,10,0,5,10,20,FALSE,20
607,Packaged Food,Prasuma Vegetable Momos,270,0,5,270,24,FALSE,24
608,Packaged Food,Prasuma Momos -  Cheesy Spicy Veg,295,0,6,295,24,FALSE,24
609,Ice Cream & Desserts,Prasuma Vegetable Momos,270,0,5,270,24,FALSE,24
610,Chocolates & Candies,Prasuma Vegetable Momos,270,0,5,270,24,FALSE,24
611,Chocolates & Candies,Prasuma Momos -  Cheesy Spicy Veg,295,0,6,295,24,FALSE,24
612,Ice Cream & Desserts,Prasuma Momos -  Cheesy Spicy Veg,295,0,6,295,24,FALSE,24
613,Paan Corner,Pampers Active Baby Diapers New Born Extra Small,360,10,6,324,24,FALSE,24
614,Paan Corner,Pampers Premium Care New Baby Pants,320,0,4,320,24,FALSE,24
615,Paan Corner,Comfy Baby Pants XL 12-17 kg,429,15,1,364,24,FALSE,24
616,Paan Corner,Fem Fairness Naturals Gold Skin Bleach,65,9,3,59,24,FALSE,24
617,Personal Care,Comfy Baby Pants XL 12-17 kg,429,15,1,364,24,FALSE,24
618,Personal Care,Fem Fairness Naturals Gold Skin Bleach,65,9,3,59,24,FALSE,24
619,Personal Care,Pampers Active Baby Diapers New Born Extra Small,360,10,6,324,24,FALSE,24
620,Personal Care,Pampers Premium Care New Baby Pants,320,0,4,320,24,FALSE,24
621,Personal Care,Himalaya Moisturising Aloe Vera Facial Wipes,100,10,6,90,25,FALSE,25
622,Personal Care,Origami Aloe Vera Wipes,75,13,4,65,25,FALSE,25
623,Biscuits,Open Secret Choco Almond Tiffin Pack,35,22,3,27,25,FALSE,25
624,Biscuits,Open Secret White Choco Tiffin Pack,35,22,1,27,25,FALSE,25
625,Paan Corner,Origami Aloe Vera Wipes,75,13,4,65,25,FALSE,25
626,Paan Corner,Himalaya Moisturising Aloe Vera Facial Wipes,100,10,6,90,25,FALSE,25
627,Health & Hygiene,Dabur - Chyawanprash,99,0,1,99,250,FALSE,25
628,Health & Hygiene,Vicks BabyRub,105,11,6,93,25,FALSE,25
629,Health & Hygiene,Zandu Balm,85,10,5,76,25,FALSE,25
630,Health & Hygiene,Vicks Vaporub,85,9,6,77,25,FALSE,25
631,Home & Cleaning,Surabhi Pure Camphor,50,2,6,49,25,FALSE,25
632,Home & Cleaning,Om Bhakti Camphor Small,79,10,6,71,25,FALSE,25
633,Home & Cleaning,Aro Aluminium Container with Lid 230 ml,75,9,3,68,25,FALSE,25
634,Home & Cleaning,Odomos Mosquito Repellent Cream,25,0,1,25,23,FALSE,25
635,Munchies,Popular Essentials Star Anise,70,10,5,63,25,FALSE,25
636,Munchies,Everest Kasuri Methi,25,0,6,25,25,FALSE,25
637,Munchies,Popular Essentials Cinnamon Whole (Dalchini),35,5,6,33,25,FALSE,25
638,Cooking Essentials,Popular Essentials Cinnamon Whole (Dalchini),35,5,6,33,25,FALSE,25
639,Cooking Essentials,Popular Essentials Star Anise,70,10,5,63,25,FALSE,25
640,Cooking Essentials,Everest Kasuri Methi,25,0,6,25,25,FALSE,25
641,Home & Cleaning,Harpic Hygienic Toilet Cleaner Rim Block Citrus,82,6,6,77,26,FALSE,26
642,Home & Cleaning,Harpic Hygienic Toilet Cleaner Rim Block Jasmine,82,6,4,77,26,FALSE,26
643,Paan Corner,Oxylife Natural Radiance 5 Creme Bleach - With Active Oxygen,82,9,0,74,27,TRUE,27
644,Health & Hygiene,Amrutanjan Pain Balm Extra Power,100,11,6,89,28,FALSE,27
645,Personal Care,Oxylife Natural Radiance 5 Creme Bleach - With Active Oxygen,82,9,0,74,27,TRUE,27
646,Chocolates & Candies,The Whole Truth Double Cocoa Mini Protein Bar No Sugar,55,20,5,44,27,FALSE,27
647,Chocolates & Candies,The Whole Truth Peanut Cocoa Mini Protein Bar No Sugar ,55,25,6,41,27,FALSE,27
648,Chocolates & Candies,The Whole Truth Cranberry Mini Protein Bar No Sugar,55,20,6,44,27,FALSE,27
649,Chocolates & Candies,The Whole Truth Mini Protein Bar - Coffee Cocoa No Added Sugar,55,20,6,44,27,FALSE,27
650,Chocolates & Candies,The Whole Truth Mini Protein Bar - Coconut Cocoa No Added Sugar,55,25,6,41,27,FALSE,27
651,Chocolates & Candies,The Whole Truth Mini Protein Bar - Peanut Butter No Added Sugar,55,25,6,41,27,FALSE,27
652,Ice Cream & Desserts,The Whole Truth Double Cocoa Mini Protein Bar No Sugar,55,20,5,44,27,FALSE,27
653,Ice Cream & Desserts,The Whole Truth Mini Protein Bar - Peanut Butter No Added Sugar,55,25,6,41,27,FALSE,27
654,Ice Cream & Desserts,The Whole Truth Mini Protein Bar - Coconut Cocoa No Added Sugar,55,25,6,41,27,FALSE,27
655,Ice Cream & Desserts,The Whole Truth Peanut Cocoa Mini Protein Bar No Sugar ,55,25,6,41,27,FALSE,27
656,Ice Cream & Desserts,The Whole Truth Cranberry Mini Protein Bar No Sugar,55,20,6,44,27,FALSE,27
657,Ice Cream & Desserts,The Whole Truth Mini Protein Bar - Coffee Cocoa No Added Sugar,55,20,6,44,27,FALSE,27
658,Packaged Food,The Whole Truth Mini Protein Bar - Peanut Butter No Added Sugar,55,25,6,41,27,FALSE,27
659,Packaged Food,The Whole Truth Peanut Cocoa Mini Protein Bar No Sugar ,55,25,6,41,27,FALSE,27
660,Packaged Food,The Whole Truth Double Cocoa Mini Protein Bar No Sugar,55,20,5,44,27,FALSE,27
661,Packaged Food,The Whole Truth Mini Protein Bar - Coconut Cocoa No Added Sugar,55,25,6,41,27,FALSE,27
662,Packaged Food,The Whole Truth Cranberry Mini Protein Bar No Sugar,55,20,6,44,27,FALSE,27
663,Packaged Food,The Whole Truth Mini Protein Bar - Coffee Cocoa No Added Sugar,55,20,6,44,27,FALSE,27
664,Cooking Essentials,On1y Pizza Seasoning,99,0,6,99,28,FALSE,28
665,Munchies,On1y Pizza Seasoning,99,0,6,99,28,FALSE,28
666,Personal Care,Stayfree Dry Max All Night XL Dry Cover Sanitary Pads,340,12,6,298,28,FALSE,28
667,Biscuits,Britannia Roll Yo! Choco Swiss Roll (With Egg),10,0,0,10,28,TRUE,28
668,Biscuits,Britannia Roll Yo! Strawberry Swiss Roll,10,0,0,10,28,TRUE,28
669,Health & Hygiene,Stayfree Dry Max All Night XL Dry Cover Sanitary Pads,340,12,6,298,28,FALSE,28
670,Paan Corner,Stayfree Dry Max All Night XL Dry Cover Sanitary Pads,340,12,6,298,28,FALSE,28
671,Paan Corner,Neutrogena Ultra Sheer Dry Touch SPF 50+ Sunblock Sunscreen Lotion,250,10,3,225,30,FALSE,30
672,Paan Corner,Whisper Ultra Soft XL+ Sanitary Pads,330,2,6,323,30,FALSE,30
673,Paan Corner,Whisper Ultra Soft Air Fresh Sanitary Pads (XL) with Wings,315,0,4,315,30,FALSE,30
674,Paan Corner,Mamaearth Skin Correct Face Serum,599,15,1,509,30,FALSE,30
675,Health & Hygiene,Whisper Ultra Soft Air Fresh Sanitary Pads (XL) with Wings,315,0,4,315,30,FALSE,30
676,Health & Hygiene,Whisper Ultra Soft XL+ Sanitary Pads,330,2,6,323,30,FALSE,30
677,Health & Hygiene,Dabur Ayurvedic Tulsi Drops (Immunity Booster),195,6,6,182,30,FALSE,30
678,Home & Cleaning,Om Bhakti Wick for Diya - Ghee Cotton Wicks Small ,139,10,6,125,30,FALSE,30
679,Home & Cleaning,Om Bhakti Wick for Diya - Vanaspati Ghee Cotton Wicks Small ,69,11,6,61,30,FALSE,30
680,Home & Cleaning,A1 Biodegradable Garbage Dustbin Bags,69,0,6,69,30,FALSE,30
681,Home & Cleaning,Om Bhakti Wick for Diya - Ghee Cotton Wicks Big ,189,10,6,170,30,FALSE,30
682,Personal Care,Whisper Ultra Soft XL+ Sanitary Pads,330,2,6,323,30,FALSE,30
683,Personal Care,Neutrogena Ultra Sheer Dry Touch SPF 50+ Sunblock Sunscreen Lotion,250,10,3,225,30,FALSE,30
684,Personal Care,Whisper Ultra Soft Air Fresh Sanitary Pads (XL) with Wings,315,0,4,315,30,FALSE,30
685,Personal Care,Mamaearth Skin Correct Face Serum,599,15,1,509,30,FALSE,30
686,Munchies,On1y Pasta Seasoning,99,0,6,99,30,FALSE,30
687,Cooking Essentials,On1y Pasta Seasoning,99,0,6,99,30,FALSE,30
688,Packaged Food,Unibic Fruit & Nut Real Cranberries & Almonds Protein Bar,40,17,6,33,30,FALSE,30
689,Packaged Food,Unibic Almond & Oats Protein Bar,40,17,4,33,30,FALSE,30
690,Ice Cream & Desserts,Unibic Fruit & Nut Real Cranberries & Almonds Protein Bar,40,17,6,33,30,FALSE,30
691,Ice Cream & Desserts,Unibic Almond & Oats Protein Bar,40,17,4,33,30,FALSE,30
692,Chocolates & Candies,Unibic Fruit & Nut Real Cranberries & Almonds Protein Bar,40,17,6,33,30,FALSE,30
693,Chocolates & Candies,Unibic Almond & Oats Protein Bar,40,17,4,33,30,FALSE,30
694,Cooking Essentials,Keya Italian Seasoning,109,10,6,98,35,FALSE,35
695,Munchies,Keya Italian Seasoning,109,10,6,98,35,FALSE,35
696,Home & Cleaning,Harpic Power Fresh 6 Toilet Cleaner Rim Block Floral Delight,188,10,6,169,35,FALSE,35
697,Home & Cleaning,Harpic Power Fresh 6 Toilet Cleaner Rim Block Marine Splash,188,10,4,169,35,FALSE,35
698,Health & Hygiene,Moov Pain Relief Specialist Spray,149,5,5,141,35,FALSE,35
699,Chocolates & Candies,Saffola Oats 100 % Natural,15,0,0,15,38,TRUE,38
700,Munchies,Saffola Oats 100 % Natural,15,0,0,15,38,TRUE,38
701,Munchies,Saffola Veggie Twist Masala Oats,15,0,6,15,38,FALSE,38
702,Cooking Essentials,Saffola Oats 100 % Natural,15,0,0,15,38,TRUE,38
703,Cooking Essentials,Saffola Veggie Twist Masala Oats,15,0,6,15,38,FALSE,38
704,Chocolates & Candies,Saffola Veggie Twist Masala Oats,15,0,6,15,38,FALSE,38
705,Ice Cream & Desserts,Saffola Oats 100 % Natural,15,0,0,15,38,TRUE,38
706,Chocolates & Candies,Yoga Bar Multigrain Energy Bar Nuts And Seeds,40,12,4,35,38,FALSE,38
707,Ice Cream & Desserts,Saffola Veggie Twist Masala Oats,15,0,6,15,38,FALSE,38
708,Packaged Food,Saffola Oats 100 % Natural,15,0,0,15,38,TRUE,38
709,Ice Cream & Desserts,Yoga Bar Multigrain Energy Bar Nuts And Seeds,40,12,4,35,38,FALSE,38
710,Packaged Food,Saffola Veggie Twist Masala Oats,15,0,6,15,38,FALSE,38
711,Packaged Food,Yoga Bar Multigrain Energy Bar Nuts And Seeds,40,12,4,35,38,FALSE,38
712,Packaged Food,The Whole Truth Vegan Almond Choco Fudge Energy Bar No Sugar,60,20,6,48,40,FALSE,40
713,Packaged Food,The Whole Truth Energy Bar Choco Cranberry Fudge,60,26,6,44,40,FALSE,40
714,Packaged Food,The Whole Truth Vegan Fig Apricot & Orange Energy Bar No Sugar,60,20,6,48,40,FALSE,40
715,Packaged Food,The Whole Truth Vegan Mocha Almond Fudge Energy Bar No Sugar,60,20,6,48,40,FALSE,40
716,Ice Cream & Desserts,The Whole Truth Energy Bar Choco Cranberry Fudge,60,26,6,44,40,FALSE,40
717,Ice Cream & Desserts,The Whole Truth Vegan Almond Choco Fudge Energy Bar No Sugar,60,20,6,48,40,FALSE,40
718,Packaged Food,Maggi Magic Cubes Chicken,40,2,0,39,40,TRUE,40
719,Chocolates & Candies,The Whole Truth Vegan Almond Choco Fudge Energy Bar No Sugar,60,20,6,48,40,FALSE,40
720,Chocolates & Candies,The Whole Truth Energy Bar Choco Cranberry Fudge,60,26,6,44,40,FALSE,40
721,Chocolates & Candies,The Whole Truth Vegan Fig Apricot & Orange Energy Bar No Sugar,60,20,6,48,40,FALSE,40
722,Chocolates & Candies,The Whole Truth Vegan Mocha Almond Fudge Energy Bar No Sugar,60,20,6,48,40,FALSE,40
723,Ice Cream & Desserts,Maggi Magic Cubes Chicken,40,2,0,39,40,TRUE,40
724,Ice Cream & Desserts,The Whole Truth Vegan Fig Apricot & Orange Energy Bar No Sugar,60,20,6,48,40,FALSE,40
725,Ice Cream & Desserts,The Whole Truth Vegan Mocha Almond Fudge Energy Bar No Sugar,60,20,6,48,40,FALSE,40
726,Cooking Essentials,Keya Wonder Red Hot Chilli Flakes,89,10,2,80,40,FALSE,40
727,Munchies,Keya Wonder Red Hot Chilli Flakes,89,10,2,80,40,FALSE,40
728,Chocolates & Candies,Maggi Magic Cubes Chicken,40,2,0,39,40,TRUE,40
729,Personal Care,Colgate Sensitive Everyday Protection Anticavity Toothpaste,75,0,6,75,40,FALSE,40
730,Personal Care,Fem Fairness Naturals Hair Removal Cream Fair & Soft - Gold,65,10,4,58,40,FALSE,40
731,Personal Care,Fem Fairness Naturals Hair Removal Cream Fair & Soft - Rose,65,10,6,58,40,FALSE,40
732,Home & Cleaning,Om Bhakti Camphor Big,119,10,6,107,40,FALSE,40
733,Home & Cleaning,Cherry Blossom Wax Shoe Polish Black,68,5,6,64,40,FALSE,40
734,Home & Cleaning,Cherry Blossom Wax Shoe Polish Dark Tan,68,5,6,64,40,FALSE,40
735,Paan Corner,Fem Fairness Naturals Hair Removal Cream Fair & Soft - Rose,65,10,6,58,40,FALSE,40
736,Paan Corner,Fem Fairness Naturals Hair Removal Cream Fair & Soft - Gold,65,10,4,58,40,FALSE,40
737,Paan Corner,Colgate Sensitive Everyday Protection Anticavity Toothpaste,75,0,6,75,40,FALSE,40
738,Munchies,Sugarfree Natura Low Calorie Sweetner ,300,10,3,270,42,FALSE,42
739,Cooking Essentials,Sugarfree Natura Low Calorie Sweetner ,300,10,3,270,42,FALSE,42
740,Ice Cream & Desserts,Knorr Sweet Corn Chicken Soup,55,0,2,55,42,FALSE,42
741,Chocolates & Candies,Knorr Sweet Corn Chicken Soup,55,0,2,55,42,FALSE,42
742,Packaged Food,Knorr Sweet Corn Chicken Soup,55,0,2,55,42,FALSE,42
743,Packaged Food,Knorr Chinese Hot And Sour Veg Soup,55,3,1,53,43,FALSE,43
744,Chocolates & Candies,Knorr Chinese Hot And Sour Veg Soup,55,3,1,53,43,FALSE,43
745,Ice Cream & Desserts,Knorr Chinese Hot And Sour Veg Soup,55,3,1,53,43,FALSE,43
746,Paan Corner,Pampers Premium Care Pants - Large,1099,18,2,899,44,FALSE,44
747,Paan Corner,Whisper Ultra Clean Wings XL+  Pouch,449,7,6,415,44,FALSE,44
748,Health & Hygiene,Whisper Ultra Clean Wings XL+  Pouch,449,7,6,415,44,FALSE,44
749,Personal Care,Pampers Premium Care Pants - Large,1099,18,2,899,44,FALSE,44
750,Personal Care,Whisper Ultra Clean Wings XL+  Pouch,449,7,6,415,44,FALSE,44
751,Biscuits,Bauli Moonfils Choco Cream (With Egg),15,0,0,15,45,TRUE,45
752,Biscuits,Bauli Moonfils Orange Puff Roll,15,0,0,15,45,TRUE,45
753,Biscuits,Bauli Moonfils - Vanilla,15,0,0,15,45,TRUE,45
754,Biscuits,Britannia 50-50 Maska Chaska Biscuit,10,0,0,10,46,TRUE,45
755,Biscuits,Bauli Moonfils Strawberry,15,0,5,15,45,FALSE,45
756,Biscuits,Bauli Moonfils Choco Veg Puff Roll,15,0,2,15,45,FALSE,45
757,Health & Hygiene,Himalaya Cold Balm,125,9,6,113,45,FALSE,45
758,Cooking Essentials,Keya Pizza Seasoning,109,17,6,90,45,FALSE,45
759,Cooking Essentials,On1y Salad Seasoning Grinder,139,0,6,139,45,FALSE,45
760,Munchies,On1y Salad Seasoning Grinder,139,0,6,139,45,FALSE,45
761,Munchies,Keya Pizza Seasoning,109,17,6,90,45,FALSE,45
762,Munchies,Saffola Yummy Masala Noodles ,20,0,2,20,46,FALSE,46
763,Cooking Essentials,Saffola Yummy Masala Noodles ,20,0,2,20,46,FALSE,46
764,Ice Cream & Desserts,Smith & Jones Pink Pasta Sauce Mix,40,0,4,40,46,FALSE,46
765,Ice Cream & Desserts,Smith & Jones Red Pasta Sauce Mix,40,0,6,40,46,FALSE,46
766,Chocolates & Candies,Smith & Jones White Pasta Sauce Mix,40,0,3,40,46,FALSE,46
767,Chocolates & Candies,Saffola Yummy Masala Noodles ,20,0,2,20,46,FALSE,46
768,Chocolates & Candies,Smith & Jones Pink Pasta Sauce Mix,40,0,4,40,46,FALSE,46
769,Chocolates & Candies,Smith & Jones Red Pasta Sauce Mix,40,0,6,40,46,FALSE,46
770,Packaged Food,Smith & Jones White Pasta Sauce Mix,40,0,3,40,46,FALSE,46
771,Packaged Food,Saffola Yummy Masala Noodles ,20,0,2,20,46,FALSE,46
772,Packaged Food,Smith & Jones Pink Pasta Sauce Mix,40,0,4,40,46,FALSE,46
773,Packaged Food,Smith & Jones Red Pasta Sauce Mix,40,0,6,40,46,FALSE,46
774,Ice Cream & Desserts,Saffola Yummy Masala Noodles ,20,0,2,20,46,FALSE,46
775,Ice Cream & Desserts,Smith & Jones White Pasta Sauce Mix,40,0,3,40,46,FALSE,46
776,Biscuits,Britannia Treat Croissant Vanilla Creme Roll,20,10,2,18,47,FALSE,47
777,Biscuits,Britannia Treat Croissant Vanilla Creme Roll,20,0,6,20,47,FALSE,47
778,Biscuits,Bauli Moonfils Veg - Strawberry,15,0,5,15,45,FALSE,47
779,Cooking Essentials,Maggi Magic Cubes Extra Chicken,40,2,6,39,48,FALSE,48
780,Munchies,Maggi Magic Cubes Extra Chicken,40,2,6,39,48,FALSE,48
781,Munchies,Everest Kesari Milk Masala,205,0,2,205,50,FALSE,50
782,Munchies,Catch Black Pepper Sprinkler,100,0,1,100,50,FALSE,50
783,Munchies,Suhana Biryani Masala,66,0,6,66,50,FALSE,50
784,Munchies,Sugarfree Gold Low Calorie Sweetner ,270,7,6,251,50,FALSE,50
785,Munchies,Suhana Spice Mix - Chicken Biryani,66,0,6,66,50,FALSE,50
786,Munchies,Everest Amchur Powder,42,2,0,41,50,TRUE,50
787,Munchies,Everest Cumin Powder (Jeera),30,3,0,29,50,TRUE,50
788,Munchies,Everest Sambhar Masala,34,2,0,33,50,TRUE,50
789,Munchies,Everest Chole Masala,33,3,1,32,50,FALSE,50
790,Munchies,Everest Sabji Masala,30,3,6,29,50,FALSE,50
791,Munchies,Everest Rajma Masala,33,3,5,32,50,FALSE,50
792,Munchies,Everest Pani Puri Masala,31,3,6,30,50,FALSE,50
793,Munchies,Popular Essentials Black Cardamom/Elaichi ,100,10,6,90,50,FALSE,50
794,Munchies,Everest Chaat Masala,35,2,1,34,50,FALSE,50
795,Munchies,Popular Essentials Green Cardamom (Elaichi),200,1,6,198,50,FALSE,50
796,Munchies,Everest Kitchen King Masala,37,2,6,36,50,FALSE,50
797,Munchies,Everest Shahi Paneer Masala,42,4,5,40,50,FALSE,50
798,Munchies,Everest Powder - Egg Curry Masala,40,2,6,39,50,FALSE,50
799,Munchies,Popular Essentials Pe Shah Jeera ,60,15,6,51,50,FALSE,50
800,Munchies,On1y Pepper Grinder,159,9,1,144,50,FALSE,50
801,Munchies,Everest Tea Masala,55,9,2,50,50,FALSE,50
802,Munchies,Popular Essentials Cloves (Lavang),75,17,6,62,50,FALSE,50
803,Munchies,Suhana Paneer Tikka Masala Mix,40,5,6,38,50,FALSE,50
804,Munchies,Everest Tandoori Chicken Masala,39,2,5,38,50,FALSE,50
805,Munchies,Weikfield Cocoa Powder,70,7,6,65,50,FALSE,50
806,Munchies,Popular Essentials Coriander Seeds,15,0,5,15,50,FALSE,50
807,Munchies,Weikfield Baking Powder,22,0,6,22,50,FALSE,50
808,Munchies,Popular Essentials Sunflower Seeds,25,0,6,25,50,FALSE,50
809,Munchies,Everest Chicken Masala,39,2,1,38,50,FALSE,50
810,Munchies,Everest Shahi Biryani Masala,70,14,6,60,50,FALSE,50
811,Munchies,Popular Essentials Ajwain Whole,25,0,4,25,50,FALSE,50
812,Munchies,Everest Pav Bhaji Masala,37,10,4,33,50,FALSE,50
813,Munchies,Everest Hingraj Powder,90,10,2,81,50,FALSE,50
814,Munchies,Everest Garam Masala,42,2,2,41,50,FALSE,50
815,Cooking Essentials,Everest Kesari Milk Masala,205,0,2,205,50,FALSE,50
816,Cooking Essentials,Everest Tea Masala,55,9,2,50,50,FALSE,50
817,Cooking Essentials,Popular Essentials Cloves (Lavang),75,17,6,62,50,FALSE,50
818,Cooking Essentials,Suhana Paneer Tikka Masala Mix,40,5,6,38,50,FALSE,50
819,Cooking Essentials,Everest Powder - Egg Curry Masala,40,2,6,39,50,FALSE,50
820,Cooking Essentials,Popular Essentials Pe Shah Jeera ,60,15,6,51,50,FALSE,50
821,Cooking Essentials,Everest Tandoori Chicken Masala,39,2,5,38,50,FALSE,50
822,Cooking Essentials,Weikfield Cocoa Powder,70,7,6,65,50,FALSE,50
823,Cooking Essentials,Popular Essentials Coriander Seeds,15,0,5,15,50,FALSE,50
824,Cooking Essentials,Weikfield Baking Powder,22,0,6,22,50,FALSE,50
825,Cooking Essentials,Everest Amchur Powder,42,2,0,41,50,TRUE,50
826,Cooking Essentials,Everest Cumin Powder (Jeera),30,3,0,29,50,TRUE,50
827,Cooking Essentials,Everest Sambhar Masala,34,2,0,33,50,TRUE,50
828,Cooking Essentials,Catch Black Pepper Sprinkler,100,0,1,100,50,FALSE,50
829,Cooking Essentials,Suhana Biryani Masala,66,0,6,66,50,FALSE,50
830,Cooking Essentials,Sugarfree Gold Low Calorie Sweetner ,270,7,6,251,50,FALSE,50
831,Cooking Essentials,Suhana Spice Mix - Chicken Biryani,66,0,6,66,50,FALSE,50
832,Cooking Essentials,Everest Chole Masala,33,3,1,32,50,FALSE,50
833,Cooking Essentials,Everest Rajma Masala,33,3,5,32,50,FALSE,50
834,Cooking Essentials,Everest Pani Puri Masala,31,3,6,30,50,FALSE,50
835,Cooking Essentials,Popular Essentials Black Cardamom/Elaichi ,100,10,6,90,50,FALSE,50
836,Cooking Essentials,On1y Pepper Grinder,159,9,1,144,50,FALSE,50
837,Cooking Essentials,Everest Kitchen King Masala,37,2,6,36,50,FALSE,50
838,Cooking Essentials,Everest Chaat Masala,35,2,1,34,50,FALSE,50
839,Cooking Essentials,Everest Sabji Masala,30,3,6,29,50,FALSE,50
840,Cooking Essentials,Everest Shahi Paneer Masala,42,4,5,40,50,FALSE,50
841,Cooking Essentials,Everest Chicken Masala,39,2,1,38,50,FALSE,50
842,Cooking Essentials,Everest Shahi Biryani Masala,70,14,6,60,50,FALSE,50
843,Cooking Essentials,Popular Essentials Ajwain Whole,25,0,4,25,50,FALSE,50
844,Cooking Essentials,Everest Garam Masala,42,2,2,41,50,FALSE,50
845,Cooking Essentials,Everest Pav Bhaji Masala,37,10,4,33,50,FALSE,50
846,Cooking Essentials,Everest Hingraj Powder,90,10,2,81,50,FALSE,50
847,Cooking Essentials,Popular Essentials Green Cardamom (Elaichi),200,1,6,198,50,FALSE,50
848,Cooking Essentials,Popular Essentials Sunflower Seeds,25,0,6,25,50,FALSE,50
849,Fruits & Vegetables,Curry Leaves,13,15,3,11,50,FALSE,50
850,Ice Cream & Desserts,Yoga Bar Breakfast Protein Bar - Blueberry Pie,50,12,1,44,50,FALSE,50
851,Ice Cream & Desserts,Switz Samosa Dough Sheets,90,4,6,86,50,FALSE,50
852,Packaged Food,Pantai Red Curry Paste,60,0,4,60,50,FALSE,50
853,Packaged Food,Pantai Green Curry Paste,60,6,6,56,50,FALSE,50
854,Packaged Food,Yoga Bar Breakfast Protein Bar - Blueberry Pie,50,12,1,44,50,FALSE,50
855,Packaged Food,Switz Samosa Dough Sheets,90,4,6,86,50,FALSE,50
856,Chocolates & Candies,Pantai Green Curry Paste,60,6,6,56,50,FALSE,50
857,Chocolates & Candies,Pantai Red Curry Paste,60,0,4,60,50,FALSE,50
858,Chocolates & Candies,Yoga Bar Breakfast Protein Bar - Blueberry Pie,50,12,1,44,50,FALSE,50
859,Chocolates & Candies,Switz Samosa Dough Sheets,90,4,6,86,50,FALSE,50
860,Ice Cream & Desserts,Pantai Red Curry Paste,60,0,4,60,50,FALSE,50
861,Ice Cream & Desserts,Pantai Green Curry Paste,60,6,6,56,50,FALSE,50
862,Personal Care,Veet Hair Removal Cream Dry Skin,135,5,5,128,50,FALSE,50
863,Personal Care,Veet Sensitive Skin Hair Removal Cream,135,5,6,128,50,FALSE,50
864,Personal Care,Set Wet Style Vertical Hold Hair Gel,50,10,4,45,50,FALSE,50
865,Personal Care,Vaseline Skin Protecting Jelly,79,13,6,68,50,FALSE,50
866,Personal Care,Dettol Original Germ Protection Alcohol Based Hand Sanitizer,25,0,6,25,50,FALSE,50
867,Personal Care,Mamaearth 100% Natural Berry Blast Kids Toothpaste,149,10,4,134,50,FALSE,50
868,Personal Care,Pampers All Round Protection Pants - Medium,699,17,6,575,50,FALSE,50
869,Personal Care,Pampers Pants - Medium,699,21,1,549,50,FALSE,50
870,Personal Care,Neutrogena Deep Clean Foaming Cleanser,130,11,2,115,50,FALSE,50
871,Personal Care,Neutrogena Deep Clean Facial Cleanser,130,0,4,130,50,FALSE,50
872,Personal Care,Veet Hair Removal Cream (Normal Skin),135,5,6,128,50,FALSE,50
873,Paan Corner,Dettol Original Germ Protection Alcohol Based Hand Sanitizer,25,0,6,25,50,FALSE,50
874,Paan Corner,Veet Sensitive Skin Hair Removal Cream,135,5,6,128,50,FALSE,50
875,Paan Corner,Set Wet Style Vertical Hold Hair Gel,50,10,4,45,50,FALSE,50
876,Paan Corner,Vaseline Skin Protecting Jelly,79,13,6,68,50,FALSE,50
877,Health & Hygiene,Veet Hair Removal Cream (Normal Skin),135,5,6,128,50,FALSE,50
878,Health & Hygiene,Veet Hair Removal Cream Dry Skin,135,5,5,128,50,FALSE,50
879,Health & Hygiene,Moov Fast Pain Relief Cream,189,15,6,160,50,FALSE,50
880,Home & Cleaning,Origami Paper Party Plates,240,0,6,240,580,FALSE,50
881,Health & Hygiene,Veet Sensitive Skin Hair Removal Cream,135,5,6,128,50,FALSE,50
882,Health & Hygiene,Vicks VapoRub,145,11,2,129,50,FALSE,50
883,Health & Hygiene,Dettol Original Germ Protection Alcohol Based Hand Sanitizer,25,0,6,25,50,FALSE,50
884,Home & Cleaning,Airwick EverFresh Gel Bathroom Air Freshener - Citrus Splash,70,10,6,63,50,FALSE,50
885,Home & Cleaning,Airwick EverFresh Gel Bathroom Air Freshener - Lavender Dew,70,10,6,63,50,FALSE,50
886,Home & Cleaning,Origami Good Karma Paper Serviettes ,80,10,6,72,50,FALSE,50
887,Home & Cleaning,Mangalam Camphor,100,10,6,90,50,FALSE,50
888,Home & Cleaning,Shubh kart - Surabhi Camphor Pouch 50g,95,9,6,86,50,FALSE,50
889,Home & Cleaning,Origami Paper Plates,240,15,5,204,50,FALSE,50
890,Home & Cleaning,Odomos Mosquito Repellent Cream ,50,8,6,46,50,FALSE,50
891,Home & Cleaning,Hem Mantra Masala Agarbatti,85,7,1,79,50,FALSE,50
892,Home & Cleaning,Om Bhakti Wick for Diya - Cotton Long Batti ,19,0,4,19,50,FALSE,50
893,Paan Corner,Mamaearth 100% Natural Berry Blast Kids Toothpaste,149,10,4,134,50,FALSE,50
894,Paan Corner,Veet Hair Removal Cream Dry Skin,135,5,5,128,50,FALSE,50
895,Paan Corner,Neutrogena Deep Clean Foaming Cleanser,130,11,2,115,50,FALSE,50
896,Paan Corner,Neutrogena Deep Clean Facial Cleanser,130,0,4,130,50,FALSE,50
897,Paan Corner,Veet Hair Removal Cream (Normal Skin),135,5,6,128,50,FALSE,50
898,Paan Corner,Pampers All Round Protection Pants - Medium,699,17,6,575,50,FALSE,50
899,Paan Corner,Pampers Pants - Medium,699,21,1,549,50,FALSE,50
900,Health & Hygiene,Fine Life Cotton Balls,60,0,0,60,50,TRUE,50
901,Chocolates & Candies,Knorr International Mexican Tomato Corn Soup ,65,6,3,61,52,FALSE,52
902,Ice Cream & Desserts,Knorr International Mexican Tomato Corn Soup ,65,6,3,61,52,FALSE,52
903,Chocolates & Candies,The Whole Truth Double Cocoa Protein Bar No Sugar,100,10,6,90,52,FALSE,52
904,Chocolates & Candies,The Whole Truth Cranberry Protein Bar No Sugar,100,26,6,74,52,FALSE,52
905,Chocolates & Candies,The Whole Truth Peanut Cocoa Protein Bar No Sugar,100,26,6,74,52,FALSE,52
906,Packaged Food,The Whole Truth Double Cocoa Protein Bar No Sugar,100,10,6,90,52,FALSE,52
907,Packaged Food,The Whole Truth Cranberry Protein Bar No Sugar,100,26,6,74,52,FALSE,52
908,Packaged Food,The Whole Truth Peanut Cocoa Protein Bar No Sugar,100,26,6,74,52,FALSE,52
909,Packaged Food,Knorr International Mexican Tomato Corn Soup ,65,6,3,61,52,FALSE,52
910,Ice Cream & Desserts,The Whole Truth Double Cocoa Protein Bar No Sugar,100,10,6,90,52,FALSE,52
911,Ice Cream & Desserts,The Whole Truth Cranberry Protein Bar No Sugar,100,26,6,74,52,FALSE,52
912,Ice Cream & Desserts,The Whole Truth Peanut Cocoa Protein Bar No Sugar,100,26,6,74,52,FALSE,52
913,Cooking Essentials,Smith & Jones Pasta Masala,46,0,6,46,54,FALSE,54
914,Munchies,Smith & Jones Pasta Masala,46,0,6,46,54,FALSE,54
915,Personal Care,Pampers Premium Care Pants - Medium,1099,18,6,899,54,FALSE,54
916,Paan Corner,Pampers Premium Care Pants - Medium,1099,18,6,899,54,FALSE,54
917,Packaged Food,Ching's Instant Hot and Sour Soup,55,0,5,55,55,FALSE,55
918,Packaged Food,Ching's Secret Tomato Soup,55,0,6,55,55,FALSE,55
919,Packaged Food,Ching's Secret Manchow Soup,55,0,3,55,55,FALSE,55
920,Packaged Food,Ching's Secret Sweet Corn Soup,55,0,6,55,55,FALSE,55
921,Chocolates & Candies,Ching's Secret Manchow Soup,55,0,3,55,55,FALSE,55
922,Chocolates & Candies,Ching's Secret Sweet Corn Soup,55,0,6,55,55,FALSE,55
923,Chocolates & Candies,Ching's Secret Tomato Soup,55,0,6,55,55,FALSE,55
924,Chocolates & Candies,Ching's Instant Hot and Sour Soup,55,0,5,55,55,FALSE,55
925,Ice Cream & Desserts,Ching's Secret Tomato Soup,55,0,6,55,55,FALSE,55
926,Ice Cream & Desserts,Ching's Instant Hot and Sour Soup,55,0,5,55,55,FALSE,55
927,Ice Cream & Desserts,Ching's Secret Sweet Corn Soup,55,0,6,55,55,FALSE,55
928,Ice Cream & Desserts,Ching's Secret Manchow Soup,55,0,3,55,55,FALSE,55
929,Biscuits,Lotte Choco Pie Chocolate Cake,25,0,6,25,56,FALSE,56
930,Biscuits,Britannia Good Day Cashew Cookies,10,0,6,10,60,FALSE,58
931,Biscuits,Britannia Treat Creme Wafers - Orange,45,11,6,40,60,FALSE,60
932,Chocolates & Candies,Chings Secret Hot Garlic Instant Noodles,91,0,6,91,60,FALSE,60
933,Chocolates & Candies,Cantina Tabasco Green Sauce,140,15,6,119,60,FALSE,60
934,Chocolates & Candies,MTR Vegetable Upma,25,0,0,25,60,TRUE,60
935,Personal Care,Garnier Colour Naturals Hair Colour - 1 Natural Black,80,0,1,80,60,FALSE,60
936,Biscuits,Sunfeast Mom's Magic Cashew & Almond Biscuit,10,0,0,10,60,TRUE,60
937,Personal Care,Whisper Ultra Soft XL+ Sanitary Pads,555,0,1,555,60,FALSE,60
938,Personal Care,Lakme Sun Expert,225,0,6,225,60,FALSE,60
939,Paan Corner,Whisper Ultra Soft XL+ Sanitary Pads,555,0,1,555,60,FALSE,60
940,Paan Corner,Garnier Colour Naturals Hair Colour - 1 Natural Black,80,0,1,80,60,FALSE,60
941,Paan Corner,Lakme Sun Expert,225,0,6,225,60,FALSE,60
942,Home & Cleaning,Om Bhakti Wick for Diya - Cotton Flower Batti ,19,0,4,19,60,FALSE,60
943,Home & Cleaning,Dettol Antiseptic Liquid,33,0,4,33,60,FALSE,60
944,Health & Hygiene,Dettol Antiseptic Liquid,33,0,4,33,60,FALSE,60
945,Home & Cleaning,Godrej Good Night Gold Flash Liquid Vapouriser,89,0,0,89,60,TRUE,60
946,Home & Cleaning,Dettol Antiseptic Liquid,30,0,0,30,60,TRUE,60
947,Health & Hygiene,Organic India Brahmi Bottle,205,20,1,164,60,FALSE,60
948,Health & Hygiene,Organic India Sugar Balance 60 Capsules Bottle,225,0,6,225,60,FALSE,60
949,Health & Hygiene,Whisper Ultra Soft XL+ Sanitary Pads,555,0,1,555,60,FALSE,60
950,Health & Hygiene,Dettol Antiseptic Liquid,30,0,0,30,60,TRUE,60
951,Ice Cream & Desserts,MTR 3 Minute Breakfast - Magic Masala Upma,25,0,6,25,60,FALSE,60
952,Ice Cream & Desserts,Ching's Secret Singapore Curry Instant Noodles,15,0,3,15,60,FALSE,60
953,Ice Cream & Desserts,Yogabar No Added Sugar Protein Bar Brownie,125,15,4,106,60,FALSE,60
954,Ice Cream & Desserts,Cantina Tabasco Red Sauce,140,15,6,119,60,FALSE,60
955,Ice Cream & Desserts,Cantina Tabasco Green Sauce,140,15,6,119,60,FALSE,60
956,Ice Cream & Desserts,Chings Secret Hot Garlic Instant Noodles,91,0,6,91,60,FALSE,60
957,Ice Cream & Desserts,MTR Vegetable Upma,25,0,0,25,60,TRUE,60
958,Chocolates & Candies,Ching's Secret Instant Schezwan Noodles,15,0,6,15,60,FALSE,60
959,Chocolates & Candies,Ching's Secret Instant Hot Garlic Noodles,15,0,3,15,60,FALSE,60
960,Chocolates & Candies,Cantina Tabasco Red Sauce,140,15,6,119,60,FALSE,60
961,Chocolates & Candies,Yogabar No Added Sugar Protein Bar Brownie,125,15,4,106,60,FALSE,60
962,Chocolates & Candies,Ching's Secret Singapore Curry Instant Noodles,15,0,3,15,60,FALSE,60
963,Chocolates & Candies,MTR 3 Minute Breakfast - Magic Masala Upma,25,0,6,25,60,FALSE,60
964,Chocolates & Candies,ChingÆs Secret Chowmein Hakka Noodles Masala ,44,0,2,44,60,FALSE,60
965,Chocolates & Candies,MTR 3 Min Poha,25,0,6,25,60,FALSE,60
966,Chocolates & Candies,Ching's Manchurian Instant Noodles,15,0,5,15,60,FALSE,60
967,Chocolates & Candies,MTR Breakfast Khatta Meetha Poha Mix,25,20,6,20,60,FALSE,60
968,Packaged Food,Ching's Secret Singapore Curry Instant Noodles,15,0,3,15,60,FALSE,60
969,Packaged Food,MTR 3 Minute Breakfast - Magic Masala Upma,25,0,6,25,60,FALSE,60
970,Packaged Food,Yogabar No Added Sugar Protein Bar Brownie,125,15,4,106,60,FALSE,60
971,Packaged Food,ChingÆs Secret Chowmein Hakka Noodles Masala ,44,0,2,44,60,FALSE,60
972,Packaged Food,MTR 3 Min Poha,25,0,6,25,60,FALSE,60
973,Packaged Food,Ching's Manchurian Instant Noodles,15,0,5,15,60,FALSE,60
974,Packaged Food,MTR Breakfast Khatta Meetha Poha Mix,25,20,6,20,60,FALSE,60
975,Packaged Food,Ching's Secret Instant Hot Garlic Noodles,15,0,3,15,60,FALSE,60
976,Packaged Food,Ching's Secret Instant Schezwan Noodles,15,0,6,15,60,FALSE,60
977,Packaged Food,Cantina Tabasco Green Sauce,140,15,6,119,60,FALSE,60
978,Packaged Food,Chings Secret Hot Garlic Instant Noodles,91,0,6,91,60,FALSE,60
979,Packaged Food,Cantina Tabasco Red Sauce,140,15,6,119,60,FALSE,60
980,Ice Cream & Desserts,MTR Breakfast Khatta Meetha Poha Mix,25,20,6,20,60,FALSE,60
981,Ice Cream & Desserts,MTR 3 Min Poha,25,0,6,25,60,FALSE,60
982,Ice Cream & Desserts,Ching's Manchurian Instant Noodles,15,0,5,15,60,FALSE,60
983,Ice Cream & Desserts,ChingÆs Secret Chowmein Hakka Noodles Masala ,44,0,2,44,60,FALSE,60
984,Ice Cream & Desserts,Ching's Secret Instant Hot Garlic Noodles,15,0,3,15,60,FALSE,60
985,Ice Cream & Desserts,Ching's Secret Instant Schezwan Noodles,15,0,6,15,60,FALSE,60
986,Packaged Food,MTR Vegetable Upma,25,0,0,25,60,TRUE,60
987,Munchies,Ching's Paneer Chilli Masala,44,0,4,44,60,FALSE,60
988,Munchies,ChingÆs Secret Chowmein Hakka Noodles Masala ,44,0,2,44,60,FALSE,60
989,Munchies,MTR 3 Min Poha,25,0,6,25,60,FALSE,60
990,Munchies,Ching's Manchurian Instant Noodles,15,0,5,15,60,FALSE,60
991,Munchies,MTR Breakfast Khatta Meetha Poha Mix,25,20,6,20,60,FALSE,60
992,Munchies,Ching's Secret Instant Hot Garlic Noodles,15,0,3,15,60,FALSE,60
993,Munchies,Ching's Secret Instant Schezwan Noodles,15,0,6,15,60,FALSE,60
994,Munchies,Smith & Jones Mutter Paneer Masala,42,0,6,42,60,FALSE,60
995,Munchies,Smith & Jones Shahi Paneer Masala Mix,44,0,6,44,60,FALSE,60
996,Munchies,Ching's Secret Veg Manchurian Masala,44,0,6,44,60,FALSE,60
997,Munchies,Ching's Schezwan Fried Rice(Miracle Masala),44,0,5,44,60,FALSE,60
998,Cooking Essentials,Ching's Paneer Chilli Masala,44,0,4,44,60,FALSE,60
999,Cooking Essentials,Ching's Schezwan Fried Rice(Miracle Masala),44,0,5,44,60,FALSE,60
1000,Cooking Essentials,Ching's Secret Veg Manchurian Masala,44,0,6,44,60,FALSE,60
1001,Cooking Essentials,Smith & Jones Mutter Paneer Masala,42,0,6,42,60,FALSE,60
1002,Cooking Essentials,Smith & Jones Shahi Paneer Masala Mix,44,0,6,44,60,FALSE,60
1003,Cooking Essentials,Ching's Secret Instant Hot Garlic Noodles,15,0,3,15,60,FALSE,60
1004,Cooking Essentials,Ching's Secret Instant Schezwan Noodles,15,0,6,15,60,FALSE,60
1005,Cooking Essentials,MTR Breakfast Khatta Meetha Poha Mix,25,20,6,20,60,FALSE,60
1006,Cooking Essentials,ChingÆs Secret Chowmein Hakka Noodles Masala ,44,0,2,44,60,FALSE,60
1007,Cooking Essentials,MTR 3 Min Poha,25,0,6,25,60,FALSE,60
1008,Cooking Essentials,Ching's Manchurian Instant Noodles,15,0,5,15,60,FALSE,60
1009,Paan Corner,Fem Fairness Naturals Saffron Skin Bleach,85,15,4,72,64,FALSE,64
1010,Paan Corner,Fem Fairness Natural Gold Skin Bleach,85,7,4,79,64,FALSE,64
1011,Personal Care,Fem Fairness Naturals Saffron Skin Bleach,85,15,4,72,64,FALSE,64
1012,Personal Care,Fem Fairness Natural Gold Skin Bleach,85,7,4,79,64,FALSE,64
1013,Chocolates & Candies,Sunfeast Pasta Treat Pack of Tomato Cheese,28,17,0,23,65,TRUE,65
1014,Cooking Essentials,Sunfeast Yippee! Pasta Treat - Sour Cream Onion,28,10,1,25,65,FALSE,65
1015,Cooking Essentials,Sunfeast Yippee! Pasta Treat - Sour Cream Onion,28,17,3,23,65,FALSE,65
1016,Munchies,Sunfeast Pasta Treat Pack of Tomato Cheese,28,17,0,23,65,TRUE,65
1017,Cooking Essentials,Sunfeast Pasta Treat Pack of Tomato Cheese,28,17,0,23,65,TRUE,65
1018,Munchies,Sunfeast Yippee! Pasta Treat - Sour Cream Onion,28,10,1,25,65,FALSE,65
1019,Munchies,Sunfeast Yippee! Pasta Treat - Sour Cream Onion,28,17,3,23,65,FALSE,65
1020,Packaged Food,Sunfeast Pasta Treat Pack of Tomato Cheese,28,17,0,23,65,TRUE,65
1021,Ice Cream & Desserts,Sunfeast Yippee! Pasta Treat - Sour Cream Onion,28,17,3,23,65,FALSE,65
1022,Ice Cream & Desserts,Sunfeast Yippee! Pasta Treat - Sour Cream Onion,28,10,1,25,65,FALSE,65
1023,Ice Cream & Desserts,Sunfeast Yippee Tricolor Pasta Seasoning,28,17,1,23,65,FALSE,65
1024,Packaged Food,Maggi Ghee Tadka Upma Express Pouch,25,0,6,25,65,FALSE,65
1025,Packaged Food,Sunfeast Yippee Tricolor Pasta Seasoning,28,17,1,23,65,FALSE,65
1026,Packaged Food,Sunfeast Yippee! Pasta Treat - Sour Cream Onion,28,17,3,23,65,FALSE,65
1027,Packaged Food,Sunfeast Yippee! Pasta Treat - Sour Cream Onion,28,10,1,25,65,FALSE,65
1028,Chocolates & Candies,Sunfeast Yippee Tricolor Pasta Seasoning,28,17,1,23,65,FALSE,65
1029,Chocolates & Candies,Sunfeast Yippee! Pasta Treat - Sour Cream Onion,28,17,3,23,65,FALSE,65
1030,Chocolates & Candies,Sunfeast Yippee! Pasta Treat - Sour Cream Onion,28,10,1,25,65,FALSE,65
1031,Chocolates & Candies,Maggi Ghee Tadka Upma Express Pouch,25,0,6,25,65,FALSE,65
1032,Ice Cream & Desserts,Sunfeast Pasta Treat Pack of Tomato Cheese,28,17,0,23,65,TRUE,65
1033,Ice Cream & Desserts,Maggi Ghee Tadka Upma Express Pouch,25,0,6,25,65,FALSE,65
1034,Biscuits,Unibic Fruit & Nut Cookies,25,8,3,23,67,FALSE,67
1035,Chocolates & Candies,Pedigree Puppy Chicken Chunks in Gravy ,35,2,0,34,70,TRUE,70
1036,Chocolates & Candies,Mothers Recipe Papad - Sabudana With Rock Salt,31,9,0,28,70,TRUE,70
1037,Chocolates & Candies,Maggi Chilly Chow Cuppa Noodles,50,0,0,50,70,TRUE,70
1038,Personal Care,Old Spice Original Lather Shaving Cream,75,9,6,68,70,FALSE,70
1039,Personal Care,Old Spice Lime Lather Shaving Cream,75,0,6,75,70,FALSE,70
1040,Personal Care,Colgate Sensitive Plus Anticavity Toothpaste ,140,10,6,126,70,FALSE,70
1041,Paan Corner,Old Spice Lime Lather Shaving Cream,75,0,6,75,70,FALSE,70
1042,Paan Corner,Colgate Sensitive Plus Anticavity Toothpaste ,140,10,6,126,70,FALSE,70
1043,Paan Corner,Old Spice Original Lather Shaving Cream,75,9,6,68,70,FALSE,70
1044,Ice Cream & Desserts,Wingreens Farms Tangy Cheese Pita Chips & Mexican Salsa Dip,60,15,1,51,70,FALSE,70
1045,Ice Cream & Desserts,Mothers Recipe Papad - Sabudana With Rock Salt,31,9,0,28,70,TRUE,70
1046,Ice Cream & Desserts,Maggi Chilly Chow Cuppa Noodles,50,0,0,50,70,TRUE,70
1047,Ice Cream & Desserts,Pedigree Puppy Chicken Chunks in Gravy ,35,2,0,34,70,TRUE,70
1048,Chocolates & Candies,Maggi 2 Minute Masala Noodles,12,0,6,12,70,FALSE,70
1049,Chocolates & Candies,Top Ramen  Noodles Curry Veg Pouch,20,0,1,20,70,FALSE,70
1050,Ice Cream & Desserts,Aashirvaad Suji Halwa With Jaggery,75,0,6,75,70,FALSE,70
1051,Chocolates & Candies,Wingreens Farms Tangy Cheese Pita Chips & Mexican Salsa Dip,60,15,1,51,70,FALSE,70
1052,Chocolates & Candies,Aashirvaad Suji Halwa With Jaggery,75,0,6,75,70,FALSE,70
1053,Chocolates & Candies,Nissin Cup Noodles Tangy Tomato,50,10,2,45,70,FALSE,70
1054,Packaged Food,Nissin Cup Noodles Tangy Tomato,50,10,2,45,70,FALSE,70
1055,Packaged Food,Wingreens Farms Tangy Cheese Pita Chips & Mexican Salsa Dip,60,15,1,51,70,FALSE,70
1056,Packaged Food,Top Ramen  Noodles Curry Veg Pouch,20,0,1,20,70,FALSE,70
1057,Packaged Food,Maggi 2 Minute Masala Noodles,12,0,6,12,70,FALSE,70
1058,Packaged Food,Aashirvaad Suji Halwa With Jaggery,75,0,6,75,70,FALSE,70
1059,Packaged Food,Pedigree Puppy Chicken Chunks in Gravy ,35,2,0,34,70,TRUE,70
1060,Ice Cream & Desserts,Nissin Cup Noodles Tangy Tomato,50,10,2,45,70,FALSE,70
1061,Packaged Food,Mothers Recipe Papad - Sabudana With Rock Salt,31,9,0,28,70,TRUE,70
1062,Packaged Food,Maggi Chilly Chow Cuppa Noodles,50,0,0,50,70,TRUE,70
1063,Ice Cream & Desserts,Maggi 2 Minute Masala Noodles,12,0,6,12,70,FALSE,70
1064,Ice Cream & Desserts,Top Ramen  Noodles Curry Veg Pouch,20,0,1,20,70,FALSE,70
1065,Munchies,Nissin Cup Noodles Tangy Tomato,50,10,2,45,70,FALSE,70
1066,Munchies,Maggi 2 Minute Masala Noodles,12,0,6,12,70,FALSE,70
1067,Munchies,Top Ramen  Noodles Curry Veg Pouch,20,0,1,20,70,FALSE,70
1068,Munchies,Maggi Chilly Chow Cuppa Noodles,50,0,0,50,70,TRUE,70
1069,Munchies,Hershey's Cocoa Powder,95,0,5,95,70,FALSE,70
1070,Cooking Essentials,Hershey's Cocoa Powder,95,0,5,95,70,FALSE,70
1071,Cooking Essentials,Maggi Chilly Chow Cuppa Noodles,50,0,0,50,70,TRUE,70
1072,Cooking Essentials,Nissin Cup Noodles Tangy Tomato,50,10,2,45,70,FALSE,70
1073,Cooking Essentials,Top Ramen  Noodles Curry Veg Pouch,20,0,1,20,70,FALSE,70
1074,Cooking Essentials,Maggi 2 Minute Masala Noodles,12,0,6,12,70,FALSE,70
1075,Cooking Essentials,Maggi Masala Ae Magic,58,6,0,54,72,TRUE,72
1076,Munchies,Maggi Masala Ae Magic,58,6,0,54,72,TRUE,72
1077,Paan Corner,HImalaya Gentle Baby Wipes,200,10,3,180,72,FALSE,72
1078,Paan Corner,Johnson's Baby Skincare Wipes,245,9,6,221,72,FALSE,72
1079,Paan Corner,Pampers Active Baby Diapers New Born Extra Small ,1099,22,3,849,72,FALSE,72
1080,Health & Hygiene,Savlon Germ Protection Wipes,189,10,6,170,72,FALSE,72
1081,Personal Care,Pampers Active Baby Diapers New Born Extra Small ,1099,22,3,849,72,FALSE,72
1082,Personal Care,HImalaya Gentle Baby Wipes,200,10,3,180,72,FALSE,72
1083,Personal Care,Johnson's Baby Skincare Wipes,245,9,6,221,72,FALSE,72
1084,Personal Care,Pears Pure & Gentle Value Pack Of 4 Bathing Soap ,125,0,6,125,75,FALSE,75
1085,Paan Corner,Lux International Creamy White Soap Bar,35,2,6,34,75,FALSE,75
1086,Personal Care,Sensodyne Sensitive Fresh Gel Toothpaste,115,7,0,106,75,TRUE,75
1087,Personal Care,Lux International Creamy White Soap Bar,35,2,6,34,75,FALSE,75
1088,Biscuits,Britannia Nutri Choice Oats Choco Almond Biscuit,25,10,0,22.5,100,TRUE,75
1089,Biscuits,Open Secret Choco Almond Story Box,105,22,0,81,75,TRUE,75
1090,Biscuits,Unibic Choco Nut Cookies,25,8,0,23,75,TRUE,75
1091,Biscuits,Sunfeast Dark Fantasy Choco Fills,35,8,0,32,75,TRUE,75
1092,Biscuits,Britannia Classic Little Hearts ,25,0,0,25,75,TRUE,75
1093,Biscuits,Open Secret Peanut Butter Story Box,105,22,6,81,75,FALSE,75
1094,Biscuits,Open Secret White Choco Story Box,105,22,6,81,75,FALSE,75
1095,Biscuits,Good Day Butter Cookies,10,0,0,10,75,TRUE,75
1096,Chocolates & Candies,Mother's Recipe Potato Papad,31,9,0,28,70,TRUE,75
1097,Chocolates & Candies,Mothers Recipe Rice Papad Ajwain,24,0,0,24,75,TRUE,75
1098,Biscuits,Unibic SugarFree - Oatmeal Cookies,50,16,3,42,75,FALSE,75
1099,Biscuits,Unibic Honey Oatmeal Cookies,25,8,6,23,75,FALSE,75
1100,Biscuits,Britannia Nutri Choice Oats Milk Almond Biscuit,25,10,6,22.5,75,FALSE,75
1101,Biscuits,Dukes Waffy Chocolate Wafers,45,51,4,22,60,FALSE,75
1102,Biscuits,Dukes Waffy Orange Wafers,45,51,5,22,60,FALSE,75
1103,Biscuits,Cadbury Chocobakes Chocolate Filled Cookies ,30,0,5,30,75,FALSE,75
1104,Biscuits,Dukes Waffy Strawberry Wafers,45,51,2,22,60,FALSE,75
1105,Biscuits,Unibic Choco Kiss Cookies,45,15,5,38,75,FALSE,75
1106,Biscuits,Unibic Daily Digestive (Multigrain Cookies),30,6,6,28,75,FALSE,75
1107,Biscuits,Parle Milano Mixed Berries Cookies,35,2,3,34,75,FALSE,75
1108,Biscuits,Parle Hide & Seek Choco Rolls,30,0,1,30,75,FALSE,75
1109,Biscuits,Open Secret Assorted Story Box,105,22,4,81,75,FALSE,75
1110,Biscuits,Unibic SugarFree - Butter Cookies,50,16,6,42,75,FALSE,75
1111,Biscuits,Unibic Cashew Cookies,25,8,6,23,75,FALSE,75
1112,Health & Hygiene,Epigamia Fruit Yogurt Strawberry,40,50,0,20,75,TRUE,75
1113,Health & Hygiene,Epigamia Fruit Yogurt Alphonso Mango,40,50,6,20,75,FALSE,75
1114,Health & Hygiene,Epigamia Fruit Yogurt Vanilla,40,50,6,20,75,FALSE,75
1115,Home & Cleaning,Ujala Superme For Super Whiteness Of Clothes,25,0,0,25,75,TRUE,75
1116,Home & Cleaning,Om Bhakti Wick for Diya - Cotton Long Batti ,20,0,6,20,75,FALSE,75
1117,Home & Cleaning,Ambi Pur Car Freshener Gel - Relaxing Lavender,299,10,2,269,75,FALSE,75
1118,Home & Cleaning,Cherry Blossom Liquid Wax Polish,98,5,6,93,75,FALSE,75
1119,Home & Cleaning,Cherry Blossom Liquid Wax Polish (Dark Tan),98,5,6,93,75,FALSE,75
1120,Home & Cleaning,Odonil Air Freshner Lavender Meadows,75,5,4,71,75,FALSE,75
1121,Paan Corner,Sensodyne Sensitive Fresh Gel Toothpaste,115,7,0,106,75,TRUE,75
1122,Paan Corner,Pears Pure & Gentle Value Pack Of 4 Bathing Soap ,125,0,6,125,75,FALSE,75
1123,Munchies,Smith & Jones Italian Spices Masala Mix,99,0,6,99,75,FALSE,75
1124,Munchies,Smith & Jones Garlic & Herbs Masala Mix,99,0,6,99,75,FALSE,75
1125,Munchies,Smith & Jones Peri Peri Masala,99,0,6,99,75,FALSE,75
1126,Cooking Essentials,Smith & Jones Italian Spices Masala Mix,99,0,6,99,75,FALSE,75
1127,Cooking Essentials,Smith & Jones Garlic & Herbs Masala Mix,99,0,6,99,75,FALSE,75
1128,Cooking Essentials,Smith & Jones Peri Peri Masala,99,0,6,99,75,FALSE,75
1129,Packaged Food,Mother's Recipe Potato Papad,31,9,0,28,70,TRUE,75
1130,Packaged Food,Mothers Recipe Rice Papad Ajwain,24,0,0,24,75,TRUE,75
1131,Ice Cream & Desserts,Mother's Recipe Potato Papad,31,9,0,28,70,TRUE,75
1132,Ice Cream & Desserts,Mothers Recipe Rice Papad Ajwain,24,0,0,24,75,TRUE,75
1133,Ice Cream & Desserts,Weikfield Tomato Salsa Instant Pasta,25,0,1,25,77,FALSE,77
1134,Packaged Food,Weikfield Tomato Salsa Instant Pasta,25,0,1,25,77,FALSE,77
1135,Cooking Essentials,Weikfield Tomato Salsa Instant Pasta,25,0,1,25,77,FALSE,77
1136,Munchies,Weikfield Tomato Salsa Instant Pasta,25,0,1,25,77,FALSE,77
1137,Chocolates & Candies,Weikfield Tomato Salsa Instant Pasta,25,0,1,25,77,FALSE,77
1138,Personal Care,Dettol Lather Shaving Cream,75,5,6,71,78,FALSE,78
1139,Paan Corner,Dettol Lather Shaving Cream,75,5,6,71,78,FALSE,78
1140,Paan Corner,Listerine Original Mouthwash,55,9,6,50,80,FALSE,80
1141,Paan Corner,Dove Dryness Care Conditioner Frizzy & Dry Hair,90,6,4,84,80,FALSE,80
1142,Paan Corner,Colgate Toothpaste For Kids Motu Oatlu,93,0,6,93,80,FALSE,80
1143,Paan Corner,Dove Daily Shine Conditioner,90,10,1,81,80,FALSE,80
1144,Paan Corner,Dove Intense Repair Conditioner,190,14,6,162,175,FALSE,80
1145,Paan Corner,Clean & Clear Pimple Clearing Face Wash,130,10,2,117,80,FALSE,80
1146,Home & Cleaning,Dabur Odomos Naturals Mosquito Repellant Gel,75,8,4,69,80,FALSE,80
1147,Home & Cleaning,Origami Non-Woven Kitchen Towel,190,14,4,162,80,FALSE,80
1148,Health & Hygiene,Moov Pain Releiver Spray,290,15,6,246,80,FALSE,80
1149,Personal Care,Dove Daily Shine Conditioner,90,10,1,81,80,FALSE,80
1150,Personal Care,Dove Dryness Care Conditioner Frizzy & Dry Hair,90,6,4,84,80,FALSE,80
1151,Paan Corner,Clove Sensitive Toothpaste with Anti-Sensitivity & Fluoride Formulation,160,35,3,104,80,FALSE,80
1152,Paan Corner,Closeup Everfresh+ Anti-Germ Gel Toothpaste Red Hot,50,2,1,49,80,FALSE,80
1153,Personal Care,Colgate Toothpaste For Kids Motu Oatlu,93,0,6,93,80,FALSE,80
1154,Personal Care,Listerine Original Mouthwash,55,9,6,50,80,FALSE,80
1155,Personal Care,Clove Sensitive Toothpaste with Anti-Sensitivity & Fluoride Formulation,160,35,3,104,80,FALSE,80
1156,Personal Care,Closeup Everfresh+ Anti-Germ Gel Toothpaste Red Hot,50,2,1,49,80,FALSE,80
1157,Personal Care,Dove Intense Repair Conditioner,190,14,6,162,175,FALSE,80
1158,Personal Care,Clean & Clear Pimple Clearing Face Wash,130,10,2,117,80,FALSE,80
1159,Munchies,Gits Dessert Mix China Grass Bombay Halwa,55,0,4,55,80,FALSE,80
1160,Munchies,ITC Master Chef Vegetable Biryani Cooking Paste,75,30,5,52,80,FALSE,80
1161,Munchies,ITC Master Chef Butter Chicken,75,30,6,52,80,FALSE,80
1162,Munchies,ITC Master Chef Hyderabadi Biryani,75,30,5,52,80,FALSE,80
1163,Munchies,Keya Piri Piri | Exotic Spices Mix,109,20,6,87,80,FALSE,80
1164,Munchies,Suhana Mutton Gravy Mix,45,0,4,45,80,FALSE,80
1165,Munchies,Keya Italian Pizza Oregano,109,11,0,97,80,TRUE,80
1166,Munchies,Cornitos Cornitos Taco Shells - 4 Inches,110,20,6,88,80,FALSE,80
1167,Cooking Essentials,Keya Italian Pizza Oregano,109,11,0,97,80,TRUE,80
1168,Cooking Essentials,Gits Dessert Mix China Grass Bombay Halwa,55,0,4,55,80,FALSE,80
1169,Cooking Essentials,ITC Master Chef Vegetable Biryani Cooking Paste,75,30,5,52,80,FALSE,80
1170,Cooking Essentials,ITC Master Chef Butter Chicken,75,30,6,52,80,FALSE,80
1171,Cooking Essentials,Suhana Mutton Gravy Mix,45,0,4,45,80,FALSE,80
1172,Cooking Essentials,Keya Piri Piri | Exotic Spices Mix,109,20,6,87,80,FALSE,80
1173,Cooking Essentials,ITC Master Chef Hyderabadi Biryani,75,30,5,52,80,FALSE,80
1174,Cooking Essentials,Cornitos Cornitos Taco Shells - 4 Inches,110,20,6,88,80,FALSE,80
1175,Packaged Food,Pedigree Meat Jerky Adult Dog Treat Barbecued Chicken,140,20,6,112,80,FALSE,80
1176,Packaged Food,Aashirvaad Suji Halwa With Jaggery,55,30,6,38,80,FALSE,80
1177,Packaged Food,Aashirvaad Instant Meals - Khatta Meetha Pohaa With Millets,55,30,5,38,80,FALSE,80
1178,Ice Cream & Desserts,Aashirvaad Instant Meals - Khatta Meetha Pohaa With Millets,55,30,5,38,80,FALSE,80
1179,Ice Cream & Desserts,Pedigree Meat Jerky Adult Dog Treat Barbecued Chicken,140,20,6,112,80,FALSE,80
1180,Ice Cream & Desserts,Aashirvaad Suji Halwa With Jaggery,55,30,6,38,80,FALSE,80
1181,Chocolates & Candies,Aashirvaad Instant Meals - Khatta Meetha Pohaa With Millets,55,30,5,38,80,FALSE,80
1182,Chocolates & Candies,Aashirvaad Suji Halwa With Jaggery,55,30,6,38,80,FALSE,80
1183,Chocolates & Candies,Pedigree Meat Jerky Adult Dog Treat Barbecued Chicken,140,20,6,112,80,FALSE,80
1184,Personal Care,Pampers Pants - Large,1549,45,3,849,82,FALSE,82
1185,Paan Corner,Pampers Pants - Large,1549,45,3,849,82,FALSE,82
1186,Chocolates & Candies,Whiskas Wetá Meal (Kitten - Cat Food)á Chicken in Gravy,35,5,2,33,85,FALSE,85
1187,Chocolates & Candies,Whiskas Wetá Meal (Adult - Cat Food)á Chicken in Gravy,35,2,2,34,85,FALSE,85
1188,Ice Cream & Desserts,Whiskas Wetá Meal (Adult - Cat Food)á Chicken in Gravy,35,2,2,34,85,FALSE,85
1189,Ice Cream & Desserts,Whiskas Wetá Meal (Kitten - Cat Food)á Chicken in Gravy,35,5,2,33,85,FALSE,85
1190,Packaged Food,Whiskas Wetá Meal (Adult - Cat Food)á Chicken in Gravy,35,2,2,34,85,FALSE,85
1191,Packaged Food,Whiskas Wetá Meal (Kitten - Cat Food)á Chicken in Gravy,35,5,2,33,85,FALSE,85
1192,Beverages,Epigamia Misti Doi,30,0,6,30,85,FALSE,85
1193,Paan Corner,L'Oreal Paris Shine Masque Royal Jelly Hair Colour,550,0,3,550,88,FALSE,87
1194,Paan Corner,L'Oreal Casting Creme Ebony Black Hair Color,550,0,6,550,159,FALSE,87
1195,Personal Care,L'Oreal Paris Shine Masque Royal Jelly Hair Colour,550,0,3,550,88,FALSE,87
1196,Personal Care,L'Oreal Casting Creme Ebony Black Hair Color,550,0,6,550,159,FALSE,87
1197,Beverages,Epigamia Natural Greek Yogurt,45,0,6,45,90,FALSE,90
1198,Munchies,Weikfield Veg Jelly Crystals - Orange,45,2,6,44,90,FALSE,90
1199,Munchies,Weikfield Veg Jelly Crystals - Mango,45,2,6,44,90,FALSE,90
1200,Munchies,Weikfield Veg Jelly Crystals - Strawberry,45,2,6,44,90,FALSE,90
1201,Munchies,Weikfield Veg Jelly Crystals - Raspberry,45,2,6,44,90,FALSE,90
1202,Cooking Essentials,Weikfield Veg Jelly Crystals - Mango,45,2,6,44,90,FALSE,90
1203,Cooking Essentials,Weikfield Veg Jelly Crystals - Strawberry,45,2,6,44,90,FALSE,90
1204,Cooking Essentials,Weikfield Veg Jelly Crystals - Raspberry,45,2,6,44,90,FALSE,90
1205,Cooking Essentials,Weikfield Veg Jelly Crystals - Orange,45,2,6,44,90,FALSE,90
1206,Packaged Food,Maggi Imli Sauce Pichkoo,22,0,6,22,90,FALSE,90
1207,Ice Cream & Desserts,Maggi Imli Sauce Pichkoo,22,0,6,22,90,FALSE,90
1208,Chocolates & Candies,Maggi Imli Sauce Pichkoo,22,0,6,22,90,FALSE,90
1209,Chocolates & Candies,Amul Lite Spread,40,2,5,39,100,FALSE,100
1210,Chocolates & Candies,Ching's Secret Chowmein Hakka Noodles Masala,60,10,2,54,100,FALSE,100
1211,Chocolates & Candies,Mother's Recipe Madras Appalam,50,10,6,45,100,FALSE,100
1212,Chocolates & Candies,Amul Delicious Fat Spread - Cholesterol Free,18,5,6,17,100,FALSE,100
1213,Ice Cream & Desserts,Dabur Hommade - Imli Sauce Saunth,20,10,0,18,100,TRUE,100
1214,Ice Cream & Desserts,Mother's Recipe Madras Appalam,50,10,6,45,100,FALSE,100
1215,Ice Cream & Desserts,Ching's Secret Chowmein Hakka Noodles Masala,60,10,2,54,100,FALSE,100
1216,Ice Cream & Desserts,Amul Delicious Fat Spread - Cholesterol Free,18,5,6,17,100,FALSE,100
1217,Packaged Food,Dabur Hommade - Imli Sauce Saunth,20,10,0,18,100,TRUE,100
1218,Ice Cream & Desserts,Amul Lite Spread,40,2,5,39,100,FALSE,100
1219,Packaged Food,Amul Lite Spread,40,2,5,39,100,FALSE,100
1220,Beverages,The Bake Shop Burger Buns,20,0,0,20,100,TRUE,100
1221,Packaged Food,Amul Delicious Fat Spread - Cholesterol Free,18,5,6,17,100,FALSE,100
1222,Beverages,Amul Cheese Slices,71,1,0,70,100,TRUE,100
1223,Beverages,RRO Goat Milk Fetta Cheee,345,31,6,237,100,FALSE,100
1224,Beverages,President Butter - Salted,54,0,6,54,100,FALSE,100
1225,Beverages,Amul Lite Spread,40,2,5,39,100,FALSE,100
1226,Beverages,D'lecta Natural Feta Cheese Block,100,5,4,95,100,FALSE,100
1227,Packaged Food,Ching's Secret Chowmein Hakka Noodles Masala,60,10,2,54,100,FALSE,100
1228,Packaged Food,Mother's Recipe Madras Appalam,50,10,6,45,100,FALSE,100
1229,Cooking Essentials,On1y Sea Salt Grinder,89,0,6,89,100,FALSE,100
1230,Cooking Essentials,Satyam Nighties Spices  Chilli Bore,89,10,6,80,100,FALSE,100
1231,Cooking Essentials,Sugarfree Natural Green Stevia Leaves Zero Calorie,75,0,2,75,100,FALSE,100
1232,Cooking Essentials,Praakritik Organic Ginger Powder,139,10,6,125,100,FALSE,100
1233,Cooking Essentials,Popular Essentials Red Cherry/Gundu Chilli,95,0,6,95,100,FALSE,100
1234,Cooking Essentials,24 Mantra Organic Cumin Powder,70,0,6,70,100,FALSE,100
1235,Cooking Essentials,Popular Essentials Phool Makhana (Jumbo Size),150,14,0,128,100,TRUE,100
1236,Cooking Essentials,Everest Tikhalal Hot & Red Chilly Powder,47,2,0,46,100,TRUE,100
1237,Cooking Essentials,Popular Essentials Chia Seeds,50,2,0,49,100,TRUE,100
1238,Cooking Essentials,Popular Essentials Mustard Seeds Rai Big,20,0,0,20,100,TRUE,100
1239,Cooking Essentials,Everest Chat Masala,65,9,0,59,100,TRUE,100
1240,Cooking Essentials,Everest Coriander Powder,32,3,0,31,100,TRUE,100
1241,Cooking Essentials,Gits Jalebi with Maker Dessert Mix,75,16,6,63,100,FALSE,100
1242,Cooking Essentials,Weikfield Drinking Chocolate Powder,65,10,6,58,100,FALSE,100
1243,Cooking Essentials,On1y Black Salt Grinder,99,0,6,99,100,FALSE,100
1244,Cooking Essentials,Popular Essentials Nylon Til,40,2,6,39,100,FALSE,100
1245,Cooking Essentials,Popular Essentials Byadagi Chilli Stemless,80,0,6,80,100,FALSE,100
1246,Cooking Essentials,Popular Essentials Ajwain Whole,50,12,2,44,100,FALSE,100
1247,Cooking Essentials,Everest Meat Masala Powder,74,9,3,67,100,FALSE,100
1248,Cooking Essentials,Pillsbury Vanilla Custard Powder,37,2,6,36,100,FALSE,100
1249,Cooking Essentials,Sugarfree Gold Low Calorie Sweetner,65,6,3,61,110,FALSE,100
1250,Cooking Essentials,Popular Essentials Black Pepper,100,10,5,90,100,FALSE,100
1251,Cooking Essentials,24 Mantra Turmeric Powder,35,2,6,34,100,FALSE,100
1252,Cooking Essentials,Satyam Makhana,208,0,6,208,100,FALSE,100
1253,Cooking Essentials,Everest Dry Ginger Powder,75,9,4,68,100,FALSE,100
1254,Cooking Essentials,Eastern Fish Masala,48,2,5,47,100,FALSE,100
1255,Cooking Essentials,Satyam Nighties Spices  Chilli Pandi,56,7,5,52,100,FALSE,100
1256,Cooking Essentials,Popular Essentials Popular Essential Pista Salted (With Shell),190,10,6,171,100,FALSE,100
1257,Cooking Essentials,24 Mantra Organic Black Pepper,170,7,6,157,100,FALSE,100
1258,Cooking Essentials,Praakritik Orrganic Cold Pressed Sesame Oil,130,10,5,117,100,FALSE,100
1259,Cooking Essentials,Satyam Chilli  Bedgi,82,10,5,73,100,FALSE,100
1260,Cooking Essentials,Popular Essentials Black Til,50,6,4,47,100,FALSE,100
1261,Cooking Essentials,Popular Essentials Poppy Seeds (Gasagase),280,7,6,260,100,FALSE,100
1262,Cooking Essentials,Popular Essentials Guntur Chilli Stemless,40,2,2,39,100,FALSE,100
1263,Cooking Essentials,Everest Dry Mango Powder,80,0,5,80,100,FALSE,100
1264,Cooking Essentials,Popular Essentials Mustard Seeds Rai Yellow,25,0,5,25,100,FALSE,100
1265,Cooking Essentials,Praakritik Organic Extra Virgin Coconut Oil,150,10,5,134,100,FALSE,100
1266,Cooking Essentials,Praakritik Organic Garlic Powder,110,1,5,108,100,FALSE,100
1267,Cooking Essentials,Sugarfree Gold Low Calorie Sweetner ,125,5,6,118,100,FALSE,100
1268,Cooking Essentials,Everest Tandoori Chicken Masala,74,9,3,67,100,FALSE,100
1269,Cooking Essentials,Satyam Nighties Spices  Chilli Kashmiri,102,6,6,95,100,FALSE,100
1270,Cooking Essentials,Eastern Cumin Powder,49,2,6,48,100,FALSE,100
1271,Cooking Essentials,Everest Chicken Masala,74,2,6,72,100,FALSE,100
1272,Cooking Essentials,Popular Essentials White Til,40,5,1,38,100,FALSE,100
1273,Cooking Essentials,Eastern Chicken Masala,70,7,3,65,100,FALSE,100
1274,Cooking Essentials,Popular Essentials Methi Seeds,25,0,5,25,100,FALSE,100
1275,Cooking Essentials,Maggi Coconut Milkpowder,100,0,6,100,100,FALSE,100
1276,Cooking Essentials,Everest Pav Bhaji Masala,70,0,2,70,100,FALSE,100
1277,Cooking Essentials,24 Mantra Red Chilly Whole,70,7,1,65,100,FALSE,100
1278,Cooking Essentials,Weikfield Vanilla Flavoured Custard Powder,37,0,6,37,100,FALSE,100
1279,Cooking Essentials,Popular Essentials Anjeer,190,11,4,169,100,FALSE,100
1280,Cooking Essentials,Popular Essentials Mustard Seeds Rai Small,20,0,2,20,100,FALSE,100
1281,Cooking Essentials,Weikfield Baking Powder,33,3,6,32,100,FALSE,100
1282,Cooking Essentials,Everest Black Pepper Powder,135,14,6,115,100,FALSE,100
1283,Cooking Essentials,Everest Powder - Tea Masala,98,9,5,89,100,FALSE,100
1284,Cooking Essentials,Popular Essentials Jeera/Cumin Seeds,40,5,3,38,100,FALSE,100
1285,Cooking Essentials,Weikfield Baking Soda,30,3,6,29,100,FALSE,100
1286,Cooking Essentials,Everest Garam Masala,78,7,5,72,100,FALSE,100
1287,Cooking Essentials,Popular Essentials Pumpkin Seeds,90,16,6,75,100,FALSE,100
1288,Cooking Essentials,Everest Kitchen King Masala,70,14,2,60,100,FALSE,100
1289,Cooking Essentials,24 Mantra Organic Cumin,70,7,2,65,100,FALSE,100
1290,Cooking Essentials,Popular Essentials Saunf/Fennel Seeds,45,2,6,44,100,FALSE,100
1291,Fruits & Vegetables,Lettuce Red,20,15,3,17,100,FALSE,100
1292,Cooking Essentials,Popular Essentials Misri Dana (Diamond Sugar) ,15,0,4,15,100,FALSE,100
1293,Cooking Essentials,Dabur Ginger Garlic Paste,25,8,3,23,100,FALSE,100
1294,Cooking Essentials,Parachute Oil ,40,7,3,37,100,FALSE,100
1295,Cooking Essentials,Popular Essentials Plain Puffed Rice (Murmura/Muri),18,0,6,18,100,FALSE,100
1296,Fruits & Vegetables,Chilli Green ,19,15,3,16,100,FALSE,100
1297,Fruits & Vegetables,Mint Leaves ,11,18,3,9,100,FALSE,100
1298,Fruits & Vegetables,Garlic Indian ,11,18,3,9,100,FALSE,100
1299,Fruits & Vegetables,Coriander Leaves,20,15,3,17,100,FALSE,100
1300,Fruits & Vegetables,Pomegranate Peeled,58,15,2,49,100,FALSE,100
1301,Fruits & Vegetables,Basil,20,15,3,17,100,FALSE,100
1302,Fruits & Vegetables,Parsley,17,17,3,14,100,FALSE,100
1303,Fruits & Vegetables,Lettuce Green,23,17,3,19,100,FALSE,100
1304,Munchies,Everest Meat Masala Powder,74,9,3,67,100,FALSE,100
1305,Munchies,Pillsbury Vanilla Custard Powder,37,2,6,36,100,FALSE,100
1306,Munchies,Sugarfree Gold Low Calorie Sweetner,65,6,3,61,110,FALSE,100
1307,Munchies,Popular Essentials Black Pepper,100,10,5,90,100,FALSE,100
1308,Munchies,24 Mantra Turmeric Powder,35,2,6,34,100,FALSE,100
1309,Munchies,Eastern Fish Masala,48,2,5,47,100,FALSE,100
1310,Munchies,Satyam Makhana,208,0,6,208,100,FALSE,100
1311,Munchies,Popular Essentials Ajwain Whole,50,12,2,44,100,FALSE,100
1312,Munchies,Satyam Nighties Spices  Chilli Pandi,56,7,5,52,100,FALSE,100
1313,Munchies,Popular Essentials Popular Essential Pista Salted (With Shell),190,10,6,171,100,FALSE,100
1314,Munchies,Everest Dry Ginger Powder,75,9,4,68,100,FALSE,100
1315,Munchies,24 Mantra Organic Black Pepper,170,7,6,157,100,FALSE,100
1316,Munchies,Everest Chicken Masala,74,2,6,72,100,FALSE,100
1317,Munchies,Popular Essentials White Til,40,5,1,38,100,FALSE,100
1318,Munchies,Eastern Chicken Masala,70,7,3,65,100,FALSE,100
1319,Munchies,Popular Essentials Methi Seeds,25,0,5,25,100,FALSE,100
1320,Munchies,Maggi Coconut Milkpowder,100,0,6,100,100,FALSE,100
1321,Munchies,Everest Pav Bhaji Masala,70,0,2,70,100,FALSE,100
1322,Munchies,24 Mantra Red Chilly Whole,70,7,1,65,100,FALSE,100
1323,Cooking Essentials,Popular Essentials Black Raisins Seedless,60,10,0,54,100,TRUE,100
1324,Cooking Essentials,Popular Essentials Sabja/Basil Seeds,60,15,0,51,100,TRUE,100
1325,Munchies,Popular Essentials Misri Dana (Diamond Sugar) ,15,0,4,15,100,FALSE,100
1326,Munchies,Dabur Ginger Garlic Paste,25,8,3,23,100,FALSE,100
1327,Munchies,Everest Powder - Tea Masala,98,9,5,89,100,FALSE,100
1328,Munchies,Weikfield Vanilla Flavoured Custard Powder,37,0,6,37,100,FALSE,100
1329,Munchies,Popular Essentials Anjeer,190,11,4,169,100,FALSE,100
1330,Munchies,Popular Essentials Mustard Seeds Rai Small,20,0,2,20,100,FALSE,100
1331,Munchies,Weikfield Baking Powder,33,3,6,32,100,FALSE,100
1332,Munchies,Everest Kitchen King Masala,70,14,2,60,100,FALSE,100
1333,Munchies,24 Mantra Organic Cumin,70,7,2,65,100,FALSE,100
1334,Munchies,Everest Black Pepper Powder,135,14,6,115,100,FALSE,100
1335,Munchies,Popular Essentials Jeera/Cumin Seeds,40,5,3,38,100,FALSE,100
1336,Munchies,Weikfield Baking Soda,30,3,6,29,100,FALSE,100
1337,Munchies,Everest Garam Masala,78,7,5,72,100,FALSE,100
1338,Munchies,Popular Essentials Pumpkin Seeds,90,16,6,75,100,FALSE,100
1339,Munchies,Parachute Oil ,40,7,3,37,100,FALSE,100
1340,Munchies,Popular Essentials Plain Puffed Rice (Murmura/Muri),18,0,6,18,100,FALSE,100
1341,Munchies,Popular Essentials Saunf/Fennel Seeds,45,2,6,44,100,FALSE,100
1342,Munchies,Praakritik Orrganic Cold Pressed Sesame Oil,130,10,5,117,100,FALSE,100
1343,Munchies,Popular Essentials Poppy Seeds (Gasagase),280,7,6,260,100,FALSE,100
1344,Munchies,Satyam Chilli  Bedgi,82,10,5,73,100,FALSE,100
1345,Munchies,Popular Essentials Black Til,50,6,4,47,100,FALSE,100
1346,Munchies,Popular Essentials Guntur Chilli Stemless,40,2,2,39,100,FALSE,100
1347,Munchies,Everest Dry Mango Powder,80,0,5,80,100,FALSE,100
1348,Munchies,Popular Essentials Mustard Seeds Rai Yellow,25,0,5,25,100,FALSE,100
1349,Munchies,Praakritik Organic Extra Virgin Coconut Oil,150,10,5,134,100,FALSE,100
1350,Munchies,Praakritik Organic Garlic Powder,110,1,5,108,100,FALSE,100
1351,Munchies,Sugarfree Gold Low Calorie Sweetner ,125,5,6,118,100,FALSE,100
1352,Munchies,Everest Tandoori Chicken Masala,74,9,3,67,100,FALSE,100
1353,Munchies,Satyam Nighties Spices  Chilli Kashmiri,102,6,6,95,100,FALSE,100
1354,Munchies,Eastern Cumin Powder,49,2,6,48,100,FALSE,100
1355,Munchies,Weikfield Drinking Chocolate Powder,65,10,6,58,100,FALSE,100
1356,Munchies,Gits Jalebi with Maker Dessert Mix,75,16,6,63,100,FALSE,100
1357,Munchies,On1y Black Salt Grinder,99,0,6,99,100,FALSE,100
1358,Munchies,Popular Essentials Nylon Til,40,2,6,39,100,FALSE,100
1359,Munchies,Popular Essentials Byadagi Chilli Stemless,80,0,6,80,100,FALSE,100
1360,Munchies,Satyam Nighties Spices  Chilli Bore,89,10,6,80,100,FALSE,100
1361,Munchies,Sugarfree Natural Green Stevia Leaves Zero Calorie,75,0,2,75,100,FALSE,100
1362,Munchies,Praakritik Organic Ginger Powder,139,10,6,125,100,FALSE,100
1363,Munchies,On1y Sea Salt Grinder,89,0,6,89,100,FALSE,100
1364,Munchies,24 Mantra Organic Cumin Powder,70,0,6,70,100,FALSE,100
1365,Munchies,Popular Essentials Red Cherry/Gundu Chilli,95,0,6,95,100,FALSE,100
1366,Munchies,Popular Essentials Phool Makhana (Jumbo Size),150,14,0,128,100,TRUE,100
1367,Munchies,Everest Tikhalal Hot & Red Chilly Powder,47,2,0,46,100,TRUE,100
1368,Munchies,Popular Essentials Chia Seeds,50,2,0,49,100,TRUE,100
1369,Munchies,Everest Coriander Powder,32,3,0,31,100,TRUE,100
1370,Munchies,Popular Essentials Mustard Seeds Rai Big,20,0,0,20,100,TRUE,100
1371,Munchies,Everest Chat Masala,65,9,0,59,100,TRUE,100
1372,Beverages,Amul Butter - Pasteurised (School Pack),59,3,6,57,100,FALSE,100
1373,Beverages,Amul Delicious Fat Spread - Cholesterol Free,18,5,6,17,100,FALSE,100
1374,Beverages,Britannia Fruit Bun,17,0,3,17,100,FALSE,100
1375,Beverages,Britannia Burger Bun with Sesame Seed,15,0,4,15,100,FALSE,100
1376,Munchies,Popular Essentials Black Raisins Seedless,60,10,0,54,100,TRUE,100
1377,Munchies,Popular Essentials Sabja/Basil Seeds,60,15,0,51,100,TRUE,100
1378,Beverages,Amul Butter - Pasteurised,50,2,6,49,100,FALSE,100
1379,Personal Care,Old Spice After Shave Lotion Musk,215,6,3,200,100,FALSE,100
1380,Personal Care,Johnson's Baby Soap,70,0,6,70,100,FALSE,100
1381,Personal Care,Himalaya Baby Powder,80,8,4,73,100,FALSE,100
1382,Personal Care,Dove Pink Rosa Beauty Bathinhg Bar,60,0,6,60,100,FALSE,100
1383,Personal Care,Sebamed Cleansing Bar,99,10,4,89,100,FALSE,100
1384,Personal Care,Nivea Creme All Season Multi-Purpose Cream ,175,10,4,157,100,FALSE,100
1385,Personal Care,Godrej Cinthol Lime Talc,55,0,3,55,100,FALSE,100
1386,Personal Care,Clean & Clear Foaming Face Wash,140,10,4,126,100,FALSE,100
1387,Personal Care,Scalpe Pro Anti dandruff Shampoo 100ml,185,0,2,185,100,FALSE,100
1388,Personal Care,Johnson's Baby Cream,150,0,6,150,100,FALSE,100
1389,Personal Care,Mamaearth Ubtan Face Scrub Turmeric & Walnut,349,10,1,314,100,FALSE,100
1390,Personal Care,Johnson's Baby Lotion,100,0,4,100,100,FALSE,100
1391,Personal Care,Vaseline Original Skin Protecting Jelly,125,10,6,112,100,FALSE,100
1392,Personal Care,Clean & Clear Morning Energy Berry Face Wash,155,6,6,145,100,FALSE,100
1393,Personal Care,Himalaya Men Pimple Clear Neem Face Wash,180,9,2,163,100,FALSE,100
1394,Personal Care,Himalaya Prickly Heat Baby Powder,90,10,6,81,100,FALSE,100
1395,Personal Care,Johnson's Baby Oil,115,0,4,115,100,FALSE,100
1396,Personal Care,Clean & Clear Morning Energy Aqua Splash Face Wash,145,9,5,131,100,FALSE,100
1397,Personal Care,Bombay Shaving Company Charcoal Face Wash,249,0,4,249,100,FALSE,100
1398,Paan Corner,Nivea Soft Light Moisturizer for Face Hand & Body Non-Sticky Cream with Vitamin E & Jojoba Oil ,185,15,3,157,100,FALSE,100
1399,Paan Corner,Livon Anti-Frizz Serum,250,10,3,225,100,FALSE,100
1400,Paan Corner,Colgate Visible White Toothpaste,115,10,6,103,100,FALSE,100
1401,Paan Corner,Dabur Meswak Toothpaste,58,5,6,55,100,FALSE,100
1402,Personal Care,Nivea Soft Light Moisturizing Cream,185,15,6,157,100,FALSE,100
1403,Personal Care,Dove Pink Rosa Beauty Bathing Bar,245,9,6,221,100,FALSE,100
1404,Personal Care,Godrej No.1 Bathing Soap û Lime & Aloe Vera,100,16,0,84,500,TRUE,100
1405,Personal Care,Clean & Clear Morning Energy Lemon Face Wash,145,9,0,131,100,TRUE,100
1406,Personal Care,Bajaj Almond Drops Hair Oil,67,10,0,60,100,TRUE,100
1407,Personal Care,Dabur Gulabari Rose Glow Face Cleanse,75,5,4,71,100,FALSE,100
1408,Personal Care,Johnson's Baby No More Tears Baby Shampoo,98,0,5,98,100,FALSE,100
1409,Personal Care,Livon Anti-Frizz Serum,250,10,3,225,100,FALSE,100
1410,Personal Care,Nivea Soft Light Moisturizer for Face Hand & Body Non-Sticky Cream with Vitamin E & Jojoba Oil ,185,15,3,157,100,FALSE,100
1411,Personal Care,Indulekha Bhringa Hair Oil,432,15,6,367,100,FALSE,100
1412,Personal Care,Colgate Visible White Toothpaste,115,10,6,103,100,FALSE,100
1413,Personal Care,Dabur Meswak Toothpaste,58,5,6,55,100,FALSE,100
1414,Biscuits,Britannia Good Day Cashew Cookies,20,0,0,20,100,TRUE,100
1415,Biscuits,The Bake Shop Jeera Ajwain Bread Sticks,60,6,6,56,100,FALSE,100
1416,Biscuits,Britannia Pure Magic - Chocolush,35,2,6,34,100,FALSE,100
1417,Biscuits,The Bake Shop Whole Wheat Bread Sticks,60,6,1,56,100,FALSE,100
1418,Biscuits,Britannia Nutri Choice Digestive Biscuits Packet,25,0,0,25,100,TRUE,100
1419,Biscuits,The Bake Shop Maska Khari,65,6,0,61,200,TRUE,100
1420,Biscuits,Britannia Treat Jimjam Cream Biscuits ,25,0,0,25,100,TRUE,100
1421,Chocolates & Candies,Dabur Hommade - Imli Sauce Saunth,20,10,0,18,100,TRUE,100
1422,Biscuits,Britannia Good Day Pista Badam,20,0,6,20,100,FALSE,100
1423,Biscuits,Britannia Good Day Choco Chip Cookies,30,3,6,29,100,FALSE,100
1424,Biscuits,The Bake Shop Masala Cheese Crackers,95,6,3,89,100,FALSE,100
1425,Biscuits,Britannia Pure Magic Vanilla Creme Biscuit,35,17,4,29,100,FALSE,100
1426,Biscuits,Parle Hide & Seek Cookies With Added Almonds,30,3,1,29,100,FALSE,100
1427,Paan Corner,Johnson's Baby Soap,70,0,6,70,100,FALSE,100
1428,Paan Corner,Himalaya Baby Powder,80,8,4,73,100,FALSE,100
1429,Paan Corner,Old Spice After Shave Lotion Musk,215,6,3,200,100,FALSE,100
1430,Paan Corner,Johnson's Baby Lotion,100,0,4,100,100,FALSE,100
1431,Paan Corner,Dabur Gulabari Rose Glow Face Cleanse,75,5,4,71,100,FALSE,100
1432,Paan Corner,Indulekha Bhringa Hair Oil,432,15,6,367,100,FALSE,100
1433,Paan Corner,Johnson's Baby No More Tears Baby Shampoo,98,0,5,98,100,FALSE,100
1434,Paan Corner,Nivea Creme All Season Multi-Purpose Cream ,175,10,4,157,100,FALSE,100
1435,Paan Corner,Dove Pink Rosa Beauty Bathinhg Bar,60,0,6,60,100,FALSE,100
1436,Paan Corner,Sebamed Cleansing Bar,99,10,4,89,100,FALSE,100
1437,Paan Corner,Godrej Cinthol Lime Talc,55,0,3,55,100,FALSE,100
1438,Paan Corner,Mamaearth Ubtan Face Scrub Turmeric & Walnut,349,10,1,314,100,FALSE,100
1439,Paan Corner,Scalpe Pro Anti dandruff Shampoo 100ml,185,0,2,185,100,FALSE,100
1440,Paan Corner,Johnson's Baby Cream,150,0,6,150,100,FALSE,100
1441,Paan Corner,Clean & Clear Foaming Face Wash,140,10,4,126,100,FALSE,100
1442,Paan Corner,Himalaya Prickly Heat Baby Powder,90,10,6,81,100,FALSE,100
1443,Paan Corner,Vaseline Original Skin Protecting Jelly,125,10,6,112,100,FALSE,100
1444,Paan Corner,Clean & Clear Morning Energy Berry Face Wash,155,6,6,145,100,FALSE,100
1445,Paan Corner,Himalaya Men Pimple Clear Neem Face Wash,180,9,2,163,100,FALSE,100
1446,Paan Corner,Johnson's Baby Oil,115,0,4,115,100,FALSE,100
1447,Paan Corner,Bombay Shaving Company Charcoal Face Wash,249,0,4,249,100,FALSE,100
1448,Paan Corner,Clean & Clear Morning Energy Aqua Splash Face Wash,145,9,5,131,100,FALSE,100
1449,Paan Corner,Nivea Soft Light Moisturizing Cream,185,15,6,157,100,FALSE,100
1450,Paan Corner,Dove Pink Rosa Beauty Bathing Bar,245,9,6,221,100,FALSE,100
1451,Paan Corner,Godrej No.1 Bathing Soap û Lime & Aloe Vera,100,16,0,84,500,TRUE,100
1452,Health & Hygiene,Fine Life Cotton Balls,110,10,6,99,100,FALSE,100
1453,Health & Hygiene,Eno Regular Fruit Salt Energy Powder,130,0,6,130,100,FALSE,100
1454,Health & Hygiene,Baidyanath Isabgol,110,22,3,85,100,FALSE,100
1455,Health & Hygiene,Eno Fruit Salt Lemon Flavour Energy Powder,130,10,6,117,100,FALSE,100
1456,Health & Hygiene,Patanjali Hing Goli,65,10,4,58,100,FALSE,100
1457,Health & Hygiene,Baidyanath Isabgol,110,22,5,85,100,FALSE,100
1458,Health & Hygiene,Organic India Wheat Grass,395,20,4,316,100,FALSE,100
1459,Home & Cleaning,Mangalam Camphor Tablet Jar,280,10,6,252,100,FALSE,100
1460,Home & Cleaning,Odomos Mosquito Repellent Spray,90,8,0,82,100,TRUE,100
1461,Home & Cleaning,Origami Plates Plain,250,10,0,225,100,TRUE,100
1462,Home & Cleaning,Shubh kart - Nirmal Eco Box Chandan Agarbatti - 100g,65,13,5,56,100,FALSE,100
1463,Paan Corner,Clean & Clear Morning Energy Lemon Face Wash,145,9,0,131,100,TRUE,100
1464,Paan Corner,Bajaj Almond Drops Hair Oil,67,10,0,60,100,TRUE,100
1465,Home & Cleaning,Harpic Flushmatic In-Cistern Toilet Cleaner Blocks Marine,154,7,4,143,100,FALSE,100
1466,Home & Cleaning,Origami Cups Plain 100 units,155,14,5,132,100,FALSE,100
1467,Home & Cleaning,Shubh kart - Nirmal Eco Box Sugandhi Mogra Agarbatti - 100g,65,13,6,56,100,FALSE,100
1468,Home & Cleaning,Mortein PowerGard Rat Kill Cake,64,6,6,60,100,FALSE,100
1469,Home & Cleaning,Fevicol Mr.Original General Purpose White Glue ,50,2,6,49,105,FALSE,100
1470,Health & Hygiene,Dabur Honitus Herbal Cough Remedy Ayurvedic Syrup,105,15,0,89,100,TRUE,100
1471,Health & Hygiene,Dabur Nature Care Isabgol - Double Action,140,5,6,133,100,FALSE,100
1472,Munchies,Smith & Jones Pasta Masala,60,10,5,54,108,FALSE,108
1473,Cooking Essentials,Smith & Jones Pasta Masala,60,10,5,54,108,FALSE,108
1474,Personal Care,Glow & Lovely Advanced Multivitamin Face Cream,213,10,6,190,110,FALSE,110
1475,Paan Corner,Glow & Lovely Advanced Multivitamin Face Cream,213,10,6,190,110,FALSE,110
1476,Packaged Food,Pantai Green Curry Paste,150,14,5,128,114,FALSE,114
1477,Packaged Food,Pantai Red Curry Paste,150,14,3,128,114,FALSE,114
1478,Ice Cream & Desserts,Pantai Red Curry Paste,150,14,3,128,114,FALSE,114
1479,Ice Cream & Desserts,Pantai Green Curry Paste,150,14,5,128,114,FALSE,114
1480,Chocolates & Candies,Pantai Green Curry Paste,150,14,5,128,114,FALSE,114
1481,Chocolates & Candies,Pantai Red Curry Paste,150,14,3,128,114,FALSE,114
1482,Beverages,Laughing Cow Cheese 8 Portion 120Gm Imported,110,0,6,110,120,FALSE,120
1483,Paan Corner,Colgate Total 12 Whole Mouth Protection Toothpaste,120,10,6,108,120,FALSE,120
1484,Personal Care,Dabur Gulabari Premium Rose Water,48,2,0,47,120,TRUE,120
1485,Personal Care,Fogg Royal Fragrance Spray,230,0,4,230,150,FALSE,120
1486,Personal Care,Fogg Master - Royal Intense,250,0,5,250,120,FALSE,120
1487,Personal Care,Godrej Nupur Henna,75,0,5,75,150,FALSE,120
1488,Personal Care,Engage M2 Perfume Spray For Men,200,10,6,180,120,FALSE,120
1489,Personal Care,Engage M1 Perfume Spray for Men ,210,7,6,194,120,FALSE,120
1490,Personal Care,Colgate Total Charcoal Anticavity Toothpaste,110,10,3,99,120,FALSE,120
1491,Personal Care,Engage M4 Perfume Spray For Men,200,10,6,180,120,FALSE,120
1492,Personal Care,Engage M3 Perfume Spray for Men,200,10,3,180,120,FALSE,120
1493,Personal Care,Colgate Total 12 Whole Mouth Protection Toothpaste,120,10,6,108,120,FALSE,120
1494,Biscuits,Cadbury Oreo Strawberry Bicuits,30,3,0,29,120,TRUE,120
1495,Biscuits,Britannia Milk Bikis Milky Sandwich,25,0,0,25,120,TRUE,120
1496,Biscuits,Britannia Good Day Cashew Cookies Pack Of 6,120,10,6,108,120,FALSE,120
1497,Biscuits,McVitie's Oat Cookies,45,0,2,45,120,FALSE,120
1498,Biscuits,Britannia Good Day Nut Cookies,30,0,6,30,120,FALSE,120
1499,Biscuits,Parle Hide & Seek Choco Rolls,60,0,1,60,120,FALSE,120
1500,Biscuits,Parle Fab!o Vanilla Creme Sandwich Biscuit,30,3,6,29,120,FALSE,120
1501,Biscuits,Britannia Good Day Chunky Cookies,50,15,6,42.5,120,FALSE,120
1502,Biscuits,Britannia 50-50 Maska Chaska Biscuits,32,3,6,31,120,FALSE,120
1503,Biscuits,Parle Hide & Seek Choco Rolls,50,2,4,49,120,FALSE,120
1504,Biscuits,Britannia Treat Burst Choco Creme Fills,30,0,3,30,120,FALSE,120
1505,Home & Cleaning,Odomos lotion - Mosquito Repellent,90,8,6,82,120,FALSE,120
1506,Home & Cleaning,Mangaldeep Rose Puja Agarbatti ,65,9,4,59,120,FALSE,120
1507,Health & Hygiene,Dabur Regular Hajmola,45,6,6,42,120,FALSE,120
1508,Health & Hygiene,Dabur Hajmola Imli Digestive Tablets,45,6,6,42,120,FALSE,120
1509,Health & Hygiene,Dabur Hajmola Pudina - Digestive Tablets,45,6,6,42,120,FALSE,120
1510,Paan Corner,Fogg Royal Fragrance Spray,230,0,4,230,150,FALSE,120
1511,Paan Corner,Dabur Gulabari Premium Rose Water,48,2,0,47,120,TRUE,120
1512,Paan Corner,Fogg Master - Royal Intense,250,0,5,250,120,FALSE,120
1513,Paan Corner,Engage M2 Perfume Spray For Men,200,10,6,180,120,FALSE,120
1514,Paan Corner,Engage M1 Perfume Spray for Men ,210,7,6,194,120,FALSE,120
1515,Paan Corner,Colgate Total Charcoal Anticavity Toothpaste,110,10,3,99,120,FALSE,120
1516,Paan Corner,Godrej Nupur Henna,75,0,5,75,150,FALSE,120
1517,Paan Corner,Engage M4 Perfume Spray For Men,200,10,6,180,120,FALSE,120
1518,Paan Corner,Engage M3 Perfume Spray for Men,200,10,3,180,120,FALSE,120
1519,Paan Corner,Dove Cream Beauty Bathing Bar,235,9,6,212,125,FALSE,125
1520,Health & Hygiene,Dettol Antiseptic Disinfectant Liquid,66,0,6,66,125,FALSE,125
1521,Home & Cleaning,Dettol Antiseptic Disinfectant Liquid,66,0,6,66,125,FALSE,125
1522,Personal Care,Pears Pure & Gentle Glycerin Bath Soap,75,0,6,75,125,FALSE,125
1523,Personal Care,Lifebuoy Germ Protection Care Soap Bar,30,3,3,29,100,FALSE,125
1524,Personal Care,Lux International Creamy White Soap Bar,70,10,6,63,125,FALSE,125
1525,Personal Care,Dove Cream Beauty Bathing Bar,235,9,6,212,125,FALSE,125
1526,Paan Corner,Pears Pure & Gentle Glycerin Bath Soap,75,0,6,75,125,FALSE,125
1527,Paan Corner,Lifebuoy Germ Protection Care Soap Bar,30,3,3,29,100,FALSE,125
1528,Paan Corner,Lux International Creamy White Soap Bar,70,10,6,63,125,FALSE,125
1529,Personal Care,Woodwards Gripe Water ,50,0,4,50,130,FALSE,130
1530,Health & Hygiene,Dabur Hajmola Maha Candy - Aam+Imli,130,5,1,123,130,FALSE,130
1531,Paan Corner,Woodwards Gripe Water ,50,0,4,50,130,FALSE,130
1532,Packaged Food,Wingreens Cheesy Chipotle Sauce,99,49,1,50,130,FALSE,130
1533,Packaged Food,Ching's Secret  Noodles - Pad Thai Lemongras,200,0,5,200,130,FALSE,130
1534,Packaged Food,Ching's Secret  Pad Thai Noodles Green Curry,200,0,6,200,130,FALSE,130
1535,Packaged Food,Ching's Secret Pad Thai Noodles - Extra Hot Thai Chilli,200,0,6,200,130,FALSE,130
1536,Packaged Food,Ching's Secret Noodles - Pad Thai Original,200,0,6,200,130,FALSE,130
1537,Ice Cream & Desserts,Wingreens Cheesy Chipotle Sauce,99,49,1,50,130,FALSE,130
1538,Chocolates & Candies,Ching's Secret Noodles - Pad Thai Original,200,0,6,200,130,FALSE,130
1539,Chocolates & Candies,Ching's Secret Pad Thai Noodles - Extra Hot Thai Chilli,200,0,6,200,130,FALSE,130
1540,Chocolates & Candies,Ching's Secret  Pad Thai Noodles Green Curry,200,0,6,200,130,FALSE,130
1541,Chocolates & Candies,Ching's Secret  Noodles - Pad Thai Lemongras,200,0,5,200,130,FALSE,130
1542,Chocolates & Candies,Wingreens Cheesy Chipotle Sauce,99,49,1,50,130,FALSE,130
1543,Ice Cream & Desserts,Ching's Secret  Noodles - Pad Thai Lemongras,200,0,5,200,130,FALSE,130
1544,Ice Cream & Desserts,Ching's Secret  Pad Thai Noodles Green Curry,200,0,6,200,130,FALSE,130
1545,Ice Cream & Desserts,Ching's Secret Noodles - Pad Thai Original,200,0,6,200,130,FALSE,130
1546,Ice Cream & Desserts,Ching's Secret Pad Thai Noodles - Extra Hot Thai Chilli,200,0,6,200,130,FALSE,130
1547,Home & Cleaning,Odonil Room Spray Air Freshener Citrus Fres,150,12,4,132,137,FALSE,137
1548,Home & Cleaning,Odonil Room Air Freshener Spray - Lavender Mist,150,12,1,132,137,FALSE,137
1549,Home & Cleaning,Rin Detergent Bar,10,0,0,10,140,TRUE,140
1550,Beverages,D'lecta Shredded Mozzarella Cheese,100,5,0,95,140,TRUE,140
1551,Beverages,The Bake Shop Pizza Base Whole Wheat,30,0,0,30,150,TRUE,150
1552,Beverages,D'lecta Cream Cheese,169,4,4,161,150,FALSE,150
1553,Packaged Food,Ching's Secret Just Soak - Veg Hakka Noodles,30,0,5,30,150,FALSE,150
1554,Packaged Food,Ching's Secret Just Soak - Whole Wheat Veg Hakka Noodle,32,0,3,32,150,FALSE,150
1555,Packaged Food,Tong Garden Wasabi Green Peas,175,4,6,167,150,FALSE,150
1556,Ice Cream & Desserts,Tong Garden Wasabi Green Peas,175,4,6,167,150,FALSE,150
1557,Ice Cream & Desserts,Ching's Secret Just Soak - Veg Hakka Noodles,30,0,5,30,150,FALSE,150
1558,Ice Cream & Desserts,Ching's Secret Just Soak - Whole Wheat Veg Hakka Noodle,32,0,3,32,150,FALSE,150
1559,Chocolates & Candies,Ching's Secret Just Soak - Whole Wheat Veg Hakka Noodle,32,0,3,32,150,FALSE,150
1560,Chocolates & Candies,Tong Garden Wasabi Green Peas,175,4,6,167,150,FALSE,150
1561,Chocolates & Candies,Ching's Secret Just Soak - Veg Hakka Noodles,30,0,5,30,150,FALSE,150
1562,Cooking Essentials,Weikfield Cooker Cake Mix - Chocolate,95,6,6,89,150,FALSE,150
1563,Cooking Essentials,Delight Nuts Dried Blueberries ,540,20,6,432,150,FALSE,150
1564,Cooking Essentials,Weikfield Cooker Cake Mix - Vanilla,95,0,6,95,150,FALSE,150
1565,Cooking Essentials,Cadbury Cocoa Powder,223,5,6,211,150,FALSE,150
1566,Cooking Essentials,Cornitos Peanut - Premium Salted ,120,10,6,108,150,FALSE,150
1567,Munchies,Weikfield Cooker Cake Mix - Chocolate,95,6,6,89,150,FALSE,150
1568,Munchies,Delight Nuts Dried Blueberries ,540,20,6,432,150,FALSE,150
1569,Beverages,The Bake Shop Pizza Base,30,0,1,30,150,FALSE,150
1570,Munchies,Weikfield Cooker Cake Mix - Vanilla,95,0,6,95,150,FALSE,150
1571,Munchies,Cadbury Cocoa Powder,223,5,6,211,150,FALSE,150
1572,Munchies,Cornitos Peanut - Premium Salted ,120,10,6,108,150,FALSE,150
1573,Home & Cleaning,Surf Excel Stain Eraser,18,0,1,18,150,FALSE,150
1574,Home & Cleaning,Shubh kart - Nirmal 5 in 1 Agarbatti Zipper - 150g,65,13,6,56,150,FALSE,150
1575,Paan Corner,Engage Deo Frost,195,9,6,176,150,FALSE,150
1576,Paan Corner,Set Wet Swag Avatar Deodorant & Body Spray Perfume For Men,199,0,1,199,150,FALSE,150
1577,Paan Corner,Set Wet Deodrant Charm Avatar,199,0,1,199,150,FALSE,150
1578,Paan Corner,Closeup Everfresh+ Anti-Germ Gel Toothpaste Red Hot,90,10,0,81,150,TRUE,150
1579,Paan Corner,Mamaearth Moisturizing Baby Bath Soap,249,0,4,249,150,FALSE,150
1580,Paan Corner,Fogg Paradise Fragrant Body Spray For Women ,250,0,6,250,150,FALSE,150
1581,Paan Corner,Johnson's Baby Soap,105,0,6,105,150,FALSE,150
1582,Paan Corner,Engage Rush Deodorant For Men,190,11,6,169,150,FALSE,150
1583,Paan Corner,Engage Man Rush Deodorant,195,9,6,176,150,FALSE,150
1584,Paan Corner,Clean & Clear Foaming Face Wash,180,10,6,162,150,FALSE,150
1585,Paan Corner,Himalaya Purifying Neem Face Wash,170,10,6,153,150,FALSE,150
1586,Paan Corner,Mamaearth Onion Hair Oil,399,10,6,359,150,FALSE,150
1587,Paan Corner,Engage Mate For Man Deo Spray,195,10,5,174,150,FALSE,150
1588,Paan Corner,Old Spice Original After Shave Lotion,250,0,1,250,150,FALSE,150
1589,Paan Corner,Nivea Women Deodorant Fresh Natural Long Lasting Freshness & 48h Protection,199,20,2,159,150,FALSE,150
1590,Paan Corner,Engage Woman Blush Body Deo Spray,195,10,5,174,150,FALSE,150
1591,Paan Corner,Axe Dark Temptation Men's Deodorant,210,7,5,194,150,FALSE,150
1592,Paan Corner,Hamam Soap Bar Neem Tulsi and Aloe Vera,58,0,6,58,150,FALSE,150
1593,Paan Corner,Axe Pulse Men's Deodorant,210,0,6,210,150,FALSE,150
1594,Paan Corner,Patanjali Saundarya Aloe Vera Gel,90,0,5,90,150,FALSE,150
1595,Personal Care,Engage Deo Frost,195,9,6,176,150,FALSE,150
1596,Personal Care,Set Wet Swag Avatar Deodorant & Body Spray Perfume For Men,199,0,1,199,150,FALSE,150
1597,Personal Care,Set Wet Deodrant Charm Avatar,199,0,1,199,150,FALSE,150
1598,Personal Care,Engage Man Rush Deodorant,195,9,6,176,150,FALSE,150
1599,Personal Care,Clean & Clear Foaming Face Wash,180,10,6,162,150,FALSE,150
1600,Paan Corner,Colgate Max Fresh Cooling Crystals Toothpaste,101,5,2,95,150,FALSE,150
1601,Paan Corner,Nivea Men Deodorant Fresh Active 48h Long lasting Freshness,225,24,6,169,150,FALSE,150
1602,Personal Care,Fogg Paradise Fragrant Body Spray For Women ,250,0,6,250,150,FALSE,150
1603,Personal Care,Mamaearth Moisturizing Baby Bath Soap,249,0,4,249,150,FALSE,150
1604,Personal Care,Closeup Everfresh+ Anti-Germ Gel Toothpaste Red Hot,90,10,0,81,150,TRUE,150
1605,Personal Care,Mamaearth Onion Hair Oil,399,10,6,359,150,FALSE,150
1606,Personal Care,Himalaya Purifying Neem Face Wash,170,10,6,153,150,FALSE,150
1607,Personal Care,Engage Woman Blush Body Deo Spray,195,10,5,174,150,FALSE,150
1608,Personal Care,Nivea Women Deodorant Fresh Natural Long Lasting Freshness & 48h Protection,199,20,2,159,150,FALSE,150
1609,Personal Care,Axe Dark Temptation Men's Deodorant,210,7,5,194,150,FALSE,150
1610,Personal Care,Hamam Soap Bar Neem Tulsi and Aloe Vera,58,0,6,58,150,FALSE,150
1611,Personal Care,Johnson's Baby Soap,105,0,6,105,150,FALSE,150
1612,Personal Care,Engage Rush Deodorant For Men,190,11,6,169,150,FALSE,150
1613,Personal Care,Engage Mate For Man Deo Spray,195,10,5,174,150,FALSE,150
1614,Personal Care,Old Spice Original After Shave Lotion,250,0,1,250,150,FALSE,150
1615,Personal Care,Nivea Men Deodorant Fresh Active 48h Long lasting Freshness,225,24,6,169,150,FALSE,150
1616,Personal Care,Colgate Max Fresh Cooling Crystals Toothpaste,101,5,2,95,150,FALSE,150
1617,Biscuits,Sunfeast Dark Fantasy Bourbon Bliss,35,0,0,35,150,TRUE,150
1618,Personal Care,Axe Pulse Men's Deodorant,210,0,6,210,150,FALSE,150
1619,Personal Care,Patanjali Saundarya Aloe Vera Gel,90,0,5,90,150,FALSE,150
1620,Biscuits,Dukes Nibbles - Ranch Crackers,50,0,6,50,150,FALSE,150
1621,Biscuits,The Bake Shop Sesame Seed Crackers,130,10,4,116,100,FALSE,150
1622,Biscuits,The Bake Shop Maska & Multigrain Cheese Crackers,130,10,3,116,100,FALSE,150
1623,Biscuits,Britannia Nutri Choice Ragi Cookies,70,10,6,63,150,FALSE,150
1624,Biscuits,Parle Fab Bourbon,30,0,3,30,150,FALSE,150
1625,Biscuits,Unibic Oatmeal Digestive Cookies ,50,6,6,47,150,FALSE,150
1626,Biscuits,Parle Fab! Jam-In Cream Filled ,35,2,0,34,150,TRUE,150
1627,Biscuits,Sunfeast Nice Biscuit,25,12,0,22,150,TRUE,150
1628,Biscuits,Britannia Nice Time Biscuit,25,0,0,25,150,TRUE,150
1629,Biscuits,Britannia Bourbon Chocolate Cream Biscuits,35,2,0,34,150,TRUE,150
1630,Biscuits,Sunfeast Dark Fantasy Bourbon Bliss,35,17,0,29,150,TRUE,150
1631,Biscuits,Cadbury Chocobakes Choc Filled Cookies,60,0,6,60,150,FALSE,150
1632,Biscuits,Dukes Sour & Cream Onion Nibbles Baked,55,25,3,41,150,FALSE,150
1633,Biscuits,Cadbury Oreo Dipped Biscuit,70,10,1,63,150,FALSE,150
1634,Biscuits,Sunfeast Farmlite Oats & Almonds Biscuits Packet,60,10,3,54,150,FALSE,150
1635,Biscuits,Britannia Nutri Choice Digestive Biscuit,45,0,1,45,200,FALSE,150
1636,Chocolates & Candies,Kellogg's Chocos Combo Pack,60,6,0,56,156,TRUE,156
1637,Ice Cream & Desserts,Kellogg's Chocos Combo Pack,60,6,0,56,156,TRUE,156
1638,Packaged Food,Kellogg's Chocos Combo Pack,60,6,0,56,156,TRUE,156
1639,Munchies,Pillsbury Cooker Cake Mix - Choco,100,11,6,89,159,FALSE,159
1640,Cooking Essentials,Pillsbury Cooker Cake Mix - Choco,100,11,6,89,159,FALSE,159
1641,Personal Care,L'Oreal Paris Casting Creme Gloss Hair Color (Dark Brown 400),550,0,4,550,159,FALSE,159
1642,Paan Corner,L'Oreal Paris Casting Creme Gloss Hair Color (Dark Brown 400),550,0,4,550,159,FALSE,159
1643,Paan Corner,Colgate Sensitive Plus Enamel Toothpaste Tube,140,0,6,140,160,FALSE,160
1644,Personal Care,Colgate Sensitive Plus Enamel Toothpaste Tube,140,0,6,140,160,FALSE,160
1645,Chocolates & Candies,Sundrop Cocoa Nut Hazelnut Chocolatey Spread,120,0,6,120,160,FALSE,160
1646,Cooking Essentials,Tong Garden Salted Cocktail Nuts,295,9,5,266,160,FALSE,160
1647,Munchies,Tong Garden Salted Cocktail Nuts,295,9,5,266,160,FALSE,160
1648,Packaged Food,Sundrop Cocoa Nut Hazelnut Chocolatey Spread,120,0,6,120,160,FALSE,160
1649,Ice Cream & Desserts,MTR Upma,50,10,6,45,160,FALSE,160
1650,Packaged Food,MTR Upma,50,10,6,45,160,FALSE,160
1651,Beverages,Go Cheese Processed Angles Plain,100,5,6,95,160,FALSE,160
1652,Ice Cream & Desserts,Sundrop Cocoa Nut Hazelnut Chocolatey Spread,120,0,6,120,160,FALSE,160
1653,Chocolates & Candies,MTR Upma,50,10,6,45,160,FALSE,160
1654,Beverages,Pillsbury Pancake Mix - Funfetti,99,11,0,88,162,TRUE,162
1655,Beverages,Pillsbury Choco Chip Pancake Mix,99,5,6,94,165,FALSE,165
1656,Munchies,Pillsbury Choco Chip Pancake Mix,99,5,6,94,165,FALSE,165
1657,Cooking Essentials,Pillsbury Choco Chip Pancake Mix,99,5,6,94,165,FALSE,165
1658,Biscuits,Lotte Choco Pie ,80,10,3,72,168,FALSE,168
1659,Biscuits,Lotte Choco Pie Cocoa Pie,90,10,6,81,168,FALSE,168
1660,Health & Hygiene,Savlon Surface Disinfectant Spray,165,10,6,148,170,FALSE,170
1661,Packaged Food,Ching's Secret Chilli Vinegar,50,0,4,50,170,FALSE,170
1662,Ice Cream & Desserts,Ching's Secret Chilli Vinegar,50,0,4,50,170,FALSE,170
1663,Chocolates & Candies,Ching's Secret Chilli Vinegar,50,0,4,50,170,FALSE,170
1664,Chocolates & Candies,Moi Soi Sichuan Chilli Oil- For Stir Fry Marinade Spread & Dip,280,50,5,140,175,FALSE,175
1665,Chocolates & Candies,Kelloggs Chocos Fills Double Chocolat,99,11,6,88,175,FALSE,175
1666,Chocolates & Candies,Moi Soi Kung Pao Sauce - For Stir Fry Marinade Spread & Dip,280,50,5,140,175,FALSE,175
1667,Chocolates & Candies,Moi Soi  Black Bean Sauce - Dip Spread Stir Fry & Marinade,280,50,5,140,175,FALSE,175
1668,Ice Cream & Desserts,Moi Soi Manchurian Sauce - For Stir Fry Marinade Spread & Dip,280,50,6,140,175,FALSE,175
1669,Ice Cream & Desserts,Moi Soi Sichuan Chilli Oil- For Stir Fry Marinade Spread & Dip,280,50,5,140,175,FALSE,175
1670,Ice Cream & Desserts,Kelloggs Chocos Fills Double Chocolat,99,11,6,88,175,FALSE,175
1671,Ice Cream & Desserts,Moi Soi  Black Bean Sauce - Dip Spread Stir Fry & Marinade,280,50,5,140,175,FALSE,175
1672,Ice Cream & Desserts,Moi Soi Kung Pao Sauce - For Stir Fry Marinade Spread & Dip,280,50,5,140,175,FALSE,175
1673,Packaged Food,Moi Soi Manchurian Sauce - For Stir Fry Marinade Spread & Dip,280,50,6,140,175,FALSE,175
1674,Packaged Food,Moi Soi  Black Bean Sauce - Dip Spread Stir Fry & Marinade,280,50,5,140,175,FALSE,175
1675,Packaged Food,Moi Soi Kung Pao Sauce - For Stir Fry Marinade Spread & Dip,280,50,5,140,175,FALSE,175
1676,Packaged Food,Kelloggs Chocos Fills Double Chocolat,99,11,6,88,175,FALSE,175
1677,Packaged Food,Moi Soi Sichuan Chilli Oil- For Stir Fry Marinade Spread & Dip,280,50,5,140,175,FALSE,175
1678,Paan Corner,Dove Hair Fall Rescue Conditioner,190,0,4,190,175,FALSE,175
1679,Paan Corner,Clinic Plus Strength & Shine Shampoo With Egg Protein ,105,0,2,105,175,FALSE,175
1680,Chocolates & Candies,Moi Soi Manchurian Sauce - For Stir Fry Marinade Spread & Dip,280,50,6,140,175,FALSE,175
1681,Personal Care,Dove Hair Fall Rescue Conditioner,190,0,4,190,175,FALSE,175
1682,Personal Care,Clinic Plus Strength & Shine Shampoo With Egg Protein ,105,0,2,105,175,FALSE,175
1683,Personal Care,Head & Shoulders Anti-Dandruff Smooth & Silky Shampoo,150,0,4,150,180,FALSE,180
1684,Personal Care,Pantene Advanced Control Hair Fall Solution Shampoo,120,6,5,112,180,FALSE,180
1685,Personal Care,Dove Dandruff Care Shampoo,158,6,5,147,180,FALSE,180
1686,Personal Care,Pantene Advanced Hair Fall Solution Shampoo - Total Damage Care,120,0,5,120,180,FALSE,180
1687,Personal Care,Head & shoulders Anti Dandruff Shampoo Cool Menthol,170,0,6,170,180,FALSE,180
1688,Personal Care,Dove Hair Fall Rescue Shampoo,137,10,4,123,180,FALSE,180
1689,Personal Care,Head & Shoulders 2-in-1 Cool Menthol Anti Dandruff Shampoo + Conditioner,375,0,1,375,340,FALSE,180
1690,Personal Care,Dove Daily Shine Conditioner,190,0,6,190,175,FALSE,180
1691,Personal Care,Park Avenue Beer Shampoo ,155,9,4,140,180,FALSE,180
1692,Personal Care,Pantene Advanced Hair Fall Solution Silky Smooth Care Shampoo,120,6,6,112,180,FALSE,180
1693,Personal Care,Pantene Total Damage Care Shampoo,120,0,6,120,180,FALSE,180
1694,Chocolates & Candies,Del Monte Natural Vinegar ,55,3,0,53,180,TRUE,180
1695,Personal Care,Head & Shoulders 2 In 1 Anti Dandruff Shampoo Conditioner ,195,10,4,174,180,FALSE,180
1696,Personal Care,Dabur Amla Hair Oil,88,0,2,88,180,FALSE,180
1697,Personal Care,Dove Hair Fall Rescue Shampoo,150,6,5,141,180,FALSE,180
1698,Personal Care,L'Oreal Paris Total Repair 5 Conditioner,199,0,6,199,192,FALSE,180
1699,Paan Corner,Head & Shoulders Anti-Dandruff Smooth & Silky Shampoo,150,0,4,150,180,FALSE,180
1700,Paan Corner,Pantene Advanced Control Hair Fall Solution Shampoo,120,6,5,112,180,FALSE,180
1701,Paan Corner,Head & Shoulders 2 In 1 Anti Dandruff Shampoo Conditioner ,195,10,4,174,180,FALSE,180
1702,Paan Corner,Dove Hair Fall Rescue Shampoo,150,6,5,141,180,FALSE,180
1703,Paan Corner,Dabur Amla Hair Oil,88,0,2,88,180,FALSE,180
1704,Paan Corner,L'Oreal Paris Total Repair 5 Conditioner,199,0,6,199,192,FALSE,180
1705,Paan Corner,Dove Dandruff Care Shampoo,158,6,5,147,180,FALSE,180
1706,Paan Corner,Pantene Advanced Hair Fall Solution Shampoo - Total Damage Care,120,0,5,120,180,FALSE,180
1707,Paan Corner,Head & shoulders Anti Dandruff Shampoo Cool Menthol,170,0,6,170,180,FALSE,180
1708,Paan Corner,Dove Hair Fall Rescue Shampoo,137,10,4,123,180,FALSE,180
1709,Paan Corner,Head & Shoulders 2-in-1 Cool Menthol Anti Dandruff Shampoo + Conditioner,375,0,1,375,340,FALSE,180
1710,Paan Corner,Dove Daily Shine Conditioner,190,0,6,190,175,FALSE,180
1711,Paan Corner,Park Avenue Beer Shampoo ,155,9,4,140,180,FALSE,180
1712,Paan Corner,Pantene Advanced Hair Fall Solution Silky Smooth Care Shampoo,120,6,6,112,180,FALSE,180
1713,Paan Corner,Pantene Total Damage Care Shampoo,120,0,6,120,180,FALSE,180
1714,Health & Hygiene,Hajmola Anardana Digestive Tablets,45,6,2,42,120,FALSE,180
1715,Packaged Food,Pedigree Dentastix  Dog Treat Oral Care for Adult Medium Breed ,175,20,6,140,180,FALSE,180
1716,Packaged Food,Wingreens Farms Chipotle Dip,200,25,1,150,180,FALSE,180
1717,Packaged Food,Cornitos Cornitos Taco Shells - 6 Inches,160,20,4,128,180,FALSE,180
1718,Packaged Food,Amul Cheese Spread Creamy,85,5,6,80,180,FALSE,180
1719,Packaged Food,Ferrero Nutella Hazelnut Spread,220,5,2,207,180,FALSE,180
1720,Beverages,The Laughing Cow Cheese Spread Plain,110,0,6,110,180,FALSE,180
1721,Packaged Food,The Laughing Cow Cheese Spread Plain,110,0,6,110,180,FALSE,180
1722,Packaged Food,MTR Vermicelli Payasam,75,0,6,75,180,FALSE,180
1723,Packaged Food,Del Monte Natural Vinegar ,55,3,0,53,180,TRUE,180
1724,Ice Cream & Desserts,Amul Cheese Spread Creamy,85,5,6,80,180,FALSE,180
1725,Ice Cream & Desserts,Ferrero Nutella Hazelnut Spread,220,5,2,207,180,FALSE,180
1726,Ice Cream & Desserts,Wingreens Farms Chipotle Dip,200,25,1,150,180,FALSE,180
1727,Ice Cream & Desserts,Pedigree Dentastix  Dog Treat Oral Care for Adult Medium Breed ,175,20,6,140,180,FALSE,180
1728,Ice Cream & Desserts,Cornitos Cornitos Taco Shells - 6 Inches,160,20,4,128,180,FALSE,180
1729,Ice Cream & Desserts,The Laughing Cow Cheese Spread Plain,110,0,6,110,180,FALSE,180
1730,Ice Cream & Desserts,MTR Vermicelli Payasam,75,0,6,75,180,FALSE,180
1731,Ice Cream & Desserts,Del Monte Natural Vinegar ,55,3,0,53,180,TRUE,180
1732,Chocolates & Candies,MTR Vermicelli Payasam,75,0,6,75,180,FALSE,180
1733,Chocolates & Candies,The Laughing Cow Cheese Spread Plain,110,0,6,110,180,FALSE,180
1734,Chocolates & Candies,Amul Cheese Spread Creamy,85,5,6,80,180,FALSE,180
1735,Chocolates & Candies,Ferrero Nutella Hazelnut Spread,220,5,2,207,180,FALSE,180
1736,Chocolates & Candies,Wingreens Farms Chipotle Dip,200,25,1,150,180,FALSE,180
1737,Chocolates & Candies,Pedigree Dentastix  Dog Treat Oral Care for Adult Medium Breed ,175,20,6,140,180,FALSE,180
1738,Chocolates & Candies,Cornitos Cornitos Taco Shells - 6 Inches,160,20,4,128,180,FALSE,180
1739,Cooking Essentials,Gits Khaman Dhokla Instant Snack Mix,65,6,6,61,180,FALSE,180
1740,Cooking Essentials,Tong Garden Wasabi Coated Greenpeas Tin,200,11,6,178,180,FALSE,180
1741,Munchies,Gits Khaman Dhokla Instant Snack Mix,65,6,6,61,180,FALSE,180
1742,Munchies,Tong Garden Wasabi Coated Greenpeas Tin,200,11,6,178,180,FALSE,180
1743,Beverages,Amul Cheese Spread Creamy,85,5,6,80,180,FALSE,180
1744,Biscuits,Britannia Toastea Premium Bake Rusk,35,0,3,35,182,FALSE,182
1745,Biscuits,Bauli Moonfills Pack of 4,60,10,6,54,180,FALSE,190
1746,Chocolates & Candies,Del Monte Schezwan Sauce,55,0,0,55,190,TRUE,190
1747,Personal Care,Parachute Jasmine Hair Oil,82,9,6,74,190,FALSE,190
1748,Personal Care,TRESemme Smooth And Shine Conditioner,210,13,1,182,190,FALSE,190
1749,Personal Care,TRESemme Smooth And Shine Conditioner,220,0,5,220,190,FALSE,190
1750,Paan Corner,TRESemme Smooth And Shine Conditioner,210,13,1,182,190,FALSE,190
1751,Paan Corner,TRESemme Smooth And Shine Conditioner,220,0,5,220,190,FALSE,190
1752,Paan Corner,Parachute Jasmine Hair Oil,82,9,6,74,190,FALSE,190
1753,Chocolates & Candies,Del Monte Red Chili Sauce,55,0,5,55,190,FALSE,190
1754,Chocolates & Candies,Del Monte Green Chili Sauce,55,0,3,55,190,FALSE,190
1755,Chocolates & Candies,Cantina Tortilla Dip Sauce Sour Creamy Tex Mex,225,15,5,191,190,FALSE,190
1756,Ice Cream & Desserts,Del Monte Schezwan Sauce,55,0,0,55,190,TRUE,190
1757,Ice Cream & Desserts,Del Monte Red Chili Sauce,55,0,5,55,190,FALSE,190
1758,Ice Cream & Desserts,Del Monte Green Chili Sauce,55,0,3,55,190,FALSE,190
1759,Ice Cream & Desserts,Cantina Tortilla Dip Sauce Sour Creamy Tex Mex,225,15,5,191,190,FALSE,190
1760,Packaged Food,Del Monte Schezwan Sauce,55,0,0,55,190,TRUE,190
1761,Packaged Food,Del Monte Red Chili Sauce,55,0,5,55,190,FALSE,190
1762,Packaged Food,Del Monte Green Chili Sauce,55,0,3,55,190,FALSE,190
1763,Packaged Food,Cantina Tortilla Dip Sauce Sour Creamy Tex Mex,225,15,5,191,190,FALSE,190
1764,Paan Corner,L'Oreal 6 Oil Nourish Conditioner,135,0,1,135,192,FALSE,192
1765,Paan Corner,L'Oreal Paris Color Protect Conditioner,199,0,3,199,192,FALSE,192
1766,Paan Corner,L'Oreal Paris Dream Lengths Shampoo,149,0,6,149,192,FALSE,192
1767,Paan Corner,L'Oreal Anti Hair Fall Conditioner,199,0,6,199,192,FALSE,192
1768,Personal Care,L'Oreal Paris Dream Lengths Shampoo,149,0,6,149,192,FALSE,192
1769,Personal Care,L'Oreal Anti Hair Fall Conditioner,199,0,6,199,192,FALSE,192
1770,Personal Care,L'Oreal 6 Oil Nourish Conditioner,135,0,1,135,192,FALSE,192
1771,Personal Care,L'Oreal Paris Color Protect Conditioner,199,0,3,199,192,FALSE,192
1772,Personal Care,L'Oreal Paris Dream Lengths Conditioner,199,0,1,199,193,FALSE,193
1773,Personal Care,L'Oreal Paris Dream Lengths Conditioner,209,0,3,209,193,FALSE,193
1774,Paan Corner,L'Oreal Paris Dream Lengths Conditioner,199,0,1,199,193,FALSE,193
1775,Paan Corner,L'Oreal Paris Dream Lengths Conditioner,209,0,3,209,193,FALSE,193
1776,Paan Corner,Gillette Classic Regular Pre Shave Foam,199,0,4,199,196,FALSE,196
1777,Paan Corner,Gillette Lemon Lime Shaving Foam,199,11,4,177,196,FALSE,196
1778,Personal Care,Gillette Lemon Lime Shaving Foam,199,11,4,177,196,FALSE,196
1779,Personal Care,Gillette Classic Regular Pre Shave Foam,199,0,4,199,196,FALSE,196
1780,Personal Care,Johnson's Baby Shampoo,180,0,6,180,200,FALSE,200
1781,Personal Care,Dabur Meswak Toothpaste,100,0,1,100,200,FALSE,200
1782,Personal Care,Patanjali Kesh Kanti Reetha Hair Cleanser,85,0,5,85,200,FALSE,200
1783,Personal Care,Nivea Cocoa Nourish Body Lotion With Coconut Oil & Cocoa Butter For Very Dry Skin ,299,17,5,247,200,FALSE,200
1784,Personal Care,Nivea Soft Light Moisturizer for Face Hand & Body Non-Sticky Cream with Vitamin E & Jojoba Oil,310,15,6,263,200,FALSE,200
1785,Personal Care,Himalaya Baby Lotion,165,12,3,145,200,FALSE,200
1786,Personal Care,Sebamed Anti - Dandruff Shampoo,600,10,2,540,200,FALSE,200
1787,Personal Care,Patanjali Kesh Kanti Anti Dandruff Hair Cleanser,110,0,6,110,200,FALSE,200
1788,Personal Care,Himalaya Gentle Baby Bath,165,9,6,150,200,FALSE,200
1789,Personal Care,Dettol Liquid Handwash With Free Liquid,99,0,6,99,200,FALSE,200
1790,Personal Care,Himalaya Anti Dandruff Shampoo,140,10,1,126,200,FALSE,200
1791,Personal Care,Patanjali Kesh Kanti Natural Hair Cleanser,75,9,4,68,200,FALSE,200
1792,Personal Care,Patanjali Kesh Kanti Shikakai Hair Cleanser,95,0,4,95,200,FALSE,200
1793,Personal Care,Johnson's Baby Powder,143,0,6,143,200,FALSE,200
1794,Personal Care,Mamaearth Deeply Nourishing wash for Babies,199,0,4,199,200,FALSE,200
1795,Personal Care,Himalaya Anti Hair Fall Shampoo,130,12,2,114,200,FALSE,200
1796,Personal Care,Woodward's Gripe Water,75,0,6,75,200,FALSE,200
1797,Personal Care,Himalaya Gentle Baby Shampoo,170,14,6,146,200,FALSE,200
1798,Personal Care,Revive Revive Liquid,71,0,6,71,200,FALSE,200
1799,Personal Care,Pantene Hairfall Control Conditioner,190,6,6,178,200,FALSE,200
1800,Personal Care,Mamaearth Vitamin C Face Toner,399,0,1,399,200,FALSE,200
1801,Personal Care,Bajaj Almond Drops Hair Oil Bottle,130,7,0,120,200,TRUE,200
1802,Paan Corner,Colgate Herbal Toothpaste,114,18,2,93,200,FALSE,200
1803,Paan Corner,Nycil Germ Expert Cool Herbal Talc,130,8,1,119,150,FALSE,200
1804,Personal Care,Johnson's Baby Oil,200,0,6,200,200,FALSE,200
1805,Personal Care,Savlon Moisture Shield Hand Wash,69,0,5,69,200,FALSE,200
1806,Personal Care,Nivea Body Lotion Aloe Hydration For Normal Skin ,275,10,6,247,200,FALSE,200
1807,Personal Care,Mamaearth Daily Moisturizing Lotion For Babies,199,0,6,199,200,FALSE,200
1808,Personal Care,Pantene Adv Hairfall Solution Conditioner Silky Smooth,190,0,5,190,200,FALSE,200
1809,Personal Care,Nivea Soft Moisturizing Cream,310,12,1,272,200,FALSE,200
1810,Personal Care,Patanjali Kesh Kanti Aloe Vera Hair Cleanser,85,0,5,85,200,FALSE,200
1811,Personal Care,Vaseline Intensive Care Aloe Fresh,225,9,6,203,200,FALSE,200
1812,Personal Care,Dettol Skincare Liquid Hand Wash,79,0,6,79,200,FALSE,200
1813,Personal Care,Himalaya Anti Dandruff Shampoo,140,8,2,128,200,FALSE,200
1814,Personal Care,Dettol Hand Sanitizer,100,5,6,95,200,FALSE,200
1815,Personal Care,Dettol Original Liquid Handwash,89,4,6,85,200,FALSE,200
1816,Biscuits,The Bake Shop Jeera Khari,65,0,0,65,200,TRUE,200
1817,Personal Care,Colgate Herbal Toothpaste,114,18,2,93,200,FALSE,200
1818,Personal Care,Nycil Germ Expert Cool Herbal Talc,130,8,1,119,150,FALSE,200
1819,Biscuits,The Bake Shop Milk & Raisin Toast (Rusk),60,6,4,56,200,FALSE,200
1820,Biscuits,Sunfeast Mom's Magic Rich Butter Cookies,30,10,6,27,200,FALSE,200
1821,Biscuits,The Bake Shop Whole Wheat Toast (Rusk) ,60,6,4,56,200,FALSE,200
1822,Biscuits,The Bake Shop Masala Lavash,75,6,6,70,100,FALSE,200
1823,Biscuits,The Bake Shop Whole Wheat Multigrain Lavash,75,6,3,70,100,FALSE,200
1824,Biscuits,McVitie's Butter Cookies,30,10,6,27,200,FALSE,200
1825,Biscuits,Parle Monaco Sixer Salted Biscuits ,60,10,0,54,200,TRUE,200
1826,Biscuits,Britannia Milk Bikis Cream Biscuit,45,0,0,45,200,TRUE,200
1827,Biscuits,Britannia Good Day Cashew Cookies Packet,40,5,0,38,200,TRUE,200
1828,Biscuits,Britannia Nutrichoice 5 Grain Digestive Biscuits,75,0,0,75,200,TRUE,200
1829,Biscuits,Britannia Marie Gold Biscuit,28,0,0,28,200,TRUE,200
1830,Chocolates & Candies,Lijjat Moong Papad,60,5,0,57,200,TRUE,200
1831,Chocolates & Candies,Safal Frozen Corn,41,4,0,39,200,TRUE,200
1832,Chocolates & Candies,Amul Cheese Spread Spicy Garlic,85,3,0,82,200,TRUE,200
1833,Chocolates & Candies,Pantai Hot Chilli Sauce,275,14,6,234,200,FALSE,200
1834,Chocolates & Candies,Lijjat Urad Papad,60,5,0,57,200,TRUE,200
1835,Chocolates & Candies,Amul Cheese Spread Yummy Plain,85,0,0,85,200,TRUE,200
1836,Chocolates & Candies,Mother's Recipe Ginger And Garlic Paste,50,24,0,38,200,TRUE,200
1837,Chocolates & Candies,Pantai Pad Thai Sauce (Non-Veg),325,9,5,293,200,FALSE,200
1838,Chocolates & Candies,Pantai Sweet Chilli Sauce,275,14,6,234,200,FALSE,200
1839,Chocolates & Candies,Pantai Sriracha Green Chilli Sauce,225,15,6,191,200,FALSE,200
1840,Chocolates & Candies,Pantai Chilli Garlic Sauce,275,14,6,234,200,FALSE,200
1841,Chocolates & Candies,Pantai Dark Soy Sauce,275,14,6,234,200,FALSE,200
1842,Biscuits,The Bake Shop Whole Wheat Multigrain Toast (Rusk),60,6,2,56,200,FALSE,200
1843,Biscuits,Baker Street Suji Rusk Large Pack,30,10,6,27,200,FALSE,200
1844,Biscuits,Parle Monaco Jeffs Zeera Biscuit,60,10,4,54,200,FALSE,200
1845,Biscuits,The Bake Shop Methi Khari Simply Delicious,65,6,2,61,200,FALSE,200
1846,Biscuits,Britannia Good Day Pista Badam,45,2,1,44,200,FALSE,200
1847,Biscuits,Britannia Milk Bikis Biscuits Packet,20,0,3,20,200,FALSE,200
1848,Biscuits,Sunfeast Marie Light,23,13,1,20,200,FALSE,200
1849,Biscuits,Britannnia 50-50 Sweet & Salty Biscuit,25,0,4,25,200,FALSE,200
1850,Biscuits,The Bake Shop Whole Wheat Oats Khari,65,6,5,61,200,FALSE,200
1851,Biscuits,Sunfeast Mom's Magic Cashew & Almond Cookies Packet,30,10,3,27,200,FALSE,200
1852,Paan Corner,Patanjali Kesh Kanti Natural Hair Cleanser,75,9,4,68,200,FALSE,200
1853,Paan Corner,Himalaya Anti Dandruff Shampoo,140,8,2,128,200,FALSE,200
1854,Paan Corner,Dettol Original Liquid Handwash,89,4,6,85,200,FALSE,200
1855,Paan Corner,Dettol Hand Sanitizer,100,5,6,95,200,FALSE,200
1856,Paan Corner,Dettol Skincare Liquid Hand Wash,79,0,6,79,200,FALSE,200
1857,Paan Corner,Patanjali Kesh Kanti Shikakai Hair Cleanser,95,0,4,95,200,FALSE,200
1858,Paan Corner,Johnson's Baby Powder,143,0,6,143,200,FALSE,200
1859,Paan Corner,Himalaya Anti Hair Fall Shampoo,130,12,2,114,200,FALSE,200
1860,Paan Corner,Mamaearth Deeply Nourishing wash for Babies,199,0,4,199,200,FALSE,200
1861,Paan Corner,Himalaya Baby Lotion,165,12,3,145,200,FALSE,200
1862,Paan Corner,Woodward's Gripe Water,75,0,6,75,200,FALSE,200
1863,Paan Corner,Patanjali Kesh Kanti Anti Dandruff Hair Cleanser,110,0,6,110,200,FALSE,200
1864,Paan Corner,Sebamed Anti - Dandruff Shampoo,600,10,2,540,200,FALSE,200
1865,Paan Corner,Himalaya Gentle Baby Bath,165,9,6,150,200,FALSE,200
1866,Paan Corner,Himalaya Anti Dandruff Shampoo,140,10,1,126,200,FALSE,200
1867,Paan Corner,Dettol Liquid Handwash With Free Liquid,99,0,6,99,200,FALSE,200
1868,Paan Corner,Johnson's Baby Shampoo,180,0,6,180,200,FALSE,200
1869,Paan Corner,Dabur Meswak Toothpaste,100,0,1,100,200,FALSE,200
1870,Paan Corner,Patanjali Kesh Kanti Reetha Hair Cleanser,85,0,5,85,200,FALSE,200
1871,Paan Corner,Nivea Soft Light Moisturizer for Face Hand & Body Non-Sticky Cream with Vitamin E & Jojoba Oil,310,15,6,263,200,FALSE,200
1872,Paan Corner,Nivea Body Lotion Aloe Hydration For Normal Skin ,275,10,6,247,200,FALSE,200
1873,Paan Corner,Mamaearth Daily Moisturizing Lotion For Babies,199,0,6,199,200,FALSE,200
1874,Paan Corner,Vaseline Intensive Care Aloe Fresh,225,9,6,203,200,FALSE,200
1875,Paan Corner,Pantene Adv Hairfall Solution Conditioner Silky Smooth,190,0,5,190,200,FALSE,200
1876,Paan Corner,Nivea Cocoa Nourish Body Lotion With Coconut Oil & Cocoa Butter For Very Dry Skin ,299,17,5,247,200,FALSE,200
1877,Paan Corner,Nivea Soft Moisturizing Cream,310,12,1,272,200,FALSE,200
1878,Paan Corner,Patanjali Kesh Kanti Aloe Vera Hair Cleanser,85,0,5,85,200,FALSE,200
1879,Paan Corner,Himalaya Gentle Baby Shampoo,170,14,6,146,200,FALSE,200
1880,Paan Corner,Revive Revive Liquid,71,0,6,71,200,FALSE,200
1881,Paan Corner,Pantene Hairfall Control Conditioner,190,6,6,178,200,FALSE,200
1882,Paan Corner,Mamaearth Vitamin C Face Toner,399,0,1,399,200,FALSE,200
1883,Paan Corner,Johnson's Baby Oil,200,0,6,200,200,FALSE,200
1884,Paan Corner,Savlon Moisture Shield Hand Wash,69,0,5,69,200,FALSE,200
1885,Home & Cleaning,Robin Dazzling Liquid Blue After Wash,74,5,6,70,200,FALSE,200
1886,Health & Hygiene,Dettol Hand Sanitizer,100,5,6,95,200,FALSE,200
1887,Health & Hygiene,Horlicks Protein Plus Chocolate,270,0,2,270,200,FALSE,200
1888,Paan Corner,Bajaj Almond Drops Hair Oil Bottle,130,7,0,120,200,TRUE,200
1889,Home & Cleaning,Hit Cockroach Killer Spray ,101,2,4,98,200,FALSE,200
1890,Packaged Food,Dabur Hommade - Rajasthan Ki Garlic Chutne,65,6,6,61,200,FALSE,200
1891,Packaged Food,Mother's Recipe Bhel Puri Chutney,55,9,4,50,200,FALSE,200
1892,Packaged Food,Pantai Oyster Sauce,275,14,4,234,200,FALSE,200
1893,Packaged Food,Go Cheese Spread - Four Pepper (Soft & Creamy),99,5,6,94,200,FALSE,200
1894,Packaged Food,Pantai Light Soy Sauce,275,14,5,234,200,FALSE,200
1895,Packaged Food,Go Cheese  Spread Plain,99,5,6,94,200,FALSE,200
1896,Packaged Food,Dabur Hommade Tamarind Paste,48,6,6,45,200,FALSE,200
1897,Packaged Food,Lijjat Udad Mini Papad,60,6,6,56,200,FALSE,200
1898,Packaged Food,Mothers Recipe Tamrind Date Chutney ,55,9,2,50,200,FALSE,200
1899,Packaged Food,Quaker Oats Breakfast Cereals - With Flavour Mix Nutritious Rich Source Of Energy,49,8,6,45,200,FALSE,200
1900,Packaged Food,Mother's Recipe Tamarind Paste,50,2,6,49,200,FALSE,200
1901,Packaged Food,Go Cheese Spread - Garlic,99,5,6,94,200,FALSE,200
1902,Packaged Food,Baggry's Crunchy Muesli Almond Raisins & Honey,130,0,5,130,200,FALSE,200
1903,Beverages,Amul Malai Paneer Fresh ,76,3,0,73,200,TRUE,200
1904,Beverages,The Laughing Cow Plain Processed Cheese Block,150,0,6,150,200,FALSE,200
1905,Beverages,RRO Mascarpone Cheese,355,50,6,177,200,FALSE,200
1906,Beverages,D'lecta Cheddar Cheese,199,5,6,189,200,FALSE,200
1907,Beverages,The Laughing Cow Cheese Slices,155,0,2,155,200,FALSE,200
1908,Beverages,Go Cheese Spread - Four Pepper (Soft & Creamy),99,5,6,94,200,FALSE,200
1909,Beverages,Go Processed Cheese Block,125,4,6,119,200,FALSE,200
1910,Beverages,Amul Pizza Cheese - Mozzarella,100,1,0,99,200,TRUE,200
1911,Beverages,Go Cheese Pizza Blend Mozzarella + Cheddar,125,5,0,118,200,TRUE,200
1912,Beverages,Dlecta Cheese Block,145,0,6,145,200,FALSE,200
1913,Beverages,The Bake Shop Whole Wheat Ladi Pav,40,0,0,40,200,TRUE,200
1914,Beverages,Amul Cheese Spread Yummy Plain,85,0,0,85,200,TRUE,200
1915,Beverages,RRO Sour Cream,275,50,4,137,200,FALSE,200
1916,Beverages,Go Cheese  Spread Plain,99,5,6,94,200,FALSE,200
1917,Beverages,So Good Almond Milk - Natural Unsweetened,70,0,4,70,200,FALSE,200
1918,Beverages,Amul Cheese Sauce Jalapeno,75,0,5,75,200,FALSE,200
1919,Beverages,Go Cheese Slice - Plain,140,5,6,133,200,FALSE,200
1920,Beverages,Amul Pizza Cheese Processed,109,4,6,104,200,FALSE,200
1921,Beverages,Dlecta Natural Cheddar Slices,199,5,6,189,200,FALSE,200
1922,Beverages,Go Cheese Spread - Garlic,99,5,6,94,200,FALSE,200
1923,Beverages,Go Pizza Cheese,140,5,6,133,200,FALSE,200
1924,Beverages,RRO Cheddar Block Cheese,295,50,6,147,200,FALSE,200
1925,Beverages,RRO Fresh Ricotta,275,50,6,137,200,FALSE,200
1926,Beverages,Dlecta Cheese Cubes 2,145,5,6,137,200,FALSE,200
1927,Beverages,RRO Mozzarella Pizza Cheese,275,50,6,137,200,FALSE,200
1928,Beverages,The Laughing Cow Cheese Cubes,150,0,4,150,200,FALSE,200
1929,Beverages,RRO Burrata Cheese,250,50,4,125,200,FALSE,200
1930,Beverages,Go Cheese Processed Squares,125,5,6,118,200,FALSE,200
1931,Packaged Food,Lijjat Garlic Papad,60,5,5,57,200,FALSE,200
1932,Packaged Food,Ching's Red Chilli Sauce,55,0,6,55,200,FALSE,200
1933,Beverages,Prabhat Malai Paneer Pouch,80,0,0,80,200,TRUE,200
1934,Beverages,Britannia Burger Bun with Sesame Seed,30,0,0,30,200,TRUE,200
1935,Beverages,Amul Cheese Spread Spicy Garlic,85,3,0,82,200,TRUE,200
1936,Beverages,RRO Mozzarella Block Cheese,295,50,0,147,200,TRUE,200
1937,Packaged Food,Pantai Sriracha Yellow Chilli Sauce,225,15,6,191,200,FALSE,200
1938,Packaged Food,Mother's Recipe Tamarind Paste,50,2,2,49,200,FALSE,200
1939,Packaged Food,Pantai Spring Roll Sauce,275,10,6,245,200,FALSE,200
1940,Packaged Food,Pantai Fish Sauce,275,14,6,234,200,FALSE,200
1941,Packaged Food,Pantai Sriracha Green Chilli Sauce,225,15,6,191,200,FALSE,200
1942,Packaged Food,Pantai Chilli Garlic Sauce,275,14,6,234,200,FALSE,200
1943,Packaged Food,Pantai Dark Soy Sauce,275,14,6,234,200,FALSE,200
1944,Packaged Food,Pantai Pad Thai Sauce (Non-Veg),325,9,5,293,200,FALSE,200
1945,Packaged Food,Pantai Sweet Chilli Sauce,275,14,6,234,200,FALSE,200
1946,Packaged Food,Pantai Hot Chilli Sauce,275,14,6,234,200,FALSE,200
1947,Packaged Food,Lijjat Urad Papad,60,5,0,57,200,TRUE,200
1948,Packaged Food,Amul Cheese Spread Yummy Plain,85,0,0,85,200,TRUE,200
1949,Packaged Food,Mother's Recipe Ginger And Garlic Paste,50,24,0,38,200,TRUE,200
1950,Packaged Food,Safal Frozen Corn,41,4,0,39,200,TRUE,200
1951,Packaged Food,Amul Cheese Spread Spicy Garlic,85,3,0,82,200,TRUE,200
1952,Packaged Food,Pantai Sriracha Red Chilli Sauce,225,15,6,191,200,FALSE,200
1953,Packaged Food,Dabur Hommade - Kalonji Tamatar Ki Chutney,65,6,6,61,200,FALSE,200
1954,Packaged Food,Pantai Teriyaki Sauce with Garlic,325,15,6,276,200,FALSE,200
1955,Packaged Food,Lijjat Moong Papad,60,5,0,57,200,TRUE,200
1956,Ice Cream & Desserts,Lijjat Garlic Papad,60,5,5,57,200,FALSE,200
1957,Ice Cream & Desserts,Ching's Red Chilli Sauce,55,0,6,55,200,FALSE,200
1958,Ice Cream & Desserts,Lijjat Udad Mini Papad,60,6,6,56,200,FALSE,200
1959,Ice Cream & Desserts,Dabur Hommade Tamarind Paste,48,6,6,45,200,FALSE,200
1960,Ice Cream & Desserts,Go Cheese  Spread Plain,99,5,6,94,200,FALSE,200
1961,Ice Cream & Desserts,Mothers Recipe Tamrind Date Chutney ,55,9,2,50,200,FALSE,200
1962,Ice Cream & Desserts,Dabur Hommade - Rajasthan Ki Garlic Chutne,65,6,6,61,200,FALSE,200
1963,Ice Cream & Desserts,Pantai Oyster Sauce,275,14,4,234,200,FALSE,200
1964,Ice Cream & Desserts,Go Cheese Spread - Four Pepper (Soft & Creamy),99,5,6,94,200,FALSE,200
1965,Ice Cream & Desserts,Mother's Recipe Bhel Puri Chutney,55,9,4,50,200,FALSE,200
1966,Ice Cream & Desserts,Pantai Sriracha Red Chilli Sauce,225,15,6,191,200,FALSE,200
1967,Ice Cream & Desserts,Pantai Light Soy Sauce,275,14,5,234,200,FALSE,200
1968,Ice Cream & Desserts,Pantai Teriyaki Sauce with Garlic,325,15,6,276,200,FALSE,200
1969,Ice Cream & Desserts,Quaker Oats Breakfast Cereals - With Flavour Mix Nutritious Rich Source Of Energy,49,8,6,45,200,FALSE,200
1970,Ice Cream & Desserts,Mother's Recipe Tamarind Paste,50,2,6,49,200,FALSE,200
1971,Ice Cream & Desserts,Go Cheese Spread - Garlic,99,5,6,94,200,FALSE,200
1972,Ice Cream & Desserts,Baggry's Crunchy Muesli Almond Raisins & Honey,130,0,5,130,200,FALSE,200
1973,Ice Cream & Desserts,Dabur Hommade - Kalonji Tamatar Ki Chutney,65,6,6,61,200,FALSE,200
1974,Ice Cream & Desserts,Pantai Sriracha Yellow Chilli Sauce,225,15,6,191,200,FALSE,200
1975,Ice Cream & Desserts,Mother's Recipe Tamarind Paste,50,2,2,49,200,FALSE,200
1976,Ice Cream & Desserts,Pantai Spring Roll Sauce,275,10,6,245,200,FALSE,200
1977,Ice Cream & Desserts,Pantai Fish Sauce,275,14,6,234,200,FALSE,200
1978,Ice Cream & Desserts,Pantai Pad Thai Sauce (Non-Veg),325,9,5,293,200,FALSE,200
1979,Ice Cream & Desserts,Pantai Sweet Chilli Sauce,275,14,6,234,200,FALSE,200
1980,Ice Cream & Desserts,Pantai Sriracha Green Chilli Sauce,225,15,6,191,200,FALSE,200
1981,Ice Cream & Desserts,Pantai Chilli Garlic Sauce,275,14,6,234,200,FALSE,200
1982,Ice Cream & Desserts,Pantai Dark Soy Sauce,275,14,6,234,200,FALSE,200
1983,Ice Cream & Desserts,Lijjat Urad Papad,60,5,0,57,200,TRUE,200
1984,Ice Cream & Desserts,Amul Cheese Spread Yummy Plain,85,0,0,85,200,TRUE,200
1985,Ice Cream & Desserts,Mother's Recipe Ginger And Garlic Paste,50,24,0,38,200,TRUE,200
1986,Ice Cream & Desserts,Pantai Hot Chilli Sauce,275,14,6,234,200,FALSE,200
1987,Ice Cream & Desserts,Lijjat Moong Papad,60,5,0,57,200,TRUE,200
1988,Ice Cream & Desserts,Safal Frozen Corn,41,4,0,39,200,TRUE,200
1989,Ice Cream & Desserts,Amul Cheese Spread Spicy Garlic,85,3,0,82,200,TRUE,200
1990,Chocolates & Candies,Dabur Hommade - Rajasthan Ki Garlic Chutne,65,6,6,61,200,FALSE,200
1991,Chocolates & Candies,Pantai Light Soy Sauce,275,14,5,234,200,FALSE,200
1992,Chocolates & Candies,Mother's Recipe Bhel Puri Chutney,55,9,4,50,200,FALSE,200
1993,Chocolates & Candies,Pantai Sriracha Red Chilli Sauce,225,15,6,191,200,FALSE,200
1994,Chocolates & Candies,Pantai Oyster Sauce,275,14,4,234,200,FALSE,200
1995,Chocolates & Candies,Go Cheese Spread - Four Pepper (Soft & Creamy),99,5,6,94,200,FALSE,200
1996,Chocolates & Candies,Dabur Hommade - Kalonji Tamatar Ki Chutney,65,6,6,61,200,FALSE,200
1997,Chocolates & Candies,Pantai Spring Roll Sauce,275,10,6,245,200,FALSE,200
1998,Chocolates & Candies,Pantai Fish Sauce,275,14,6,234,200,FALSE,200
1999,Chocolates & Candies,Pantai Sriracha Yellow Chilli Sauce,225,15,6,191,200,FALSE,200
2000,Chocolates & Candies,Mother's Recipe Tamarind Paste,50,2,2,49,200,FALSE,200
2001,Chocolates & Candies,Pantai Teriyaki Sauce with Garlic,325,15,6,276,200,FALSE,200
2002,Chocolates & Candies,Baggry's Crunchy Muesli Almond Raisins & Honey,130,0,5,130,200,FALSE,200
2003,Chocolates & Candies,Dabur Hommade Tamarind Paste,48,6,6,45,200,FALSE,200
2004,Chocolates & Candies,Mothers Recipe Tamrind Date Chutney ,55,9,2,50,200,FALSE,200
2005,Chocolates & Candies,Quaker Oats Breakfast Cereals - With Flavour Mix Nutritious Rich Source Of Energy,49,8,6,45,200,FALSE,200
2006,Chocolates & Candies,Mother's Recipe Tamarind Paste,50,2,6,49,200,FALSE,200
2007,Chocolates & Candies,Go Cheese Spread - Garlic,99,5,6,94,200,FALSE,200
2008,Chocolates & Candies,Lijjat Garlic Papad,60,5,5,57,200,FALSE,200
2009,Chocolates & Candies,Ching's Red Chilli Sauce,55,0,6,55,200,FALSE,200
2010,Chocolates & Candies,Go Cheese  Spread Plain,99,5,6,94,200,FALSE,200
2011,Chocolates & Candies,Lijjat Udad Mini Papad,60,6,6,56,200,FALSE,200
2012,Beverages,The Bake Shop Foot Long,40,0,1,40,200,FALSE,200
2013,Beverages,Amul Cheese Sauce Mexican Salsa,75,4,1,72,200,FALSE,200
2014,Beverages,Amul Mithai Mate Condensed Sweetened Milk,56,3,4,54,200,FALSE,200
2015,Beverages,Amul Cheese - Pepper,85,3,6,82,200,FALSE,200
2016,Beverages,D'lecta Dairy Cream,54,5,6,51,200,FALSE,200
2017,Beverages,Bio Nutrients Pure Diet Tofu Gold ,60,5,5,57,200,FALSE,200
2018,Beverages,Amul Frozen Malai Paneer,75,2,6,73,200,FALSE,200
2019,Beverages,iD Natural Paneer,105,5,6,99,200,FALSE,200
2020,Beverages,Nestle A+ Nourish Dahi,35,2,6,34,200,FALSE,200
2021,Beverages,Gowardhan Classic Block Fresh Paneer,89,8,6,81,200,FALSE,200
2022,Beverages,Amul Processed Cheese Cubes,106,4,6,101,200,FALSE,200
2023,Beverages,Amul Cheese - Processed Slices,122,1,6,120,200,FALSE,200
2024,Beverages,Amul Processed Cheese Block,106,0,6,106,200,FALSE,200
2025,Munchies,Weikfield Falooda Mix - Mango,49,2,0,48,200,TRUE,200
2026,Munchies,Tata Tea Gold,35,0,0,35,100,TRUE,200
2027,Munchies,Everest Coriander Powder,70,10,0,63,200,TRUE,200
2028,Munchies,Everest Turmeric Powder,67,10,0,60,200,TRUE,200
2029,Munchies,Delight Nuts Berries Mix ,399,20,6,319,200,FALSE,200
2030,Munchies,Figaro Pure Olive Oil,325,8,1,299,200,FALSE,200
2031,Munchies,Dabur Ginger Garlic Paste,50,6,0,47,200,TRUE,200
2032,Munchies,Tata Sampann Unpolished Toor Dal/Arhar Dal,179,1,0,177,1000,TRUE,200
2033,Munchies,Delight Nuts Almond Natural ,349,20,6,279,200,FALSE,200
2034,Munchies,MTR Masala - Sambar Powder,115,0,4,115,200,FALSE,200
2035,Munchies,Ceres Foods Nalli Nihari Instant Liquid Masala,220,50,6,110,200,FALSE,200
2036,Munchies,Mother's Recipe Tamarind Paste,50,2,2,49,200,FALSE,200
2037,Munchies,Eastern Tamarind,63,0,6,63,200,FALSE,200
2038,Munchies,MTR Idli/Dosa/Chilly Chutney Powder,115,0,3,115,200,FALSE,200
2039,Munchies,Delight Nuts Trail Mix ,399,25,6,299,200,FALSE,200
2040,Munchies,Delight Nuts Dried Cranberries ,340,20,6,272,200,FALSE,200
2041,Munchies,Everest Chicken Masala,147,10,6,132,200,FALSE,200
2042,Munchies,Gits Medu Vada Instant Snack Mix,90,4,6,86,200,FALSE,200
2043,Munchies,Happilo Premium 100% Natural Whole Cashews,335,29,6,235,200,FALSE,200
2044,Munchies,Dabur Hommade - Ginger Paste,50,6,6,47,200,FALSE,200
2045,Munchies,Gits Rice Dosa Instant Breakfast Mix,60,5,5,57,200,FALSE,200
2046,Munchies,Everest Shahi Biryani Masala,245,0,6,245,200,FALSE,200
2047,Munchies,Aashirvaad Instant Mix - Rice Dosa,75,30,6,52,200,FALSE,200
2048,Munchies,Everest Kitchen King Masala,142,9,6,128,200,FALSE,200
2049,Munchies,Eastern Super Garam Masala,74,6,2,69,200,FALSE,200
2050,Munchies,Delight Nuts Cashew Roasted & Salted,425,20,6,340,200,FALSE,200
2051,Munchies,Dabur Hommade - Garlic Paste,50,6,6,47,200,FALSE,200
2052,Munchies,Praakritik Organic Natural Wild Forest Honey,160,6,4,150,200,FALSE,200
2053,Munchies,Aashirvaad Breakfast Instant Mix - Rice Idli,75,30,6,52,200,FALSE,200
2054,Munchies,Delight Nuts Cranberries Sliced ,299,20,6,239,200,FALSE,200
2055,Munchies,Ceres Foods Laal Maas Instant Liquid Masala,220,50,5,110,200,FALSE,200
2056,Munchies,Delight Nuts Pista Roasted & Salted,425,20,6,340,200,FALSE,200
2057,Munchies,Hershey's Syrup Delicious Strawberry,95,0,1,95,200,FALSE,200
2058,Munchies,Satyam Puffed Rice Kurmura (A),43,0,6,43,200,FALSE,200
2059,Munchies,Popular Essentials Dhania (Coriander Seeds),55,16,4,46,200,FALSE,200
2060,Munchies,24 Mantra Organic Puffed Rice,40,2,6,39,200,FALSE,200
2061,Munchies,Happilo Premium Afghani Anjeer,365,29,2,256,200,FALSE,200
2062,Munchies,Ceres Foods Fish Mustard Instant Liquid Masala,220,50,6,110,200,FALSE,200
2063,Munchies,Everest Garam Masala,158,10,6,142,200,FALSE,200
2064,Munchies,Cadbury Hot Chocolate,175,5,6,166,200,FALSE,200
2065,Munchies,Dabur Hommade Tamarind Paste,48,6,6,45,200,FALSE,200
2066,Munchies,Popular Essentials Cooking Soda,30,10,6,27,200,FALSE,200
2067,Munchies,Mothers Recipe Papad Chana Masala,79,10,6,71,200,FALSE,200
2068,Munchies,Hershey's Chocolate Syrup,95,0,4,95,200,FALSE,200
2069,Munchies,Weikfield Falooda Mix - Kesar Pista,49,2,3,48,200,FALSE,200
2070,Munchies,Mother's Recipe Tamarind Paste,50,2,6,49,200,FALSE,200
2071,Munchies,Quaker Oats Breakfast Cereals - With Flavour Mix Nutritious Rich Source Of Energy,49,8,6,45,200,FALSE,200
2072,Munchies,Happilo Premium International Queen Kalmi Dates,245,29,6,172,200,FALSE,200
2073,Munchies,Amul Mithai Mate Condensed Sweetened Milk,56,3,4,54,200,FALSE,200
2074,Munchies,Gits Gulab Jamun Instant Dessert Mix,99,10,6,89,200,FALSE,200
2075,Munchies,Tata Sampann Moong Dal Split,180,1,5,178,1000,FALSE,200
2076,Munchies,Saffola Soya Chunks Mealmaker,50,0,2,50,200,FALSE,200
2077,Munchies,Popular Essentials Dessicated Coconut,95,9,6,86,200,FALSE,200
2078,Munchies,Satyam Khobra,113,10,5,101,200,FALSE,200
2079,Munchies,D'lecta Dairy Cream,54,5,6,51,200,FALSE,200
2080,Munchies,Satyam Puffed Rice Kurmura (R),23,0,6,23,200,FALSE,200
2081,Cooking Essentials,Weikfield Falooda Mix - Mango,49,2,0,48,200,TRUE,200
2082,Cooking Essentials,Tata Tea Gold,35,0,0,35,100,TRUE,200
2083,Cooking Essentials,Everest Coriander Powder,70,10,0,63,200,TRUE,200
2084,Cooking Essentials,Everest Turmeric Powder,67,10,0,60,200,TRUE,200
2085,Cooking Essentials,MTR Masala - Sambar Powder,115,0,4,115,200,FALSE,200
2086,Cooking Essentials,Ceres Foods Nalli Nihari Instant Liquid Masala,220,50,6,110,200,FALSE,200
2087,Cooking Essentials,Delight Nuts Almond Natural ,349,20,6,279,200,FALSE,200
2088,Cooking Essentials,Eastern Tamarind,63,0,6,63,200,FALSE,200
2089,Cooking Essentials,MTR Idli/Dosa/Chilly Chutney Powder,115,0,3,115,200,FALSE,200
2090,Cooking Essentials,Delight Nuts Trail Mix ,399,25,6,299,200,FALSE,200
2091,Cooking Essentials,Mother's Recipe Tamarind Paste,50,2,2,49,200,FALSE,200
2092,Cooking Essentials,Delight Nuts Dried Cranberries ,340,20,6,272,200,FALSE,200
2093,Cooking Essentials,Delight Nuts Berries Mix ,399,20,6,319,200,FALSE,200
2094,Cooking Essentials,Figaro Pure Olive Oil,325,8,1,299,200,FALSE,200
2095,Cooking Essentials,Dabur Ginger Garlic Paste,50,6,0,47,200,TRUE,200
2096,Cooking Essentials,Tata Sampann Unpolished Toor Dal/Arhar Dal,179,1,0,177,1000,TRUE,200
2097,Cooking Essentials,Happilo Premium 100% Natural Whole Cashews,335,29,6,235,200,FALSE,200
2098,Cooking Essentials,Everest Chicken Masala,147,10,6,132,200,FALSE,200
2099,Cooking Essentials,Gits Medu Vada Instant Snack Mix,90,4,6,86,200,FALSE,200
2100,Cooking Essentials,Gits Rice Dosa Instant Breakfast Mix,60,5,5,57,200,FALSE,200
2101,Cooking Essentials,Everest Shahi Biryani Masala,245,0,6,245,200,FALSE,200
2102,Cooking Essentials,Aashirvaad Instant Mix - Rice Dosa,75,30,6,52,200,FALSE,200
2103,Cooking Essentials,Dabur Hommade - Ginger Paste,50,6,6,47,200,FALSE,200
2104,Cooking Essentials,Eastern Super Garam Masala,74,6,2,69,200,FALSE,200
2105,Cooking Essentials,Delight Nuts Cashew Roasted & Salted,425,20,6,340,200,FALSE,200
2106,Cooking Essentials,Everest Kitchen King Masala,142,9,6,128,200,FALSE,200
2107,Cooking Essentials,Praakritik Organic Natural Wild Forest Honey,160,6,4,150,200,FALSE,200
2108,Cooking Essentials,Dabur Hommade - Garlic Paste,50,6,6,47,200,FALSE,200
2109,Cooking Essentials,Aashirvaad Breakfast Instant Mix - Rice Idli,75,30,6,52,200,FALSE,200
2110,Cooking Essentials,Ceres Foods Laal Maas Instant Liquid Masala,220,50,5,110,200,FALSE,200
2111,Cooking Essentials,Delight Nuts Cranberries Sliced ,299,20,6,239,200,FALSE,200
2112,Cooking Essentials,Delight Nuts Pista Roasted & Salted,425,20,6,340,200,FALSE,200
2113,Cooking Essentials,Weikfield Falooda Mix - Kesar Pista,49,2,3,48,200,FALSE,200
2114,Cooking Essentials,Hershey's Chocolate Syrup,95,0,4,95,200,FALSE,200
2115,Cooking Essentials,Mother's Recipe Tamarind Paste,50,2,6,49,200,FALSE,200
2116,Cooking Essentials,Quaker Oats Breakfast Cereals - With Flavour Mix Nutritious Rich Source Of Energy,49,8,6,45,200,FALSE,200
2117,Cooking Essentials,Satyam Puffed Rice Kurmura (A),43,0,6,43,200,FALSE,200
2118,Cooking Essentials,24 Mantra Organic Puffed Rice,40,2,6,39,200,FALSE,200
2119,Cooking Essentials,Popular Essentials Dhania (Coriander Seeds),55,16,4,46,200,FALSE,200
2120,Cooking Essentials,Happilo Premium Afghani Anjeer,365,29,2,256,200,FALSE,200
2121,Cooking Essentials,Ceres Foods Fish Mustard Instant Liquid Masala,220,50,6,110,200,FALSE,200
2122,Cooking Essentials,Everest Garam Masala,158,10,6,142,200,FALSE,200
2123,Cooking Essentials,Mothers Recipe Papad Chana Masala,79,10,6,71,200,FALSE,200
2124,Cooking Essentials,Dabur Hommade Tamarind Paste,48,6,6,45,200,FALSE,200
2125,Cooking Essentials,Popular Essentials Cooking Soda,30,10,6,27,200,FALSE,200
2126,Cooking Essentials,Cadbury Hot Chocolate,175,5,6,166,200,FALSE,200
2127,Cooking Essentials,Happilo Premium International Queen Kalmi Dates,245,29,6,172,200,FALSE,200
2128,Cooking Essentials,Gits Gulab Jamun Instant Dessert Mix,99,10,6,89,200,FALSE,200
2129,Cooking Essentials,Hershey's Syrup Delicious Strawberry,95,0,1,95,200,FALSE,200
2130,Cooking Essentials,Saffola Soya Chunks Mealmaker,50,0,2,50,200,FALSE,200
2131,Cooking Essentials,Tata Sampann Moong Dal Split,180,1,5,178,1000,FALSE,200
2132,Cooking Essentials,Popular Essentials Dessicated Coconut,95,9,6,86,200,FALSE,200
2133,Cooking Essentials,Satyam Khobra,113,10,5,101,200,FALSE,200
2134,Fruits & Vegetables,Tomato Cherry ,35,17,3,29,200,FALSE,200
2135,Fruits & Vegetables,Pineapple Slice,89,15,3,75,200,FALSE,200
2136,Fruits & Vegetables,Papaya Cut,46,15,3,39,200,FALSE,200
2137,Fruits & Vegetables,Mixed Sprouts,35,17,3,29,200,FALSE,200
2138,Fruits & Vegetables,Lemon,75,16,3,63,200,FALSE,200
2139,Fruits & Vegetables,Ginger,14,14,3,12,200,FALSE,200
2140,Cooking Essentials,Amul Mithai Mate Condensed Sweetened Milk,56,3,4,54,200,FALSE,200
2141,Cooking Essentials,Satyam Puffed Rice Kurmura (R),23,0,6,23,200,FALSE,200
2142,Cooking Essentials,D'lecta Dairy Cream,54,5,6,51,200,FALSE,200
2143,Fruits & Vegetables,Pumpkin Cut,30,16,3,25,200,FALSE,200
2144,Fruits & Vegetables,Garlic,17,23,3,13,200,FALSE,200
2145,Fruits & Vegetables,Carrot,13,15,0,11,250,TRUE,200
2146,Fruits & Vegetables,Moong Sprouts,35,17,0,29,200,TRUE,200
2147,Fruits & Vegetables,Safal Frozen Corn,41,4,0,39,200,TRUE,200
2148,Chocolates & Candies,ITC Master Chef Chicken Galouti Kebab,170,4,2,162,210,FALSE,210
2149,Ice Cream & Desserts,ITC Master Chef Chicken Galouti Kebab,170,4,2,162,210,FALSE,210
2150,Packaged Food,ITC Master Chef Chicken Galouti Kebab,170,4,2,162,210,FALSE,210
2151,Paan Corner,Johnson's Baby Top To Toe Bath Body Wash,165,0,4,165,210,FALSE,210
2152,Personal Care,Johnson's Baby Top To Toe Bath Body Wash,165,0,4,165,210,FALSE,210
2153,Home & Cleaning,Om Bhakti Gangajal Packed At Gangotri,30,3,6,29,220,FALSE,220
2154,Health & Hygiene,Dettol Antiseptic Liquid + Disinfectant Spray - Original,159,10,6,143,225,FALSE,225
2155,Cooking Essentials,Dabur Honey Squeezy,185,9,6,167,225,FALSE,225
2156,Cooking Essentials,Hershey's Cocoa - Natural Unsweetened,270,10,4,243,225,FALSE,225
2157,Cooking Essentials,Pillsbury Oven Cake Mix - Vanilla,175,10,6,156,225,FALSE,225
2158,Munchies,Dabur Honey Squeezy,185,9,6,167,225,FALSE,225
2159,Munchies,Hershey's Cocoa - Natural Unsweetened,270,10,4,243,225,FALSE,225
2160,Munchies,Pillsbury Oven Cake Mix - Vanilla,175,10,6,156,225,FALSE,225
2161,Packaged Food,ITC Master Chef Lebanese Falafel Kebab,130,4,4,124,230,FALSE,230
2162,Ice Cream & Desserts,ITC Master Chef Lebanese Falafel Kebab,130,4,4,124,230,FALSE,230
2163,Chocolates & Candies,ITC Master Chef Lebanese Falafel Kebab,130,4,4,124,230,FALSE,230
2164,Health & Hygiene,Savlon Clothes Disinfectant & Refreshing Spray Fresh Breeze,175,10,6,157,230,FALSE,230
2165,Home & Cleaning,Odonil Room Air Freshener Spray Lavender Mist,149,5,4,141,240,FALSE,240
2166,Home & Cleaning,Godrej Aer Morning Misty Meadows Home Air Freshener,150,0,4,149,240,FALSE,240
2167,Home & Cleaning,Godrej Aer Spray Fresh Lush Green,150,16,2,126,240,FALSE,240
2168,Paan Corner,Head & Shoulders Anti Dandruff Anti Hairfall Shampoo,285,0,5,285,340,FALSE,240
2169,Personal Care,Head & Shoulders Anti Dandruff Anti Hairfall Shampoo,285,0,5,285,340,FALSE,240
2170,Chocolates & Candies,Sunfeast Yippee! Magic Masala Noodles,48,6,0,45,240,TRUE,240
2171,Chocolates & Candies,Ching's Schezwan Masala Instant Noodles,60,0,1,60,240,FALSE,240
2172,Chocolates & Candies,McCain New Mini Samosa with Cheese Corn Style Filling,120,1,2,118,240,FALSE,240
2173,Chocolates & Candies,McCain New Mini Samosa with Cheese Pizza Style Filling,120,1,3,118,240,FALSE,240
2174,Chocolates & Candies,Chings Secret Manchurian Instant Noodle,60,0,6,60,240,FALSE,240
2175,Chocolates & Candies,Ching's Singapore Curry Instant Noodles,60,0,4,60,240,FALSE,240
2176,Ice Cream & Desserts,Chings Secret Manchurian Instant Noodle,60,0,6,60,240,FALSE,240
2177,Ice Cream & Desserts,Ching's Singapore Curry Instant Noodles,60,0,4,60,240,FALSE,240
2178,Ice Cream & Desserts,Sunfeast Yippee! Magic Masala Noodles,48,6,0,45,240,TRUE,240
2179,Ice Cream & Desserts,Ching's Schezwan Masala Instant Noodles,60,0,1,60,240,FALSE,240
2180,Ice Cream & Desserts,McCain New Mini Samosa with Cheese Corn Style Filling,120,1,2,118,240,FALSE,240
2181,Ice Cream & Desserts,McCain New Mini Samosa with Cheese Pizza Style Filling,120,1,3,118,240,FALSE,240
2182,Packaged Food,Sunfeast Yippee! Magic Masala Noodles,48,6,0,45,240,TRUE,240
2183,Packaged Food,Chings Secret Manchurian Instant Noodle,60,0,6,60,240,FALSE,240
2184,Packaged Food,Ching's Singapore Curry Instant Noodles,60,0,4,60,240,FALSE,240
2185,Packaged Food,McCain New Mini Samosa with Cheese Corn Style Filling,120,1,2,118,240,FALSE,240
2186,Packaged Food,Ching's Schezwan Masala Instant Noodles,60,0,1,60,240,FALSE,240
2187,Packaged Food,McCain New Mini Samosa with Cheese Pizza Style Filling,120,1,3,118,240,FALSE,240
2188,Munchies,Maggi Magic Cubes Extra Chicken,199,0,2,199,240,FALSE,240
2189,Munchies,Maggi Magic Cubes Extra Chicken,199,10,6,179,240,FALSE,240
2190,Munchies,Sunfeast Yippee! Magic Masala Noodles,48,6,0,45,240,TRUE,240
2191,Munchies,McCain New Mini Samosa with Cheese Pizza Style Filling,120,1,3,118,240,FALSE,240
2192,Cooking Essentials,Sunfeast Yippee! Magic Masala Noodles,48,6,0,45,240,TRUE,240
2193,Munchies,Ching's Singapore Curry Instant Noodles,60,0,4,60,240,FALSE,240
2194,Munchies,Ching's Schezwan Masala Instant Noodles,60,0,1,60,240,FALSE,240
2195,Munchies,McCain New Mini Samosa with Cheese Corn Style Filling,120,1,2,118,240,FALSE,240
2196,Cooking Essentials,Maggi Magic Cubes Extra Chicken,199,0,2,199,240,FALSE,240
2197,Cooking Essentials,Maggi Magic Cubes Extra Chicken,199,10,6,179,240,FALSE,240
2198,Cooking Essentials,Ching's Singapore Curry Instant Noodles,60,0,4,60,240,FALSE,240
2199,Cooking Essentials,McCain New Mini Samosa with Cheese Pizza Style Filling,120,1,3,118,240,FALSE,240
2200,Cooking Essentials,Ching's Schezwan Masala Instant Noodles,60,0,1,60,240,FALSE,240
2201,Cooking Essentials,McCain New Mini Samosa with Cheese Corn Style Filling,120,1,2,118,240,FALSE,240
2202,Packaged Food,Remia Mayonnaise,230,0,6,230,241,FALSE,241
2203,Ice Cream & Desserts,Remia Mayonnaise,230,0,6,230,241,FALSE,241
2204,Chocolates & Candies,Remia Mayonnaise,230,0,6,230,241,FALSE,241
2205,Home & Cleaning,Air Wick Room Air Freshener Spray - Lavender & Lotus,161,5,6,152,245,FALSE,245
2206,Home & Cleaning,Airwick Room Air Freshener Spray Cool Water & Aloe Vera,161,5,6,152,245,FALSE,245
2207,Home & Cleaning,Airwick Room Air Freshener Spray - Rose & Saffron,161,5,5,152,245,FALSE,245
2208,Home & Cleaning,Dettol Effective Protection Antiseptic Liquid,116,0,0,116,250,TRUE,250
2209,Health & Hygiene,Dettol Effective Protection Antiseptic Liquid,116,0,0,116,250,TRUE,250
2210,Home & Cleaning,ColináGlass and Surface Cleaner Liquid Spray Regular,62,6,5,58,250,FALSE,250
2211,Paan Corner,Dabur Gulabari Rose Water Daily Glow,80,6,2,75,250,FALSE,250
2212,Paan Corner,Fiama Men's Refreshing Pulse Shower Gel,225,20,4,180,250,FALSE,250
2213,Paan Corner,Nivea Men Active Clean with Active Charcoal Shower Gel for Body Face & Hair,199,4,5,191,250,FALSE,250
2214,Paan Corner,Palmolive Naturals Sea Minerals Liquid Hand Wash,99,10,6,89,250,FALSE,250
2215,Paan Corner,Colgate Plax Peppermint Mouthwash,150,20,5,120,250,FALSE,250
2216,Paan Corner,Pond's Light Moisturiser,309,10,6,278,250,FALSE,250
2217,Paan Corner,Listerine Cool Mint Mouthwash - Mild Taste,150,10,6,135,250,FALSE,250
2218,Paan Corner,Palmolive Black Orchid And Milk Liquid Hand Wash,99,10,6,89,250,FALSE,250
2219,Paan Corner,Fiama Di Wills Men's Refreshing Pulse Shower Gel,225,4,3,214,250,FALSE,250
2220,Paan Corner,Palmolive Aroma Absolute Relax Shower Gel,199,20,2,159,250,FALSE,250
2221,Paan Corner,Colgate Max Fresh Plax Mouthwash - Fresh Mint,150,20,5,120,250,FALSE,250
2222,Paan Corner,Fiama Di Wills Shower Gel Patchouli & Macadamia,199,10,6,179,250,FALSE,250
2223,Paan Corner,Listerine Fresh Burst Mouthwash,140,10,4,126,250,FALSE,250
2224,Paan Corner,Listerine Cool Mint Mouthwash - Mild Taste,150,10,6,135,250,FALSE,250
2225,Paan Corner,Fiama Scents Juniper & Geranium Body Wash,199,6,5,186,250,FALSE,250
2226,Paan Corner,Fiama Men's Refreshing Pulse Shower Gel,199,10,6,179,250,FALSE,250
2227,Paan Corner,Fiama Lemongrass and Jojoba Shower Gel,225,20,6,180,250,FALSE,250
2228,Paan Corner,Listerine Original Mouthwash,150,10,6,135,250,FALSE,250
2229,Paan Corner,Himalaya Baby Nourishing Massage Oil,200,20,2,160,200,FALSE,250
2230,Paan Corner,Palmolive Feel The Massage Shower Gel,249,20,6,199,250,FALSE,250
2231,Chocolates & Candies,Veeba Favourites Eggless Burger Mayonnaise,69,8,0,63,250,TRUE,250
2232,Chocolates & Candies,Dr Oetker Cucumber & Carrot Sandwich Spread Veg,79,0,0,79,250,TRUE,250
2233,Chocolates & Candies,Godrej Yummiez Chicken Breakfast Salami,150,4,0,143,250,TRUE,250
2234,Chocolates & Candies,Remia Salad Caesar Dressing,250,0,6,250,250,FALSE,250
2235,Chocolates & Candies,Remia Salad Italian Dressing ,230,0,6,230,250,FALSE,250
2236,Biscuits,Dukes Waffy Strawberry Roll,150,50,3,75,250,FALSE,250
2237,Biscuits,McVitie's Marie biscuits with Goodness of Calcium,30,0,6,30,250,FALSE,250
2238,Biscuits,Dukes Waffy Chocolate Wafer Rolls ,150,50,0,75,250,TRUE,250
2239,Biscuits,Sunfeast Farmlite 5 Seed Digestive,60,0,2,60,250,FALSE,250
2240,Biscuits,Britannia Marie Gold Biscuits Packet,30,0,0,30,250,TRUE,250
2241,Biscuits,Sunfeast Farmlite Nuts Digestive,70,11,6,62,250,FALSE,250
2242,Personal Care,Palmolive Aroma Absolute Relax Shower Gel,199,20,2,159,250,FALSE,250
2243,Personal Care,Palmolive Black Orchid And Milk Liquid Hand Wash,99,10,6,89,250,FALSE,250
2244,Personal Care,Nivea Men Active Clean with Active Charcoal Shower Gel for Body Face & Hair,199,4,5,191,250,FALSE,250
2245,Personal Care,Palmolive Naturals Sea Minerals Liquid Hand Wash,99,10,6,89,250,FALSE,250
2246,Personal Care,Dabur Gulabari Rose Water Daily Glow,80,6,2,75,250,FALSE,250
2247,Personal Care,Fiama Men's Refreshing Pulse Shower Gel,225,20,4,180,250,FALSE,250
2248,Personal Care,Colgate Max Fresh Plax Mouthwash - Fresh Mint,150,20,5,120,250,FALSE,250
2249,Personal Care,Listerine Cool Mint Mouthwash - Mild Taste,150,10,6,135,250,FALSE,250
2250,Personal Care,Fiama Di Wills Shower Gel Patchouli & Macadamia,199,10,6,179,250,FALSE,250
2251,Personal Care,Listerine Fresh Burst Mouthwash,140,10,4,126,250,FALSE,250
2252,Personal Care,Fiama Scents Juniper & Geranium Body Wash,199,6,5,186,250,FALSE,250
2253,Personal Care,Pond's Light Moisturiser,309,10,6,278,250,FALSE,250
2254,Personal Care,Colgate Plax Peppermint Mouthwash,150,20,5,120,250,FALSE,250
2255,Personal Care,Listerine Cool Mint Mouthwash - Mild Taste,150,10,6,135,250,FALSE,250
2256,Personal Care,Fiama Di Wills Men's Refreshing Pulse Shower Gel,225,4,3,214,250,FALSE,250
2257,Personal Care,Fiama Lemongrass and Jojoba Shower Gel,225,20,6,180,250,FALSE,250
2258,Personal Care,Fiama Men's Refreshing Pulse Shower Gel,199,10,6,179,250,FALSE,250
2259,Personal Care,Palmolive Feel The Massage Shower Gel,249,20,6,199,250,FALSE,250
2260,Personal Care,Himalaya Baby Nourishing Massage Oil,200,20,2,160,200,FALSE,250
2261,Personal Care,Listerine Original Mouthwash,150,10,6,135,250,FALSE,250
2262,Chocolates & Candies,Soulfull Vanilla Fills - Ragi Bites,169,5,6,160,250,FALSE,250
2263,Chocolates & Candies,Yummiez Chicken Breakfast Sausages,150,0,3,150,250,FALSE,250
2264,Chocolates & Candies,Japanese Choice Udon Noodles,295,9,6,266,250,FALSE,250
2265,Chocolates & Candies,Kelloggs Chocos Fills Double Chocolaty,185,10,5,165,250,FALSE,250
2266,Chocolates & Candies,Soulfull Ragi Bites Choco Fills,169,5,4,160,250,FALSE,250
2267,Chocolates & Candies,Veeba Carrot & Cucumber Sandwich Spread,85,10,6,76,250,FALSE,250
2268,Chocolates & Candies,Godrej Yummiez Chilli Chicken Sausages ,160,10,3,144,250,FALSE,250
2269,Chocolates & Candies,Kellogg's Chocos,130,10,6,117,250,FALSE,250
2270,Chocolates & Candies,Zorabian Chicken Smoked Ham,205,5,1,194,250,FALSE,250
2271,Chocolates & Candies,Kelloggs Corn Flakes,99,13,6,86,250,FALSE,250
2272,Chocolates & Candies,McCain Chilli Cheesy Nuggets,130,4,1,124,250,FALSE,250
2273,Chocolates & Candies,McCain Potato Cheese Shotz,130,4,6,124,250,FALSE,250
2274,Ice Cream & Desserts,Soulfull Vanilla Fills - Ragi Bites,169,5,6,160,250,FALSE,250
2275,Ice Cream & Desserts,Kelloggs Chocos Fills Double Chocolaty,185,10,5,165,250,FALSE,250
2276,Ice Cream & Desserts,Yummiez Chicken Breakfast Sausages,150,0,3,150,250,FALSE,250
2277,Ice Cream & Desserts,Soulfull Ragi Bites Choco Fills,169,5,4,160,250,FALSE,250
2278,Ice Cream & Desserts,Veeba Carrot & Cucumber Sandwich Spread,85,10,6,76,250,FALSE,250
2279,Ice Cream & Desserts,Zorabian Chicken Smoked Ham,205,5,1,194,250,FALSE,250
2280,Ice Cream & Desserts,Godrej Yummiez Chilli Chicken Sausages ,160,10,3,144,250,FALSE,250
2281,Ice Cream & Desserts,Kellogg's Chocos,130,10,6,117,250,FALSE,250
2282,Ice Cream & Desserts,Veeba Favourites Eggless Burger Mayonnaise,69,8,0,63,250,TRUE,250
2283,Ice Cream & Desserts,Godrej Yummiez Chicken Breakfast Salami,150,4,0,143,250,TRUE,250
2284,Ice Cream & Desserts,Dr Oetker Cucumber & Carrot Sandwich Spread Veg,79,0,0,79,250,TRUE,250
2285,Chocolates & Candies,Veeba Eggless Mayonnaise,79,11,5,70,250,FALSE,250
2286,Ice Cream & Desserts,Remia Salad Caesar Dressing,250,0,6,250,250,FALSE,250
2287,Ice Cream & Desserts,Remia Salad Italian Dressing ,230,0,6,230,250,FALSE,250
2288,Ice Cream & Desserts,Japanese Choice Udon Noodles,295,9,6,266,250,FALSE,250
2289,Packaged Food,Soulfull Vanilla Fills - Ragi Bites,169,5,6,160,250,FALSE,250
2290,Packaged Food,Japanese Choice Udon Noodles,295,9,6,266,250,FALSE,250
2291,Packaged Food,Kelloggs Chocos Fills Double Chocolaty,185,10,5,165,250,FALSE,250
2292,Packaged Food,Yummiez Chicken Breakfast Sausages,150,0,3,150,250,FALSE,250
2293,Packaged Food,Remia Salad Caesar Dressing,250,0,6,250,250,FALSE,250
2294,Packaged Food,Remia Salad Italian Dressing ,230,0,6,230,250,FALSE,250
2295,Packaged Food,Veeba Favourites Eggless Burger Mayonnaise,69,8,0,63,250,TRUE,250
2296,Packaged Food,Godrej Yummiez Chicken Breakfast Salami,150,4,0,143,250,TRUE,250
2297,Packaged Food,Dr Oetker Cucumber & Carrot Sandwich Spread Veg,79,0,0,79,250,TRUE,250
2298,Ice Cream & Desserts,McCain Chilli Cheesy Nuggets,130,4,1,124,250,FALSE,250
2299,Ice Cream & Desserts,McCain Potato Cheese Shotz,130,4,6,124,250,FALSE,250
2300,Ice Cream & Desserts,Veeba Eggless Mayonnaise,79,11,5,70,250,FALSE,250
2301,Ice Cream & Desserts,Kelloggs Corn Flakes,99,13,6,86,250,FALSE,250
2302,Packaged Food,McCain Chilli Cheesy Nuggets,130,4,1,124,250,FALSE,250
2303,Packaged Food,McCain Potato Cheese Shotz,130,4,6,124,250,FALSE,250
2304,Packaged Food,Veeba Eggless Mayonnaise,79,11,5,70,250,FALSE,250
2305,Beverages,Britannia Atta Kulcha,30,0,0,30,250,TRUE,250
2306,Beverages,Amul Fresh Cream,63,0,0,63,250,TRUE,250
2307,Beverages,Amul Lactose Free Milk,25,4,0,24,250,TRUE,250
2308,Packaged Food,Zorabian Chicken Smoked Ham,205,5,1,194,250,FALSE,250
2309,Packaged Food,Kellogg's Chocos,130,10,6,117,250,FALSE,250
2310,Packaged Food,Kelloggs Corn Flakes,99,13,6,86,250,FALSE,250
2311,Packaged Food,Soulfull Ragi Bites Choco Fills,169,5,4,160,250,FALSE,250
2312,Packaged Food,Godrej Yummiez Chilli Chicken Sausages ,160,10,3,144,250,FALSE,250
2313,Packaged Food,Veeba Carrot & Cucumber Sandwich Spread,85,10,6,76,250,FALSE,250
2314,Cooking Essentials,Dabur Honey - World's No.1,120,0,6,120,250,FALSE,250
2315,Cooking Essentials,Dabur Keora water - Authentic flavour for Biryani's and Desserts,62,6,6,58,250,FALSE,250
2316,Cooking Essentials,Popular Essentials Californian Almond,350,28,6,251,250,FALSE,250
2317,Cooking Essentials,Borges Extra Virgin Olive Oil,400,25,1,299,250,FALSE,250
2318,Cooking Essentials,Popular Essentials Cashew Split,325,12,6,283,250,FALSE,250
2319,Fruits & Vegetables,Zama Organics Carrot,20,15,3,17,250,FALSE,250
2320,Fruits & Vegetables,Beetroot,11,18,0,9,250,TRUE,250
2321,Fruits & Vegetables,Zama Organics Sweet Potato,37,16,3,31,250,FALSE,250
2322,Fruits & Vegetables,Biryani /Pulav Mix,58,15,3,49,250,FALSE,250
2323,Fruits & Vegetables,Spinach,19,15,3,16,250,FALSE,250
2324,Fruits & Vegetables,Methi,30,16,3,25,250,FALSE,250
2325,Fruits & Vegetables,Capsicum Green ,23,17,3,19,250,FALSE,250
2326,Fruits & Vegetables,Ladies Finger ,14,14,3,12,250,FALSE,250
2327,Fruits & Vegetables,Beans French,33,15,3,28,250,FALSE,250
2328,Fruits & Vegetables,Lettuce Iceberg,25,16,3,21,250,FALSE,250
2329,Fruits & Vegetables,Bitter Gourd,18,16,3,15,250,FALSE,250
2330,Fruits & Vegetables,Brinjal Small,18,16,3,15,250,FALSE,250
2331,Fruits & Vegetables,Zucchini Green,35,17,3,29,250,FALSE,250
2332,Fruits & Vegetables,Beans Broad,42,16,3,35,250,FALSE,250
2333,Fruits & Vegetables,Chilli Bhaji,30,16,3,25,250,FALSE,250
2334,Fruits & Vegetables,Spring Onion ,18,16,3,15,250,FALSE,250
2335,Fruits & Vegetables,Amla,32,15,3,27,250,FALSE,250
2336,Fruits & Vegetables,Beans Cluster,30,16,3,25,250,FALSE,250
2337,Fruits & Vegetables,Coccinia,32,15,3,27,250,FALSE,250
2338,Fruits & Vegetables,Baby Corn Peeled,35,17,3,29,250,FALSE,250
2339,Cooking Essentials,Godrej Yummiez Chilli Chicken Sausages ,160,10,3,144,250,FALSE,250
2340,Cooking Essentials,Zorabian Chicken Smoked Ham,205,5,1,194,250,FALSE,250
2341,Cooking Essentials,Popular Essentials Pista Salted (With Shell),470,21,5,371,250,FALSE,250
2342,Cooking Essentials,Hershey's Hot Chocolate Powder,210,0,4,210,250,FALSE,250
2343,Cooking Essentials,Popular Essentials Dry Dates (Kharak),140,15,6,118,250,FALSE,250
2344,Cooking Essentials,Amul Fresh Cream,63,0,0,63,250,TRUE,250
2345,Cooking Essentials,Japanese Choice Udon Noodles,295,9,6,266,250,FALSE,250
2346,Cooking Essentials,Popular Essentials Double Beans White,60,10,6,54,250,FALSE,250
2347,Munchies,Dabur Honey - World's No.1,120,0,6,120,250,FALSE,250
2348,Munchies,Dabur Keora water - Authentic flavour for Biryani's and Desserts,62,6,6,58,250,FALSE,250
2349,Munchies,Godrej Yummiez Chilli Chicken Sausages ,160,10,3,144,250,FALSE,250
2350,Munchies,Popular Essentials Pista Salted (With Shell),470,21,5,371,250,FALSE,250
2351,Munchies,Zorabian Chicken Smoked Ham,205,5,1,194,250,FALSE,250
2352,Cooking Essentials,Godrej Yummiez Chicken Breakfast Salami,150,4,0,143,250,TRUE,250
2353,Cooking Essentials,Patanjali Pure Honey,95,0,0,95,250,TRUE,250
2354,Munchies,Popular Essentials Cashew Split,325,12,6,283,250,FALSE,250
2355,Munchies,Popular Essentials Californian Almond,350,28,6,251,250,FALSE,250
2356,Munchies,Borges Extra Virgin Olive Oil,400,25,1,299,250,FALSE,250
2357,Munchies,Godrej Yummiez Chicken Breakfast Salami,150,4,0,143,250,TRUE,250
2358,Munchies,Patanjali Pure Honey,95,0,0,95,250,TRUE,250
2359,Beverages,Britannia Pav,22,0,4,22,250,FALSE,250
2360,Munchies,Amul Fresh Cream,63,0,0,63,250,TRUE,250
2361,Munchies,Japanese Choice Udon Noodles,295,9,6,266,250,FALSE,250
2362,Munchies,Popular Essentials Double Beans White,60,10,6,54,250,FALSE,250
2363,Munchies,Hershey's Hot Chocolate Powder,210,0,4,210,250,FALSE,250
2364,Munchies,Popular Essentials Dry Dates (Kharak),140,15,6,118,250,FALSE,250
2365,Munchies,Sunfeast Yippee! Mood Masala Noodles,60,28,3,43,260,FALSE,260
2366,Cooking Essentials,Sunfeast Yippee! Mood Masala Noodles,60,28,3,43,260,FALSE,260
2367,Packaged Food,Sunfeast Yippee! Mood Masala Noodles,60,28,3,43,260,FALSE,260
2368,Ice Cream & Desserts,Sunfeast Yippee! Mood Masala Noodles,60,28,3,43,260,FALSE,260
2369,Chocolates & Candies,Sunfeast Yippee! Mood Masala Noodles,60,28,3,43,260,FALSE,260
2370,Cooking Essentials,Betty Crocker Mug Treats - Chocolate Mix - Pack of 4,200,11,6,178,264,FALSE,264
2371,Munchies,Betty Crocker Mug Treats - Chocolate Mix - Pack of 4,200,11,6,178,264,FALSE,264
2372,Munchies,Gits Veg Biryani Ready to Eat,110,10,6,99,265,FALSE,265
2373,Cooking Essentials,Gits Veg Biryani Ready to Eat,110,10,6,99,265,FALSE,265
2374,Cooking Essentials,Pillsbury Rich Choco Oven Cake Mix - Egg Free,170,6,6,159,270,FALSE,270
2375,Munchies,Pillsbury Rich Choco Oven Cake Mix - Egg Free,170,6,6,159,270,FALSE,270
2376,Chocolates & Candies,Veeba Cheese and Chilli Sandwich Spread,89,11,6,79,275,FALSE,275
2377,Ice Cream & Desserts,Veeba Cheese and Chilli Sandwich Spread,89,11,6,79,275,FALSE,275
2378,Packaged Food,Veeba Cheese and Chilli Sandwich Spread,89,11,6,79,275,FALSE,275
2379,Biscuits,Sunfeast Yumfills Whoopie Pie,140,25,5,105,253,FALSE,276
2380,Chocolates & Candies,Maggi 2-Minute Instant Noodles - Masala,44,0,0,44,280,TRUE,280
2381,Chocolates & Candies,Maggi Special Masala Spicy Yummy Noodles,72,0,0,72,280,TRUE,280
2382,Packaged Food,Top Ramen Chicken Noodles,60,10,1,54,280,FALSE,280
2383,Packaged Food,Veeba Pizza Topping,75,6,4,70,280,FALSE,280
2384,Packaged Food,ITC Master Chef Crispy Chicken Fries ,170,4,3,162,280,FALSE,280
2385,Packaged Food,Sunfeast Yippee! Power Up Atta Noodles,96,15,6,81,280,FALSE,280
2386,Packaged Food,Top Ramen Masala Oat Masala,80,10,6,72,280,FALSE,280
2387,Packaged Food,Veeba Pasta And Pizza Sauce,75,13,5,65,280,FALSE,280
2388,Ice Cream & Desserts,Top Ramen Chicken Noodles,60,10,1,54,280,FALSE,280
2389,Ice Cream & Desserts,Veeba Pizza Topping,75,6,4,70,280,FALSE,280
2390,Ice Cream & Desserts,ITC Master Chef Crispy Chicken Fries ,170,4,3,162,280,FALSE,280
2391,Ice Cream & Desserts,Veeba Pasta And Pizza Sauce,75,13,5,65,280,FALSE,280
2392,Packaged Food,Maggi Special Masala Spicy Yummy Noodles,72,0,0,72,280,TRUE,280
2393,Packaged Food,Maggi 2-Minute Instant Noodles - Masala,44,0,0,44,280,TRUE,280
2394,Chocolates & Candies,Top Ramen Chicken Noodles,60,10,1,54,280,FALSE,280
2395,Chocolates & Candies,Veeba Pizza Topping,75,6,4,70,280,FALSE,280
2396,Chocolates & Candies,ITC Master Chef Crispy Chicken Fries ,170,4,3,162,280,FALSE,280
2397,Chocolates & Candies,Sunfeast Yippee! Power Up Atta Noodles,96,15,6,81,280,FALSE,280
2398,Chocolates & Candies,Top Ramen Masala Oat Masala,80,10,6,72,280,FALSE,280
2399,Ice Cream & Desserts,Maggi Special Masala Spicy Yummy Noodles,72,0,0,72,280,TRUE,280
2400,Chocolates & Candies,Veeba Pasta And Pizza Sauce,75,13,5,65,280,FALSE,280
2401,Ice Cream & Desserts,Maggi 2-Minute Instant Noodles - Masala,44,0,0,44,280,TRUE,280
2402,Ice Cream & Desserts,Sunfeast Yippee! Power Up Atta Noodles,96,15,6,81,280,FALSE,280
2403,Ice Cream & Desserts,Top Ramen Masala Oat Masala,80,10,6,72,280,FALSE,280
2404,Munchies,Maggi 2-Minute Instant Noodles - Masala,44,0,0,44,280,TRUE,280
2405,Munchies,Maggi Special Masala Spicy Yummy Noodles,72,0,0,72,280,TRUE,280
2406,Cooking Essentials,Maggi Special Masala Spicy Yummy Noodles,72,0,0,72,280,TRUE,280
2407,Munchies,Sunfeast Yippee! Power Up Atta Noodles,96,15,6,81,280,FALSE,280
2408,Munchies,Top Ramen Chicken Noodles,60,10,1,54,280,FALSE,280
2409,Cooking Essentials,Maggi 2-Minute Instant Noodles - Masala,44,0,0,44,280,TRUE,280
2410,Cooking Essentials,Sunfeast Yippee! Power Up Atta Noodles,96,15,6,81,280,FALSE,280
2411,Cooking Essentials,Top Ramen Chicken Noodles,60,10,1,54,280,FALSE,280
2412,Cooking Essentials,Pillsbury Oven Cake Mix - Rich Chocolate,165,10,5,147,285,FALSE,285
2413,Cooking Essentials,Kitchens Of India Mutter Paneer,130,4,6,124,285,FALSE,285
2414,Cooking Essentials,Kitchens of India Mutter Paneer Mix,120,30,4,84,285,FALSE,285
2415,Cooking Essentials,Kitchens of India Dal Bukhara Gravy Mix,110,30,6,77,285,FALSE,285
2416,Munchies,Kitchens of India Mutter Paneer Mix,120,30,4,84,285,FALSE,285
2417,Munchies,Kitchens of India Dal Bukhara Gravy Mix,110,30,6,77,285,FALSE,285
2418,Munchies,Pillsbury Oven Cake Mix - Rich Chocolate,165,10,5,147,285,FALSE,285
2419,Munchies,Kitchens Of India Mutter Paneer,130,4,6,124,285,FALSE,285
2420,Ice Cream & Desserts,Kitchens Of India Chicken Chettinad,200,30,1,140,285,FALSE,285
2421,Ice Cream & Desserts,Kitchens Of India Palak Paneer,130,30,6,91,285,FALSE,285
2422,Ice Cream & Desserts,Kitchens of India Dal Makhani,110,30,2,77,285,FALSE,285
2423,Ice Cream & Desserts,Kitchens Of India Mughlai Paneer,160,30,4,112,285,FALSE,285
2424,Ice Cream & Desserts,Kitchens Of India Yellow Dal Tadka,110,30,6,77,285,FALSE,285
2425,Ice Cream & Desserts,Kitchens Of India Chicken Darbari ,200,30,4,140,285,FALSE,285
2426,Ice Cream & Desserts,Kitchens of India Dal Bukhara Gravy Mix,110,30,6,77,285,FALSE,285
2427,Ice Cream & Desserts,Kitchens Of India Murgh Methi,220,30,5,154,285,FALSE,285
2428,Ice Cream & Desserts,Kitchens Of India Dal Makhani,110,30,1,77,285,FALSE,285
2429,Ice Cream & Desserts,Kitchens Of India Rajma Masala,110,30,5,77,285,FALSE,285
2430,Ice Cream & Desserts,Kitchen Of India Ready-To-Eat Pindi Channa,110,30,2,77,285,FALSE,285
2431,Ice Cream & Desserts,Kitchens of India Mutter Paneer Mix,120,30,4,84,285,FALSE,285
2432,Chocolates & Candies,Kitchens Of India Chicken Chettinad,200,30,1,140,285,FALSE,285
2433,Chocolates & Candies,Kitchens Of India Palak Paneer,130,30,6,91,285,FALSE,285
2434,Chocolates & Candies,Kitchens Of India Mughlai Paneer,160,30,4,112,285,FALSE,285
2435,Chocolates & Candies,Kitchens of India Dal Makhani,110,30,2,77,285,FALSE,285
2436,Chocolates & Candies,Kitchens Of India Dal Makhani,110,30,1,77,285,FALSE,285
2437,Chocolates & Candies,Kitchens Of India Rajma Masala,110,30,5,77,285,FALSE,285
2438,Chocolates & Candies,Kitchen Of India Ready-To-Eat Pindi Channa,110,30,2,77,285,FALSE,285
2439,Chocolates & Candies,Kitchens of India Mutter Paneer Mix,120,30,4,84,285,FALSE,285
2440,Chocolates & Candies,Kitchens Of India Yellow Dal Tadka,110,30,6,77,285,FALSE,285
2441,Chocolates & Candies,Kitchens of India Dal Bukhara Gravy Mix,110,30,6,77,285,FALSE,285
2442,Chocolates & Candies,Kitchens Of India Chicken Darbari ,200,30,4,140,285,FALSE,285
2443,Chocolates & Candies,Kitchens Of India Murgh Methi,220,30,5,154,285,FALSE,285
2444,Packaged Food,Kitchens of India Mutter Paneer Mix,120,30,4,84,285,FALSE,285
2445,Packaged Food,Kitchens Of India Rajma Masala,110,30,5,77,285,FALSE,285
2446,Packaged Food,Kitchen Of India Ready-To-Eat Pindi Channa,110,30,2,77,285,FALSE,285
2447,Packaged Food,Kitchens Of India Yellow Dal Tadka,110,30,6,77,285,FALSE,285
2448,Packaged Food,Kitchens Of India Dal Makhani,110,30,1,77,285,FALSE,285
2449,Packaged Food,Kitchens Of India Murgh Methi,220,30,5,154,285,FALSE,285
2450,Packaged Food,Kitchens Of India Chicken Darbari ,200,30,4,140,285,FALSE,285
2451,Packaged Food,Kitchens of India Dal Bukhara Gravy Mix,110,30,6,77,285,FALSE,285
2452,Packaged Food,Kitchens Of India Chicken Chettinad,200,30,1,140,285,FALSE,285
2453,Packaged Food,Kitchens Of India Palak Paneer,130,30,6,91,285,FALSE,285
2454,Packaged Food,Kitchens Of India Mughlai Paneer,160,30,4,112,285,FALSE,285
2455,Packaged Food,Kitchens of India Dal Makhani,110,30,2,77,285,FALSE,285
2456,Packaged Food,Kellogg's Special K Original Corn Flakes,140,5,1,133,290,FALSE,290
2457,Chocolates & Candies,Kellogg's Special K Original Corn Flakes,140,5,1,133,290,FALSE,290
2458,Ice Cream & Desserts,Kellogg's Special K Original Corn Flakes,140,5,1,133,290,FALSE,290
2459,Ice Cream & Desserts,MTR Ready To Eat Paneer Butter Masala,135,9,2,122,300,FALSE,300
2460,Ice Cream & Desserts,Nestle Ceregrow Multigrain Cereal with Milk and Fruits - 3 to 6 years,292,0,6,292,300,FALSE,300
2461,Ice Cream & Desserts,Nestle Cerelac Wheat - Stage 1,190,0,6,190,300,FALSE,300
2462,Ice Cream & Desserts,Nestle Cerelac Baby Cereal With Milk Wheat-Rice Mixed Fruit,261,0,6,261,300,FALSE,300
2463,Ice Cream & Desserts,Veeba Thousand Island Dressing,149,8,6,137,300,FALSE,300
2464,Ice Cream & Desserts,MTR Dal Makhani,110,0,4,110,300,FALSE,300
2465,Ice Cream & Desserts,MTR Ready to Eat Pav Bhaji,110,0,6,110,300,FALSE,300
2466,Ice Cream & Desserts,MTR Dal Fry,110,0,5,110,300,FALSE,300
2467,Ice Cream & Desserts,NestlT CERELAC Baby Cereal with Milk,272,0,1,272,300,FALSE,300
2468,Ice Cream & Desserts,MTR Ready To Eat Palak Paneer ,135,11,6,120,300,FALSE,300
2469,Ice Cream & Desserts,Nestle Cerelac Baby Cereal with Milk 5 Grains & Vegetables from 18 to 24 Month,279,0,5,279,300,FALSE,300
2470,Ice Cream & Desserts,Veeba Peri Peri Sauce,161,0,6,161,300,FALSE,300
2471,Ice Cream & Desserts,Nestle Cerelac 5 Grains & Fruits Cereal,288,0,6,288,300,FALSE,300
2472,Ice Cream & Desserts,Zorabian Chicken Kheema Parathas,190,0,0,190,300,TRUE,300
2473,Chocolates & Candies,Nestle Cerelac 5 Grains & Fruits Cereal,288,0,6,288,300,FALSE,300
2474,Chocolates & Candies,MTR Ready To Eat Palak Paneer ,135,11,6,120,300,FALSE,300
2475,Chocolates & Candies,MTR Dal Fry,110,0,5,110,300,FALSE,300
2476,Chocolates & Candies,Nestle Cerelac Baby Cereal with Milk 5 Grains & Vegetables from 18 to 24 Month,279,0,5,279,300,FALSE,300
2477,Chocolates & Candies,Veeba Peri Peri Sauce,161,0,6,161,300,FALSE,300
2478,Chocolates & Candies,Nestle Cerelac Baby Cereal With Milk Wheat-Rice Mixed Fruit,261,0,6,261,300,FALSE,300
2479,Chocolates & Candies,Nestle Cerelac Wheat - Stage 1,190,0,6,190,300,FALSE,300
2480,Chocolates & Candies,MTR Ready To Eat Paneer Butter Masala,135,9,2,122,300,FALSE,300
2481,Chocolates & Candies,Nestle Ceregrow Multigrain Cereal with Milk and Fruits - 3 to 6 years,292,0,6,292,300,FALSE,300
2482,Chocolates & Candies,Veeba English Mustard,74,6,2,69,300,FALSE,300
2483,Chocolates & Candies,Veeba Mint Mayonnaise,169,8,4,155,300,FALSE,300
2484,Chocolates & Candies,Mother's Recipe Mixed Pickle,85,9,2,77,300,FALSE,300
2485,Chocolates & Candies,Veeba Thousand Island Dressing,149,8,6,137,300,FALSE,300
2486,Chocolates & Candies,Kellogg's Real Almond & Honey Corn Flakes,175,9,6,158,300,FALSE,300
2487,Chocolates & Candies,Gits Pav Bhaji Ready to Eat,110,22,6,85,300,FALSE,300
2488,Chocolates & Candies,Veeba Chipolte Southwest Dressing,161,7,4,149,300,FALSE,300
2489,Packaged Food,Nestle Cerelac 5 Grains & Fruits Cereal,288,0,6,288,300,FALSE,300
2490,Packaged Food,Nestle Cerelac Baby Cereal with Milk 5 Grains & Vegetables from 18 to 24 Month,279,0,5,279,300,FALSE,300
2491,Packaged Food,Veeba Peri Peri Sauce,161,0,6,161,300,FALSE,300
2492,Packaged Food,MTR Dal Fry,110,0,5,110,300,FALSE,300
2493,Packaged Food,MTR Ready To Eat Palak Paneer ,135,11,6,120,300,FALSE,300
2494,Packaged Food,NestlT CERELAC Baby Cereal with Milk,272,0,1,272,300,FALSE,300
2495,Packaged Food,MTR Dal Makhani,110,0,4,110,300,FALSE,300
2496,Packaged Food,MTR Ready to Eat Pav Bhaji,110,0,6,110,300,FALSE,300
2497,Packaged Food,Zorabian Chicken Kheema Parathas,190,0,0,190,300,TRUE,300
2498,Ice Cream & Desserts,Veeba Mint Mayonnaise,169,8,4,155,300,FALSE,300
2499,Ice Cream & Desserts,Mother's Recipe Mixed Pickle,85,9,2,77,300,FALSE,300
2500,Ice Cream & Desserts,Veeba English Mustard,74,6,2,69,300,FALSE,300
2501,Ice Cream & Desserts,Kellogg's Real Almond & Honey Corn Flakes,175,9,6,158,300,FALSE,300
2502,Ice Cream & Desserts,Gits Pav Bhaji Ready to Eat,110,22,6,85,300,FALSE,300
2503,Ice Cream & Desserts,Veeba Chipolte Southwest Dressing,161,7,4,149,300,FALSE,300
2504,Packaged Food,MTR Ready To Eat Paneer Butter Masala,135,9,2,122,300,FALSE,300
2505,Packaged Food,Nestle Cerelac Wheat - Stage 1,190,0,6,190,300,FALSE,300
2506,Packaged Food,Nestle Cerelac Baby Cereal With Milk Wheat-Rice Mixed Fruit,261,0,6,261,300,FALSE,300
2507,Packaged Food,Nestle Ceregrow Multigrain Cereal with Milk and Fruits - 3 to 6 years,292,0,6,292,300,FALSE,300
2508,Packaged Food,Veeba Thousand Island Dressing,149,8,6,137,300,FALSE,300
2509,Packaged Food,Veeba Mint Mayonnaise,169,8,4,155,300,FALSE,300
2510,Packaged Food,Mother's Recipe Mixed Pickle,85,9,2,77,300,FALSE,300
2511,Packaged Food,Veeba English Mustard,74,6,2,69,300,FALSE,300
2512,Packaged Food,Kellogg's Real Almond & Honey Corn Flakes,175,9,6,158,300,FALSE,300
2513,Packaged Food,Gits Pav Bhaji Ready to Eat,110,22,6,85,300,FALSE,300
2514,Packaged Food,Veeba Chipolte Southwest Dressing,161,7,4,149,300,FALSE,300
2515,Beverages,Britannia Cheese Garlic Bread,35,0,0,35,300,TRUE,300
2516,Munchies,Mother's Recipe Paste Ginger & Garlic,76,10,4,68,300,FALSE,300
2517,Munchies,Sugarfree Gold Low Calorie Sweetner,185,5,3,175,300,FALSE,300
2518,Munchies,Zorabian Chicken Kheema Parathas,190,0,0,190,300,TRUE,300
2519,Cooking Essentials,Zorabian Chicken Kheema Parathas,190,0,0,190,300,TRUE,300
2520,Cooking Essentials,Sugarfree Gold Low Calorie Sweetner,185,5,3,175,300,FALSE,300
2521,Cooking Essentials,Mother's Recipe Paste Ginger & Garlic,76,10,4,68,300,FALSE,300
2522,Fruits & Vegetables,Sponge Gourd,25,16,2,21,300,FALSE,300
2523,Chocolates & Candies,Zorabian Chicken Kheema Parathas,190,0,0,190,300,TRUE,300
2524,Chocolates & Candies,MTR Dal Makhani,110,0,4,110,300,FALSE,300
2525,Chocolates & Candies,MTR Ready to Eat Pav Bhaji,110,0,6,110,300,FALSE,300
2526,Chocolates & Candies,NestlT CERELAC Baby Cereal with Milk,272,0,1,272,300,FALSE,300
2527,Biscuits,Sunfeast Dark Fantasy Choco Creme,80,27,4,58,300,FALSE,300
2528,Biscuits,Sunfeast Dark Fantasy Choco Fills Cookies Packet,150,15,3,127,300,FALSE,300
2529,Biscuits,Britannia 50-50 Maska Chaska Biscuit,75,10,6,67.5,300,FALSE,300
2530,Biscuits,Parle Rusk Elaichi,48,2,6,47,300,FALSE,300
2531,Biscuits,Sunfeast Dark Fantasy Vanilla Creme,80,15,6,68,300,FALSE,300
2532,Biscuits,Britannia Pure Magic Choco Lush Cookies,120,20,4,96,300,FALSE,300
2533,Personal Care,Closeup Everfresh+ Anti-Germ Gel Toothpaste Red Hot,160,10,4,144,300,FALSE,300
2534,Biscuits,Britannia Vita Marie Gold Biscuit,45,0,0,45,300,TRUE,300
2535,Biscuits,Patanjali Atta Doodh Rusk,40,0,0,40,300,TRUE,300
2536,Biscuits,Britannia Toastea Premium Bake Rusk,50,6,0,47,300,TRUE,300
2537,Biscuits,Britannia Nutri Choice Cracker Sugar Free Biscuit,35,0,0,35,300,TRUE,300
2538,Biscuits,Cadbury Oreo Chocolatey Sandwich Biscuits Family Pack,80,0,0,80,300,TRUE,300
2539,Personal Care,Parachute 100% Pure Coconut Oil,123,0,0,123,300,TRUE,300
2540,Paan Corner,Closeup Everfresh+ Anti-Germ Gel Toothpaste Red Hot,160,10,4,144,300,FALSE,300
2541,Personal Care,Nivea Soft Light Moisturizer for Face Hand & Body Non-Sticky Cream with Vitamin E & Jojoba Oil,399,20,3,319,300,FALSE,300
2542,Personal Care,Colgate Max Fresh Peppermint Toothpaste ,182,15,6,154,300,FALSE,300
2543,Personal Care,Himalaya Purifying Neem Face Wash Tube,270,15,6,229,300,FALSE,300
2544,Paan Corner,Parachute 100% Pure Coconut Oil,123,0,0,123,300,TRUE,300
2545,Paan Corner,Himalaya Purifying Neem Face Wash Tube,270,15,6,229,300,FALSE,300
2546,Paan Corner,Colgate Max Fresh Peppermint Toothpaste ,182,15,6,154,300,FALSE,300
2547,Paan Corner,Nivea Soft Light Moisturizer for Face Hand & Body Non-Sticky Cream with Vitamin E & Jojoba Oil,399,20,3,319,300,FALSE,300
2548,Home & Cleaning,Odonil Air Fresher Buy 3 Get 1 Free,225,5,3,213,300,FALSE,300
2549,Home & Cleaning,Vim Dishwash Bar,23,4,0,22,300,TRUE,300
2550,Chocolates & Candies,ITC Master Chef Cheesy Corn Triangles,160,5,0,152,320,TRUE,320
2551,Packaged Food,ITC Master Chef Classic Aloo Tikki,80,10,3,72,320,FALSE,320
2552,Packaged Food,ITC Master Chef Cheesy Corn Triangles,160,5,0,152,320,TRUE,320
2553,Packaged Food,Veeba Sriracha Chilli Garlic Sauce,149,8,5,137,320,FALSE,320
2554,Chocolates & Candies,ITC Master Chef Classic Aloo Tikki,80,10,3,72,320,FALSE,320
2555,Chocolates & Candies,Veeba Sriracha Chilli Garlic Sauce,149,8,5,137,320,FALSE,320
2556,Ice Cream & Desserts,ITC Master Chef Cheesy Corn Triangles,160,5,0,152,320,TRUE,320
2557,Ice Cream & Desserts,ITC Master Chef Classic Aloo Tikki,80,10,3,72,320,FALSE,320
2558,Ice Cream & Desserts,Veeba Sriracha Chilli Garlic Sauce,149,8,5,137,320,FALSE,320
2559,Ice Cream & Desserts,The Whole Truth Dark Chocolate Peanut Butter - Crunchy,235,20,5,188,325,FALSE,325
2560,Ice Cream & Desserts,The Whole Truth Peanut Butter - Sweetened & Crunchy,215,20,6,172,325,FALSE,325
2561,Ice Cream & Desserts,The Whole Truth Peanut Butter With Dates - Creamy No Sugar,215,9,6,194,325,FALSE,325
2562,Ice Cream & Desserts,The Whole Truth Peanut Butter - Unsweetened & Crunchy,185,20,0,148,325,TRUE,325
2563,Chocolates & Candies,The Whole Truth Dark Chocolate Peanut Butter - Crunchy,235,20,5,188,325,FALSE,325
2564,Chocolates & Candies,The Whole Truth Peanut Butter - Sweetened & Crunchy,215,20,6,172,325,FALSE,325
2565,Chocolates & Candies,The Whole Truth Peanut Butter With Dates - Creamy No Sugar,215,9,6,194,325,FALSE,325
2566,Chocolates & Candies,The Whole Truth Dark Chocolate Peanut Butter - Creamy,235,25,6,174,325,FALSE,325
2567,Packaged Food,The Whole Truth Peanut Butter - Sweetened & Crunchy,215,20,6,172,325,FALSE,325
2568,Packaged Food,The Whole Truth Peanut Butter - Unsweetened & Crunchy,185,20,0,148,325,TRUE,325
2569,Ice Cream & Desserts,The Whole Truth Dark Chocolate Peanut Butter - Creamy,235,25,6,174,325,FALSE,325
2570,Packaged Food,The Whole Truth Dark Chocolate Peanut Butter - Crunchy,235,20,5,188,325,FALSE,325
2571,Packaged Food,The Whole Truth Dark Chocolate Peanut Butter - Creamy,235,25,6,174,325,FALSE,325
2572,Packaged Food,The Whole Truth Peanut Butter With Dates - Creamy No Sugar,215,9,6,194,325,FALSE,325
2573,Beverages,The Whole Truth Peanut Butter - Unsweetened & Crunchy,185,20,0,148,325,TRUE,325
2574,Beverages,The Whole Truth Peanut Butter - Sweetened & Crunchy,215,20,6,172,325,FALSE,325
2575,Beverages,The Whole Truth Dark Chocolate Peanut Butter - Crunchy,235,20,5,188,325,FALSE,325
2576,Beverages,The Whole Truth Peanut Butter With Dates - Creamy No Sugar,215,9,6,194,325,FALSE,325
2577,Beverages,The Whole Truth Dark Chocolate Peanut Butter - Creamy,235,25,6,174,325,FALSE,325
2578,Chocolates & Candies,The Whole Truth Peanut Butter - Unsweetened & Crunchy,185,20,0,148,325,TRUE,325
2579,Packaged Food,Veeba Barbeque Sauce,149,8,6,137,330,FALSE,330
2580,Chocolates & Candies,Veeba Barbeque Sauce,149,8,6,137,330,FALSE,330
2581,Ice Cream & Desserts,Veeba Barbeque Sauce,149,8,6,137,330,FALSE,330
2582,Biscuits,Lotte Choco Pie ,140,6,2,131,336,FALSE,336
2583,Biscuits,Orion Choco Pie - Chocolate Coated Soft Biscuit,150,25,2,112,336,FALSE,336
2584,Personal Care,Pantene Hair Fall Control Shampoo,240,7,2,221,340,FALSE,340
2585,Personal Care,Sunsilk Lusciously Thick & Long Shampoo,249,6,6,234,340,FALSE,340
2586,Personal Care,Tresemme Keratin Smooth Conditioner,380,0,3,380,340,FALSE,340
2587,Personal Care,Head & Shoulders Anti-Dandruff Smooth & Silky Shampoo,285,6,6,266,340,FALSE,340
2588,Personal Care,Dove Dryness Care Shampoo,268,5,1,252,340,FALSE,340
2589,Personal Care,Dove Hair Fall Rescue Shampoo,280,15,6,236,340,FALSE,340
2590,Personal Care,Head & Shoulders Anti Dandruff Shampoo Cool Menthol,295,9,6,266,340,FALSE,340
2591,Personal Care,Head & Shoulders 2-in-1 Active Protect Shampoo,375,9,6,338,340,FALSE,340
2592,Personal Care,Chik Hairfall Prevent Egg Shampoo,178,0,6,178,340,FALSE,340
2593,Personal Care,Pantene Silky Smooth Care Shampoo,225,6,3,210,340,FALSE,340
2594,Personal Care,Head & Shoulders 2 In 1 Anti Dandruff Smooth & Silky Shampoo+Conditioner,375,10,6,334,340,FALSE,340
2595,Personal Care,Dove Daily Shine Shampoo,240,0,4,240,340,FALSE,340
2596,Personal Care,Pantene Advanced Hair Fall Solution Shampoo - Total Damage Care,264,0,6,264,340,FALSE,340
2597,Paan Corner,Sunsilk Lusciously Thick & Long Shampoo,249,6,6,234,340,FALSE,340
2598,Paan Corner,Tresemme Keratin Smooth Conditioner,380,0,3,380,340,FALSE,340
2599,Paan Corner,Dove Daily Shine Shampoo,240,0,4,240,340,FALSE,340
2600,Paan Corner,Pantene Hair Fall Control Shampoo,240,7,2,221,340,FALSE,340
2601,Paan Corner,Pantene Advanced Hair Fall Solution Shampoo - Total Damage Care,264,0,6,264,340,FALSE,340
2602,Paan Corner,Head & Shoulders Anti-Dandruff Smooth & Silky Shampoo,285,6,6,266,340,FALSE,340
2603,Paan Corner,Dove Dryness Care Shampoo,268,5,1,252,340,FALSE,340
2604,Paan Corner,Dove Hair Fall Rescue Shampoo,280,15,6,236,340,FALSE,340
2605,Paan Corner,Head & Shoulders Anti Dandruff Shampoo Cool Menthol,295,9,6,266,340,FALSE,340
2606,Paan Corner,Head & Shoulders 2-in-1 Active Protect Shampoo,375,9,6,338,340,FALSE,340
2607,Paan Corner,Chik Hairfall Prevent Egg Shampoo,178,0,6,178,340,FALSE,340
2608,Paan Corner,Pantene Silky Smooth Care Shampoo,225,6,3,210,340,FALSE,340
2609,Paan Corner,Head & Shoulders 2 In 1 Anti Dandruff Smooth & Silky Shampoo+Conditioner,375,10,6,334,340,FALSE,340
2610,Ice Cream & Desserts,ITC Master Chef Veggie Pizza Pocket,170,4,4,162,340,FALSE,340
2611,Chocolates & Candies,ITC Master Chef Veggie Pizza Pocket,170,4,4,162,340,FALSE,340
2612,Packaged Food,ITC Master Chef Veggie Pizza Pocket,170,4,4,162,340,FALSE,340
2613,Packaged Food,Veeba Sweet Onion Sauce,141,14,4,121,350,FALSE,350
2614,Packaged Food,Ferrero Nutella Hazeulnut Spread,380,6,5,357,350,FALSE,350
2615,Packaged Food,Hershey's Cocoa + Almond Spread,295,9,0,266,350,TRUE,350
2616,Ice Cream & Desserts,Ferrero Nutella Hazeulnut Spread,380,6,5,357,350,FALSE,350
2617,Packaged Food,The Whole Truth - 5 Grain Muesli No Added Sugar,325,20,6,260,350,FALSE,350
2618,Packaged Food,Hershey's Cocoa Spread,295,0,3,295,350,FALSE,350
2619,Chocolates & Candies,Hershey's Cocoa Spread,295,0,3,295,350,FALSE,350
2620,Chocolates & Candies,The Whole Truth - 5 Grain Muesli No Added Sugar,325,20,6,260,350,FALSE,350
2621,Chocolates & Candies,Ferrero Nutella Hazeulnut Spread,380,6,5,357,350,FALSE,350
2622,Chocolates & Candies,Veeba Sweet Onion Sauce,141,14,4,121,350,FALSE,350
2623,Ice Cream & Desserts,Veeba Sweet Onion Sauce,141,14,4,121,350,FALSE,350
2624,Ice Cream & Desserts,Hershey's Cocoa Spread,295,0,3,295,350,FALSE,350
2625,Ice Cream & Desserts,Hershey's Cocoa + Almond Spread,295,9,0,266,350,TRUE,350
2626,Ice Cream & Desserts,The Whole Truth - 5 Grain Muesli No Added Sugar,325,20,6,260,350,FALSE,350
2627,Beverages,Britannia Sandwich White Bread,33,0,4,33,350,FALSE,350
2628,Chocolates & Candies,Hershey's Cocoa + Almond Spread,295,9,0,266,350,TRUE,350
2629,Personal Care,L'Oreal Paris Total Repair 5 Shampoo,265,0,2,265,396,FALSE,360
2630,Personal Care,L'Oreal Paris Color Protect Shampoo,282,0,3,282,360,FALSE,360
2631,Paan Corner,L'Oreal Paris Total Repair 5 Shampoo,265,0,2,265,396,FALSE,360
2632,Paan Corner,L'Oreal Paris Color Protect Shampoo,282,0,3,282,360,FALSE,360
2633,Munchies,Godrej Yummiez Chicken Punjabi Tikka ,295,9,6,266,360,FALSE,360
2634,Cooking Essentials,Godrej Yummiez Chicken Punjabi Tikka ,295,9,6,266,360,FALSE,360
2635,Chocolates & Candies,McCain Veggie Burger Patty,115,3,6,111,360,FALSE,360
2636,Ice Cream & Desserts,Ching's Secret Manchurian Noodles,91,0,5,91,360,FALSE,360
2637,Ice Cream & Desserts,Veeba Salsa Dip,119,6,6,111,360,FALSE,360
2638,Ice Cream & Desserts,Smith & Jones Masala Noodles,68,10,5,61,360,FALSE,360
2639,Ice Cream & Desserts,Godrej Yummiez Chicken Punjabi Tikka ,295,9,6,266,360,FALSE,360
2640,Chocolates & Candies,Veeba Salsa Dip,119,6,6,111,360,FALSE,360
2641,Chocolates & Candies,Smith & Jones Masala Noodles,68,10,5,61,360,FALSE,360
2642,Chocolates & Candies,Godrej Yummiez Chicken Punjabi Tikka ,295,9,6,266,360,FALSE,360
2643,Chocolates & Candies,Ching's Secret Manchurian Noodles,91,0,5,91,360,FALSE,360
2644,Packaged Food,Ching's Secret Manchurian Noodles,91,0,5,91,360,FALSE,360
2645,Ice Cream & Desserts,McCain Veggie Burger Patty,115,3,6,111,360,FALSE,360
2646,Packaged Food,McCain Veggie Burger Patty,115,3,6,111,360,FALSE,360
2647,Packaged Food,Veeba Salsa Dip,119,6,6,111,360,FALSE,360
2648,Packaged Food,Smith & Jones Masala Noodles,68,10,5,61,360,FALSE,360
2649,Packaged Food,Godrej Yummiez Chicken Punjabi Tikka ,295,9,6,266,360,FALSE,360
2650,Packaged Food,Kellogg's Crunchy Bites Chocos,190,10,6,171,375,FALSE,375
2651,Packaged Food,McCain Masala - Fries,120,5,3,114,375,FALSE,375
2652,Packaged Food,McCain Smiles - Pudina Chatka,120,5,3,114,375,FALSE,375
2653,Ice Cream & Desserts,McCain Smiles - Pudina Chatka,120,5,3,114,375,FALSE,375
2654,Ice Cream & Desserts,McCain Masala - Fries,120,5,3,114,375,FALSE,375
2655,Packaged Food,MTR Paneer Butter Masala & Veg Pulao,175,9,4,158,375,FALSE,375
2656,Chocolates & Candies,Kellogg's Crunchy Bites Chocos,190,10,6,171,375,FALSE,375
2657,Chocolates & Candies,McCain Masala - Fries,120,5,3,114,375,FALSE,375
2658,Chocolates & Candies,McCain Smiles - Pudina Chatka,120,5,3,114,375,FALSE,375
2659,Ice Cream & Desserts,Kellogg's Crunchy Bites Chocos,190,10,6,171,375,FALSE,375
2660,Ice Cream & Desserts,MTR Paneer Butter Masala & Veg Pulao,175,9,4,158,375,FALSE,375
2661,Paan Corner,Fiama Di Wills Lemongrass & Jojoba Gel Bar,176,10,6,158,375,FALSE,375
2662,Paan Corner,Fiama Peach & Avocado Gel Bar,176,10,3,158,375,FALSE,375
2663,Paan Corner,Fiama Menthol & Magnolia Cooling Gel Bar Soap,160,11,6,141,375,FALSE,375
2664,Home & Cleaning,Mr Muscle Dranex Drain Cleaner Kiwi,160,6,4,149,375,FALSE,375
2665,Personal Care,Fiama Di Wills Lemongrass & Jojoba Gel Bar,176,10,6,158,375,FALSE,375
2666,Personal Care,Fiama Peach & Avocado Gel Bar,176,10,3,158,375,FALSE,375
2667,Paan Corner,Pears Pure And Gentle Value Pack Of 3 Bathing Soap,199,6,5,186,375,FALSE,375
2668,Paan Corner,Dettol Original Germ Protection Bathing Soap Bar,166,5,4,157,375,FALSE,375
2669,Personal Care,Fiama Menthol & Magnolia Cooling Gel Bar Soap,160,11,6,141,375,FALSE,375
2670,Personal Care,Pears Pure And Gentle Value Pack Of 3 Bathing Soap,199,6,5,186,375,FALSE,375
2671,Personal Care,Dettol Original Germ Protection Bathing Soap Bar,166,5,4,157,375,FALSE,375
2672,Chocolates & Candies,MTR Paneer Butter Masala & Veg Pulao,175,9,4,158,375,FALSE,375
2673,Home & Cleaning,Hit Lime Fresh Flying Insect Killer,269,0,6,269,385,FALSE,385
2674,Ice Cream & Desserts,Kelloggs Chocos,170,5,4,160,385,FALSE,385
2675,Chocolates & Candies,Kelloggs Chocos,170,5,4,160,385,FALSE,385
2676,Packaged Food,Kelloggs Chocos,170,5,4,160,385,FALSE,385
2677,Packaged Food,Yogabar 100% Pure Peanut Butter Creamy & Yummy Unsweetened,229,10,6,206,400,FALSE,400
2678,Packaged Food,Nestle Lactogen Stage 2 Follow-up Formula Powder,340,0,2,340,400,FALSE,400
2679,Packaged Food,Mother's Recipe Lime Pickle ,120,5,1,114,400,FALSE,400
2680,Packaged Food,MTR Seviyan Vermicelli ,42,0,2,42,400,FALSE,400
2681,Packaged Food,Sumeru Aloo Paratha,119,5,6,113,400,FALSE,400
2682,Packaged Food,Bambino Popular Vermicelli ,40,2,3,39,400,FALSE,400
2683,Packaged Food,Mother's Recipe Pickle - Red Stuffed Chilli,145,11,3,129,400,FALSE,400
2684,Packaged Food,McCain Super Wedges,120,7,6,111,400,FALSE,400
2685,Packaged Food,Nestle Nestle Nan Pro Follow-Up Formula,650,0,6,650,400,FALSE,400
2686,Packaged Food,Yoga Bar Breakfast Muesli - Chocolate & Cranberry ,325,4,6,309,400,FALSE,400
2687,Packaged Food,Godrej Yummiez Chicken Lucknowi Seekh Kebab,260,10,4,234,400,FALSE,400
2688,Packaged Food,Switz Paratha Puff,110,4,6,105,400,FALSE,400
2689,Packaged Food,Yoga Bar Breakfast Muesli - Almond Caramel (No Added Sugar),325,4,6,309,400,FALSE,400
2690,Packaged Food,McCain Herb & Garlic Crazy Fries Masala Mix ,120,5,5,114,400,FALSE,400
2691,Packaged Food,McCain Crazy Fries Masala MixHot 'n' Tangy,120,5,6,114,400,FALSE,400
2692,Packaged Food,Quaker Oats,79,0,2,79,400,FALSE,400
2693,Packaged Food,McCain Veggie Fingers,117,5,6,111,400,FALSE,400
2694,Packaged Food,iD Malabar Parota ,80,10,4,72,400,FALSE,400
2695,Packaged Food,iD Wheat Lachha Paratha,80,12,6,70,400,FALSE,400
2696,Packaged Food,McCain Aloo Tikki,110,4,6,105,400,FALSE,400
2697,Beverages,Epigamia Greek Yogurt - Natural,200,0,1,200,400,FALSE,400
2698,Beverages,Pantai Coconut Cream,150,4,4,143,400,FALSE,400
2699,Beverages,Funfoods Peanut Butter Crunchy,169,7,1,156,400,FALSE,400
2700,Beverages,Yogabar 100% Pure Peanut Butter Creamy & Yummy Unsweetened,229,10,6,206,400,FALSE,400
2701,Beverages,Go Cheese Processed Block,249,4,6,237,400,FALSE,400
2702,Beverages,Funfoods Peanut Butter Creamy,169,0,1,169,400,FALSE,400
2703,Beverages,Pantai Coconut Milk,150,0,4,150,400,FALSE,400
2704,Beverages,Yoga Bar Peanut Butter Dark Chocolate Jar,249,0,4,249,400,FALSE,400
2705,Beverages,The Bake Shop Multi Grain Bread,65,0,0,65,400,TRUE,400
2706,Beverages,The Bake Shop Whole Wheat Bread,40,0,0,40,400,TRUE,400
2707,Beverages,Nestle A+ Slim Dahi - Low Fat,78,3,0,75,400,TRUE,400
2708,Packaged Food,Yoga Bar Peanut Butter Dark Chocolate Jar,249,0,4,249,400,FALSE,400
2709,Packaged Food,Godrej Yummiez Cheese Corn Nuggets ,230,0,4,230,400,FALSE,400
2710,Packaged Food,Yummiez Chicken Garlic Fingers Pouch,250,0,5,250,400,FALSE,400
2711,Packaged Food,Pediasure Premium Chocolate Powdered Health Drink,610,0,2,610,400,FALSE,400
2712,Packaged Food,Yummiez Veg Cheese Fingers Pouch,230,0,4,230,400,FALSE,400
2713,Packaged Food,Funfoods Peanut Butter Crunchy,169,7,1,156,400,FALSE,400
2714,Packaged Food,Del Monte Pizza & Pasta Sauce Spout Pack,99,0,3,99,400,FALSE,400
2715,Packaged Food,Bagrrys Muesli Crunchy Fruit & Nut With Cranberries,330,10,6,297,400,FALSE,400
2716,Packaged Food,Nestle Nan Pro 4 Follow Up Formula Powder For Older Infants ,620,0,1,620,400,FALSE,400
2717,Packaged Food,MTR Roasted Vermicelli ,55,0,1,55,400,FALSE,400
2718,Packaged Food,Mother's Recipe Punjabi Teekha Mang Pickle,120,10,4,108,400,FALSE,400
2719,Packaged Food,Mother's Recipe Mango Pickle ,120,0,1,120,400,FALSE,400
2720,Packaged Food,Funfoods Peanut Butter Creamy,169,0,1,169,400,FALSE,400
2721,Packaged Food,Soulfull Millet Muesli Fruit & Nut Almonds & Real Fruits,299,10,6,269,400,FALSE,400
2722,Ice Cream & Desserts,Quaker Oats,79,0,2,79,400,FALSE,400
2723,Ice Cream & Desserts,McCain Crazy Fries Masala MixHot 'n' Tangy,120,5,6,114,400,FALSE,400
2724,Ice Cream & Desserts,McCain Veggie Fingers,117,5,6,111,400,FALSE,400
2725,Ice Cream & Desserts,iD Malabar Parota ,80,10,4,72,400,FALSE,400
2726,Ice Cream & Desserts,iD Wheat Lachha Paratha,80,12,6,70,400,FALSE,400
2727,Ice Cream & Desserts,McCain Aloo Tikki,110,4,6,105,400,FALSE,400
2728,Packaged Food,Yummiez American Sweet Corn,85,0,0,85,400,TRUE,400
2729,Packaged Food,Mother's Recipe Mixed Pickle ,115,4,0,110,400,TRUE,400
2730,Ice Cream & Desserts,Yoga Bar Breakfast Muesli - Almond Caramel (No Added Sugar),325,4,6,309,400,FALSE,400
2731,Ice Cream & Desserts,Godrej Yummiez Chicken Lucknowi Seekh Kebab,260,10,4,234,400,FALSE,400
2732,Ice Cream & Desserts,Yoga Bar Breakfast Muesli - Chocolate & Cranberry ,325,4,6,309,400,FALSE,400
2733,Ice Cream & Desserts,Switz Paratha Puff,110,4,6,105,400,FALSE,400
2734,Ice Cream & Desserts,McCain Herb & Garlic Crazy Fries Masala Mix ,120,5,5,114,400,FALSE,400
2735,Chocolates & Candies,McCain Super Wedges,120,7,6,111,400,FALSE,400
2736,Chocolates & Candies,Nestle Nestle Nan Pro Follow-Up Formula,650,0,6,650,400,FALSE,400
2737,Chocolates & Candies,Mother's Recipe Pickle - Red Stuffed Chilli,145,11,3,129,400,FALSE,400
2738,Chocolates & Candies,Yoga Bar Breakfast Muesli - Chocolate & Cranberry ,325,4,6,309,400,FALSE,400
2739,Chocolates & Candies,Bambino Popular Vermicelli ,40,2,3,39,400,FALSE,400
2740,Chocolates & Candies,Godrej Yummiez Chicken Lucknowi Seekh Kebab,260,10,4,234,400,FALSE,400
2741,Chocolates & Candies,Yoga Bar Breakfast Muesli - Almond Caramel (No Added Sugar),325,4,6,309,400,FALSE,400
2742,Chocolates & Candies,McCain Crazy Fries Masala MixHot 'n' Tangy,120,5,6,114,400,FALSE,400
2743,Chocolates & Candies,Switz Paratha Puff,110,4,6,105,400,FALSE,400
2744,Chocolates & Candies,McCain Herb & Garlic Crazy Fries Masala Mix ,120,5,5,114,400,FALSE,400
2745,Chocolates & Candies,Nestle Lactogen Stage 2 Follow-up Formula Powder,340,0,2,340,400,FALSE,400
2746,Chocolates & Candies,Bagrrys Muesli Crunchy Fruit & Nut With Cranberries,330,10,6,297,400,FALSE,400
2747,Chocolates & Candies,Funfoods Peanut Butter Crunchy,169,7,1,156,400,FALSE,400
2748,Chocolates & Candies,Del Monte Pizza & Pasta Sauce Spout Pack,99,0,3,99,400,FALSE,400
2749,Chocolates & Candies,MTR Roasted Vermicelli ,55,0,1,55,400,FALSE,400
2750,Chocolates & Candies,Mother's Recipe Punjabi Teekha Mang Pickle,120,10,4,108,400,FALSE,400
2751,Chocolates & Candies,Sumeru Aloo Paratha,119,5,6,113,400,FALSE,400
2752,Chocolates & Candies,Yogabar 100% Pure Peanut Butter Creamy & Yummy Unsweetened,229,10,6,206,400,FALSE,400
2753,Chocolates & Candies,Mother's Recipe Lime Pickle ,120,5,1,114,400,FALSE,400
2754,Chocolates & Candies,MTR Seviyan Vermicelli ,42,0,2,42,400,FALSE,400
2755,Chocolates & Candies,Mother's Recipe Mango Pickle ,120,0,1,120,400,FALSE,400
2756,Chocolates & Candies,Soulfull Millet Muesli Fruit & Nut Almonds & Real Fruits,299,10,6,269,400,FALSE,400
2757,Chocolates & Candies,Nestle Nan Pro 4 Follow Up Formula Powder For Older Infants ,620,0,1,620,400,FALSE,400
2758,Chocolates & Candies,Funfoods Peanut Butter Creamy,169,0,1,169,400,FALSE,400
2759,Ice Cream & Desserts,Yogabar 100% Pure Peanut Butter Creamy & Yummy Unsweetened,229,10,6,206,400,FALSE,400
2760,Ice Cream & Desserts,Sumeru Aloo Paratha,119,5,6,113,400,FALSE,400
2761,Ice Cream & Desserts,Mother's Recipe Pickle - Red Stuffed Chilli,145,11,3,129,400,FALSE,400
2762,Ice Cream & Desserts,Bambino Popular Vermicelli ,40,2,3,39,400,FALSE,400
2763,Ice Cream & Desserts,Nestle Nestle Nan Pro Follow-Up Formula,650,0,6,650,400,FALSE,400
2764,Ice Cream & Desserts,McCain Super Wedges,120,7,6,111,400,FALSE,400
2765,Ice Cream & Desserts,Funfoods Peanut Butter Crunchy,169,7,1,156,400,FALSE,400
2766,Ice Cream & Desserts,Del Monte Pizza & Pasta Sauce Spout Pack,99,0,3,99,400,FALSE,400
2767,Ice Cream & Desserts,Mother's Recipe Lime Pickle ,120,5,1,114,400,FALSE,400
2768,Ice Cream & Desserts,Nestle Lactogen Stage 2 Follow-up Formula Powder,340,0,2,340,400,FALSE,400
2769,Ice Cream & Desserts,MTR Seviyan Vermicelli ,42,0,2,42,400,FALSE,400
2770,Ice Cream & Desserts,Soulfull Millet Muesli Fruit & Nut Almonds & Real Fruits,299,10,6,269,400,FALSE,400
2771,Ice Cream & Desserts,MTR Roasted Vermicelli ,55,0,1,55,400,FALSE,400
2772,Ice Cream & Desserts,Mother's Recipe Punjabi Teekha Mang Pickle,120,10,4,108,400,FALSE,400
2773,Ice Cream & Desserts,Bagrrys Muesli Crunchy Fruit & Nut With Cranberries,330,10,6,297,400,FALSE,400
2774,Ice Cream & Desserts,Nestle Nan Pro 4 Follow Up Formula Powder For Older Infants ,620,0,1,620,400,FALSE,400
2775,Ice Cream & Desserts,Yoga Bar Peanut Butter Dark Chocolate Jar,249,0,4,249,400,FALSE,400
2776,Ice Cream & Desserts,Yummiez Veg Cheese Fingers Pouch,230,0,4,230,400,FALSE,400
2777,Ice Cream & Desserts,Funfoods Peanut Butter Creamy,169,0,1,169,400,FALSE,400
2778,Ice Cream & Desserts,Mother's Recipe Mango Pickle ,120,0,1,120,400,FALSE,400
2779,Chocolates & Candies,McCain Veggie Fingers,117,5,6,111,400,FALSE,400
2780,Chocolates & Candies,Quaker Oats,79,0,2,79,400,FALSE,400
2781,Ice Cream & Desserts,Mother's Recipe Mixed Pickle ,115,4,0,110,400,TRUE,400
2782,Ice Cream & Desserts,Yummiez American Sweet Corn,85,0,0,85,400,TRUE,400
2783,Chocolates & Candies,iD Malabar Parota ,80,10,4,72,400,FALSE,400
2784,Chocolates & Candies,iD Wheat Lachha Paratha,80,12,6,70,400,FALSE,400
2785,Chocolates & Candies,McCain Aloo Tikki,110,4,6,105,400,FALSE,400
2786,Ice Cream & Desserts,Godrej Yummiez Cheese Corn Nuggets ,230,0,4,230,400,FALSE,400
2787,Ice Cream & Desserts,Yummiez Chicken Garlic Fingers Pouch,250,0,5,250,400,FALSE,400
2788,Ice Cream & Desserts,Pediasure Premium Chocolate Powdered Health Drink,610,0,2,610,400,FALSE,400
2789,Cooking Essentials,Pantai Coconut Cream,150,4,4,143,400,FALSE,400
2790,Cooking Essentials,The Bake Shop Bread Crumbs,50,6,3,47,400,FALSE,400
2791,Cooking Essentials,Dabur 100% Pure Honey,330,10,1,297,400,FALSE,400
2792,Cooking Essentials,Dabur Hommade - Ginger Garlic Past Tub,110,5,6,104,400,FALSE,400
2793,Cooking Essentials,Yummiez Chicken Garlic Fingers Pouch,250,0,5,250,400,FALSE,400
2794,Cooking Essentials,Popular Essentials Salted Murmure ,70,18,6,57,400,FALSE,400
2795,Cooking Essentials,Pantai Coconut Milk,150,0,4,150,400,FALSE,400
2796,Cooking Essentials,Quaker Oats,79,0,2,79,400,FALSE,400
2797,Cooking Essentials,Nestle Everyday Dairy Whitener,210,0,4,210,400,FALSE,400
2798,Cooking Essentials,Nestle Milkmaid,132,3,6,128,400,FALSE,400
2799,Cooking Essentials,Amul Mithai Mate EOE Tin,112,2,6,109,400,FALSE,400
2800,Munchies,The Bake Shop Bread Crumbs,50,6,3,47,400,FALSE,400
2801,Munchies,Pantai Coconut Cream,150,4,4,143,400,FALSE,400
2802,Munchies,Quaker Oats,79,0,2,79,400,FALSE,400
2803,Munchies,Nestle Milkmaid,132,3,6,128,400,FALSE,400
2804,Munchies,Nestle Everyday Dairy Whitener,210,0,4,210,400,FALSE,400
2805,Munchies,Amul Mithai Mate EOE Tin,112,2,6,109,400,FALSE,400
2806,Beverages,iD Curd Pouch,35,2,6,34,400,FALSE,400
2807,Beverages,Mother Dairy Classic Curd,30,3,6,29,400,FALSE,400
2808,Beverages,Nestle A+ Nourish Dahi,70,2,6,68,400,FALSE,400
2809,Beverages,iD Curd Cup,60,0,6,60,400,FALSE,400
2810,Beverages,The Bake Shop Premium White Sandwich Bread,30,0,1,30,400,FALSE,400
2811,Beverages,Britannia Multigrain Bread ,55,0,4,55,400,FALSE,400
2812,Beverages,Nestle A+ Actiplus Probiotic Dahi Plain Curd,78,3,5,75,400,FALSE,400
2813,Beverages,Britannia Brown Bread ,42,0,4,42,400,FALSE,400
2814,Beverages,Nestle Everyday Dairy Whitener,210,0,4,210,400,FALSE,400
2815,Munchies,Yummiez Chicken Garlic Fingers Pouch,250,0,5,250,400,FALSE,400
2816,Munchies,Popular Essentials Salted Murmure ,70,18,6,57,400,FALSE,400
2817,Munchies,Pantai Coconut Milk,150,0,4,150,400,FALSE,400
2818,Munchies,Dabur 100% Pure Honey,330,10,1,297,400,FALSE,400
2819,Munchies,Dabur Hommade - Ginger Garlic Past Tub,110,5,6,104,400,FALSE,400
2820,Home & Cleaning,Hit Flower Lime Fragrance Insect Killer Spray,182,3,6,176,400,FALSE,400
2821,Paan Corner,Godrej Cinthol Lime Refreshing Deo Soap,116,0,0,116,400,TRUE,400
2822,Home & Cleaning,Vanish All in One Powder Detergent Booster,210,10,2,189,400,FALSE,400
2823,Home & Cleaning,Pril Power Of Active Boosters,102,0,1,102,400,FALSE,400
2824,Health & Hygiene,Nestle A+ Actiplus Probiotic Dahi Plain Curd,78,3,5,75,400,FALSE,400
2825,Paan Corner,Fiama Fresh Hand Wash,150,6,3,140,400,FALSE,400
2826,Paan Corner,Nivea Body Milk Lotion for Very Dry Skin,399,20,6,319,400,FALSE,400
2827,Paan Corner,Vaseline Intensive Care Deep Moisture Body Lotion,325,0,4,325,400,FALSE,400
2828,Paan Corner,Himalaya Anti Dandruff Shampoo,260,18,1,213,400,FALSE,400
2829,Paan Corner,Himalaya Baby Lotion,300,12,1,264,400,FALSE,400
2830,Paan Corner,Himalaya Baby Powder,235,20,6,188,400,FALSE,400
2831,Paan Corner,Parachute Advansed Gold Coconut Hair Oil,215,9,0,194,400,TRUE,400
2832,Paan Corner,Johnson's Baby Powder,235,0,6,235,400,FALSE,400
2833,Paan Corner,Himalaya Gentle Baby Shampoo,320,17,6,265,400,FALSE,400
2834,Paan Corner,Mamaearth Ubtan Body Lotion,399,15,4,339,400,FALSE,400
2835,Paan Corner,Himalaya Anti-Hair Fall Shampoo,230,18,1,188,400,FALSE,400
2836,Chocolates & Candies,Godrej Yummiez Cheese Corn Nuggets ,230,0,4,230,400,FALSE,400
2837,Chocolates & Candies,Yummiez Chicken Garlic Fingers Pouch,250,0,5,250,400,FALSE,400
2838,Chocolates & Candies,Pediasure Premium Chocolate Powdered Health Drink,610,0,2,610,400,FALSE,400
2839,Chocolates & Candies,Yummiez Veg Cheese Fingers Pouch,230,0,4,230,400,FALSE,400
2840,Chocolates & Candies,Yoga Bar Peanut Butter Dark Chocolate Jar,249,0,4,249,400,FALSE,400
2841,Chocolates & Candies,Mother's Recipe Mixed Pickle ,115,4,0,110,400,TRUE,400
2842,Chocolates & Candies,Yummiez American Sweet Corn,85,0,0,85,400,TRUE,400
2843,Biscuits,Karachi Bakery Cashew Biscuits ,210,5,4,199,400,FALSE,400
2844,Biscuits,Parle Monaco Classic Salty Biscuits,70,0,4,70,400,FALSE,400
2845,Biscuits,Britannia Toastea (Premium Bake Rusk),65,0,6,65,400,FALSE,400
2846,Biscuits,Britannia Goodday Chocochip Cookies,120,17,5,99,400,FALSE,400
2847,Biscuits,Britannia Tiger Krunch Biscuits,120,0,4,120,400,FALSE,400
2848,Biscuits,Danish Butter Cookies,350,0,1,350,400,FALSE,400
2849,Personal Care,Godrej Cinthol Lime Refreshing Deo Soap,116,0,0,116,400,TRUE,400
2850,Personal Care,Himalaya Baby Powder,235,20,6,188,400,FALSE,400
2851,Personal Care,Parachute Advansed Gold Coconut Hair Oil,215,9,0,194,400,TRUE,400
2852,Personal Care,Johnson's Baby Powder,235,0,6,235,400,FALSE,400
2853,Personal Care,Vaseline Intensive Care Deep Moisture Body Lotion,325,0,4,325,400,FALSE,400
2854,Personal Care,Himalaya Anti Dandruff Shampoo,260,18,1,213,400,FALSE,400
2855,Personal Care,Himalaya Baby Lotion,300,12,1,264,400,FALSE,400
2856,Personal Care,Fiama Fresh Hand Wash,150,6,3,140,400,FALSE,400
2857,Personal Care,Mamaearth Ubtan Body Lotion,399,15,4,339,400,FALSE,400
2858,Personal Care,Nivea Body Milk Lotion for Very Dry Skin,399,20,6,319,400,FALSE,400
2859,Personal Care,Himalaya Anti-Hair Fall Shampoo,230,18,1,188,400,FALSE,400
2860,Personal Care,Himalaya Gentle Baby Shampoo,320,17,6,265,400,FALSE,400
2861,Munchies,Sunfeast YiPPee! Magic Masala Noodles,70,10,3,63,405,FALSE,405
2862,Cooking Essentials,Sunfeast YiPPee! Magic Masala Noodles,70,10,3,63,405,FALSE,405
2863,Chocolates & Candies,Sunfeast YiPPee! Magic Masala Noodles,70,10,3,63,405,FALSE,405
2864,Ice Cream & Desserts,Sunfeast YiPPee! Magic Masala Noodles,70,10,3,63,405,FALSE,405
2865,Packaged Food,Sunfeast YiPPee! Magic Masala Noodles,70,10,3,63,405,FALSE,405
2866,Packaged Food,Cantina Beans Mexican Beans,250,14,6,213,410,FALSE,410
2867,Chocolates & Candies,Cantina Beans Mexican Beans,250,14,6,213,410,FALSE,410
2868,Ice Cream & Desserts,Cantina Beans Mexican Beans,250,14,6,213,410,FALSE,410
2869,Cooking Essentials,Cantina Beans Mexican Beans,250,14,6,213,410,FALSE,410
2870,Munchies,Cantina Beans Mexican Beans,250,14,6,213,410,FALSE,410
2871,Chocolates & Candies,McCain Smiles Cripsy Happy Potatoes,120,5,6,114,415,FALSE,415
2872,Chocolates & Candies,Mccain Emotibites - Crispy Happy Potato Snack,130,0,6,129,415,FALSE,415
2873,Ice Cream & Desserts,Mccain Emotibites - Crispy Happy Potato Snack,130,0,6,129,415,FALSE,415
2874,Ice Cream & Desserts,McCain Smiles Cripsy Happy Potatoes,120,5,6,114,415,FALSE,415
2875,Packaged Food,Mccain Emotibites - Crispy Happy Potato Snack,130,0,6,129,415,FALSE,415
2876,Packaged Food,McCain Smiles Cripsy Happy Potatoes,120,5,6,114,415,FALSE,415
2877,Personal Care,Gillette Pre Shave Foam - Classic Regular Skin,225,0,6,225,418,FALSE,418
2878,Personal Care,Gillette Sensitive Shaving Foam,225,6,4,210,418,FALSE,418
2879,Paan Corner,Gillette Pre Shave Foam - Classic Regular Skin,225,0,6,225,418,FALSE,418
2880,Paan Corner,Gillette Sensitive Shaving Foam,225,6,4,210,418,FALSE,418
2881,Packaged Food,McCain Chilli Garlic Potato Bites Crunchy Potato Nuggets,125,5,1,118,420,FALSE,420
2882,Packaged Food,McCain French Fries,120,5,1,114,420,FALSE,420
2883,Ice Cream & Desserts,McCain French Fries,120,5,1,114,420,FALSE,420
2884,Ice Cream & Desserts,McCain Chilli Garlic Potato Bites Crunchy Potato Nuggets,125,5,1,118,420,FALSE,420
2885,Chocolates & Candies,McCain French Fries,120,5,1,114,420,FALSE,420
2886,Chocolates & Candies,McCain Chilli Garlic Potato Bites Crunchy Potato Nuggets,125,5,1,118,420,FALSE,420
2887,Ice Cream & Desserts,Ching's Secret Green Chilli Sauce,105,0,6,105,425,FALSE,425
2888,Ice Cream & Desserts,Kellogg's All Bran Wheat Flakes,220,6,5,205,425,FALSE,425
2889,Chocolates & Candies,Amul Happy Treats French Fries,68,4,1,65,425,FALSE,425
2890,Chocolates & Candies,Ching's Secret Green Chilli Sauce,105,0,6,105,425,FALSE,425
2891,Chocolates & Candies,Kellogg's All Bran Wheat Flakes,220,6,5,205,425,FALSE,425
2892,Ice Cream & Desserts,Amul Happy Treats French Fries,68,4,1,65,425,FALSE,425
2893,Packaged Food,Ching's Secret Green Chilli Sauce,105,0,6,105,425,FALSE,425
2894,Packaged Food,Kellogg's All Bran Wheat Flakes,220,6,5,205,425,FALSE,425
2895,Packaged Food,Amul Happy Treats French Fries,68,4,1,65,425,FALSE,425
2896,Packaged Food,Kelloggs Special K,210,8,5,192,435,FALSE,435
2897,Chocolates & Candies,Kelloggs Special K,210,8,5,192,435,FALSE,435
2898,Ice Cream & Desserts,Kelloggs Special K,210,8,5,192,435,FALSE,435
2899,Ice Cream & Desserts,Ching's Secret Red Chilli Sauce,105,0,4,105,440,FALSE,440
2900,Chocolates & Candies,Ching's Secret Red Chilli Sauce,105,0,4,105,440,FALSE,440
2901,Packaged Food,Ching's Secret Red Chilli Sauce,105,0,4,105,440,FALSE,440
2902,Packaged Food,Del Monte Black Sliced Olives,250,0,1,250,450,FALSE,450
2903,Packaged Food,Figaro Plain Green Olive ,179,0,6,179,450,FALSE,450
2904,Packaged Food,Figaro Pitted Black Olive ,179,0,6,179,450,FALSE,450
2905,Packaged Food,Del Monte Pitted Green Olives,250,0,0,250,450,TRUE,450
2906,Packaged Food,Figaro Sliced Black Olive ,179,0,6,179,450,FALSE,450
2907,Packaged Food,Kellogg's Crunchy Granola Chocolate & Almonds,330,10,3,294,450,FALSE,450
2908,Chocolates & Candies,Del Monte Black Sliced Olives,250,0,1,250,450,FALSE,450
2909,Chocolates & Candies,Figaro Pitted Black Olive ,179,0,6,179,450,FALSE,450
2910,Chocolates & Candies,Figaro Sliced Black Olive ,179,0,6,179,450,FALSE,450
2911,Chocolates & Candies,Figaro Plain Green Olive ,179,0,6,179,450,FALSE,450
2912,Chocolates & Candies,Kellogg's Crunchy Granola Chocolate & Almonds,330,10,3,294,450,FALSE,450
2913,Ice Cream & Desserts,Del Monte Black Sliced Olives,250,0,1,250,450,FALSE,450
2914,Ice Cream & Desserts,Figaro Pitted Black Olive ,179,0,6,179,450,FALSE,450
2915,Ice Cream & Desserts,Del Monte Pitted Green Olives,250,0,0,250,450,TRUE,450
2916,Ice Cream & Desserts,Figaro Sliced Black Olive ,179,0,6,179,450,FALSE,450
2917,Ice Cream & Desserts,Kellogg's Crunchy Granola Chocolate & Almonds,330,10,3,294,450,FALSE,450
2918,Ice Cream & Desserts,Figaro Plain Green Olive ,179,0,6,179,450,FALSE,450
2919,Munchies,Hershey's Chocolate Milk Booster,200,0,6,200,450,FALSE,450
2920,Beverages,Britannia 100% Whole Wheat Bread,45,0,4,45,450,FALSE,450
2921,Beverages,Britannia Healthy Slice Sandwich Bread,40,0,4,40,450,FALSE,450
2922,Munchies,Hersheys Chocolate Almond Syrup,200,0,2,200,450,FALSE,450
2923,Munchies,Popular Essentials Pure Jaggery,50,2,6,49,450,FALSE,450
2924,Cooking Essentials,Hershey's Chocolate Milk Booster,200,0,6,200,450,FALSE,450
2925,Cooking Essentials,Hersheys Chocolate Almond Syrup,200,0,2,200,450,FALSE,450
2926,Cooking Essentials,Popular Essentials Pure Jaggery,50,2,6,49,450,FALSE,450
2927,Biscuits,Unibic Assorted Cookies ,149,8,6,137,450,FALSE,450
2928,Chocolates & Candies,Del Monte Pitted Green Olives,250,0,0,250,450,TRUE,450
2929,Ice Cream & Desserts,Kellogg's Almonds And Cranberries Granola,330,6,6,310,460,FALSE,460
2930,Chocolates & Candies,Kellogg's Almonds And Cranberries Granola,330,6,6,310,460,FALSE,460
2931,Packaged Food,Kellogg's Almonds And Cranberries Granola,330,6,6,310,460,FALSE,460
2932,Packaged Food,Kellogg's Original Corn Flakes,185,5,6,175,475,FALSE,475
2933,Chocolates & Candies,Kellogg's Original Corn Flakes,185,5,6,175,475,FALSE,475
2934,Ice Cream & Desserts,Kellogg's Original Corn Flakes,185,5,6,175,475,FALSE,475
2935,Cooking Essentials,Betty Crocker Chocolate Fudge Cake Mix,295,0,6,295,475,FALSE,475
2936,Munchies,Betty Crocker Chocolate Fudge Cake Mix,295,0,6,295,475,FALSE,475
2937,Ice Cream & Desserts,Ching's Secret Manchurian Instant Noodle,114,0,6,114,480,FALSE,480
2938,Ice Cream & Desserts,Ching's Secret Schezwan Instant Noodle,114,0,6,114,480,FALSE,480
2939,Ice Cream & Desserts,Smith & Jones Masala Noodles,89,0,5,89,480,FALSE,480
2940,Ice Cream & Desserts,Ching's Secret Hot Garlic Instant Noodles,114,0,6,114,480,FALSE,480
2941,Chocolates & Candies,Ching's Secret Manchurian Instant Noodle,114,0,6,114,480,FALSE,480
2942,Chocolates & Candies,Ching's Secret Hot Garlic Instant Noodles,114,0,6,114,480,FALSE,480
2943,Chocolates & Candies,Smith & Jones Masala Noodles,89,0,5,89,480,FALSE,480
2944,Packaged Food,Ching's Secret Manchurian Instant Noodle,114,0,6,114,480,FALSE,480
2945,Packaged Food,Ching's Secret Schezwan Instant Noodle,114,0,6,114,480,FALSE,480
2946,Packaged Food,Ching's Secret Hot Garlic Instant Noodles,114,0,6,114,480,FALSE,480
2947,Packaged Food,Smith & Jones Masala Noodles,89,0,5,89,480,FALSE,480
2948,Chocolates & Candies,Ching's Secret Schezwan Instant Noodle,114,0,6,114,480,FALSE,480
2949,Chocolates & Candies,Bagrrys Fruit N Fibre Muesli Mixed Fruit,330,0,6,330,500,FALSE,500
2950,Chocolates & Candies,Kissan Mixed Fruit Jam ,155,0,0,155,500,TRUE,500
2951,Chocolates & Candies,Yummiez Green Peas,135,0,0,135,500,TRUE,500
2952,Chocolates & Candies,Del Monte Eggless Mayo,135,6,0,126,500,TRUE,500
2953,Chocolates & Candies,Safal Frozen Mixed Vegetables,60,5,0,57,500,TRUE,500
2954,Chocolates & Candies,Chef's Basket Durum Wheat Penne Pasta,160,50,0,80,500,TRUE,500
2955,Biscuits,Britannia Bourbon Biscuit Buy 4 Get 1 Free,80,10,2,72,500,FALSE,500
2956,Biscuits,Britannia Treat Jimjam Family Pack (Buy 4 Get 1 Free),100,0,6,100,500,FALSE,500
2957,Biscuits,Britannia Milk Bikis Cream Biscuit,70,0,0,70,500,TRUE,500
2958,Personal Care,Savlon Herbal Sensitive Liquid Handwash Refill Pouch,115,4,6,110,750,FALSE,500
2959,Personal Care,Listerine Fresh Burst Mouthwash,285,7,6,263,500,FALSE,500
2960,Personal Care,Nupur Heena Mehandi,199,0,6,199,500,FALSE,500
2961,Paan Corner,Savlon Herbal Sensitive Liquid Handwash Refill Pouch,115,4,6,110,750,FALSE,500
2962,Personal Care,Dettol Clinical Strength Hand Sanitizer Liquid,250,10,6,225,500,FALSE,500
2963,Paan Corner,Dettol Clinical Strength Hand Sanitizer Liquid,250,10,6,225,500,FALSE,500
2964,Paan Corner,Listerine Fresh Burst Mouthwash,285,7,6,263,500,FALSE,500
2965,Paan Corner,Nupur Heena Mehandi,199,0,6,199,500,FALSE,500
2966,Home & Cleaning,Rin Fabric Whitener Detergent,69,10,0,62,500,TRUE,500
2967,Health & Hygiene,Dabur Chyawanprash Immunity Booster,190,6,6,177,500,FALSE,500
2968,Health & Hygiene,Organic India Organic Chyawanprash,495,20,6,396,500,FALSE,500
2969,Health & Hygiene,Dabur Chyawanprakash Sugar Free,235,5,6,223,500,FALSE,500
2970,Health & Hygiene,Dettol Clinical Strength Hand Sanitizer Liquid,250,10,6,225,500,FALSE,500
2971,Home & Cleaning,Oxi Green Dish Wash Liquid - Lemon,105,6,6,98,500,FALSE,500
2972,Home & Cleaning,Lizol Disinfectant Surface & Floor Cleaner Liquid Jasmine,103,5,6,97,500,FALSE,500
2973,Home & Cleaning,Colin Glass and Surface Cleaner Liquid Spray Regular,96,7,6,89,500,FALSE,500
2974,Home & Cleaning,Ariel Complete Detergent Washing Powder 500 g  + 200 g Free,135,0,6,135,500,FALSE,500
2975,Home & Cleaning,Lizol Disinfectant Surface & Floor Cleaner Liquid Floral,103,5,6,97,500,FALSE,500
2976,Home & Cleaning,Oxi Green Max Force Green Concentrate,107,10,3,96,500,FALSE,500
2977,Home & Cleaning,Pril Bar Tub,55,0,1,55,500,FALSE,500
2978,Home & Cleaning,Harpic Lemon Bathroom Cleaner ,95,9,6,86,500,FALSE,500
2979,Packaged Food,Kissan Pineapple Jam,165,9,1,149,500,FALSE,500
2980,Packaged Food,Kellogg's No Added Sugar Muesli,335,11,6,298,500,FALSE,500
2981,Packaged Food,Maggi Rich Tomato Ketchup,105,4,2,100,500,FALSE,500
2982,Packaged Food,Chef's Basket Durum Wheat Fusilli Pasta,160,50,6,80,500,FALSE,500
2983,Packaged Food,Godrej Yummiez Chicken Nuggets,325,9,1,293,500,FALSE,500
2984,Packaged Food,Saffola Veggie Twist Masala Oats,195,12,2,171,500,FALSE,500
2985,Packaged Food,Mother's Recipe Pickle - Mango,125,9,6,113,400,FALSE,500
2986,Packaged Food,Mother's Recipe Pickle - Mango,149,26,4,109,500,FALSE,500
2987,Packaged Food,Saffola Everyday Peppy Tomato Masala Oats,195,12,6,171,500,FALSE,500
2988,Packaged Food,Veeba Hot Sweet Tomato Chilli Sauce,104,20,3,83,500,FALSE,500
2989,Packaged Food,Borges Durum Wheat Pasta Superior Quality,250,40,6,149,500,FALSE,500
2990,Packaged Food,Borges Durum Wheat Fusilli Pasta ,250,0,3,250,500,FALSE,500
2991,Packaged Food,Maggi Hot & Sweet Tomato Chilli Sauce,115,0,1,115,500,FALSE,500
2992,Packaged Food,Chef's Basket Durum Wheat Elbow Pasta,160,50,6,80,500,FALSE,500
2993,Packaged Food,Amul Spray Infant Milk Food,197,2,6,193,500,FALSE,500
2994,Packaged Food,Amul Delicious Fat Spread - Cholesterol Free,88,2,2,86,500,FALSE,500
2995,Beverages,Amul Safed Makkhan,235,1,6,232,500,FALSE,500
2996,Beverages,Amul Unsalted Cooking Butter,245,2,6,238,500,FALSE,500
2997,Beverages,Betty Crocker Complete Pancake Mix Original,110,4,6,105,250,FALSE,500
2998,Packaged Food,Veeba Truly Tomato Ketchup,99,20,6,79,500,FALSE,500
2999,Packaged Food,Organic India Apple Cider Vinegar,595,9,2,536,500,FALSE,500
3000,Packaged Food,Masala Oats Masala & Coriander ,195,9,5,176,500,FALSE,500
3001,Packaged Food,Mother's Recipe Gujrati Gorkeri Pickle,140,10,3,126,500,FALSE,500
3002,Packaged Food,Kellogg's Muesli 20% Nuts Delight,320,0,6,320,500,FALSE,500
3003,Packaged Food,Borges Farfalle Durum Wheat Pasta ,250,0,5,250,500,FALSE,500
3004,Packaged Food,ITC Master Chef Chicken Seekh Kabab,325,0,6,325,500,FALSE,500
3005,Packaged Food,Kelloggs Muesli - With 22% Fruit Magic,320,10,5,288,500,FALSE,500
3006,Packaged Food,Bagrrys Fruit N Fibre Muesli Mixed Fruit,330,0,6,330,500,FALSE,500
3007,Packaged Food,Kissan Mixed Fruit Jam ,155,0,0,155,500,TRUE,500
3008,Packaged Food,Safal Frozen Mixed Vegetables,60,5,0,57,500,TRUE,500
3009,Packaged Food,Praakritik Organic Jumbo Rolled Oats,190,11,6,169,500,FALSE,500
3010,Packaged Food,Mother's Recipe Pickle - Mixed,149,26,6,109,500,FALSE,500
3011,Packaged Food,Yummiez Green Peas,135,0,0,135,500,TRUE,500
3012,Packaged Food,Del Monte Eggless Mayo,135,6,0,126,500,TRUE,500
3013,Packaged Food,Chef's Basket Durum Wheat Penne Pasta,160,50,0,80,500,TRUE,500
3014,Ice Cream & Desserts,Amul Spray Infant Milk Food,197,2,6,193,500,FALSE,500
3015,Ice Cream & Desserts,Amul Delicious Fat Spread - Cholesterol Free,88,2,2,86,500,FALSE,500
3016,Ice Cream & Desserts,Godrej Yummiez Chicken Nuggets,325,9,1,293,500,FALSE,500
3017,Ice Cream & Desserts,Maggi Rich Tomato Ketchup,105,4,2,100,500,FALSE,500
3018,Ice Cream & Desserts,Chef's Basket Durum Wheat Fusilli Pasta,160,50,6,80,500,FALSE,500
3019,Ice Cream & Desserts,Maggi Hot & Sweet Tomato Chilli Sauce,115,0,1,115,500,FALSE,500
3020,Ice Cream & Desserts,Borges Durum Wheat Fusilli Pasta ,250,0,3,250,500,FALSE,500
3021,Ice Cream & Desserts,Chef's Basket Durum Wheat Elbow Pasta,160,50,6,80,500,FALSE,500
3022,Chocolates & Candies,Saffola Veggie Twist Masala Oats,195,12,2,171,500,FALSE,500
3023,Chocolates & Candies,Mother's Recipe Pickle - Mango,125,9,6,113,400,FALSE,500
3024,Chocolates & Candies,Mother's Recipe Pickle - Mango,149,26,4,109,500,FALSE,500
3025,Chocolates & Candies,Kellogg's No Added Sugar Muesli,335,11,6,298,500,FALSE,500
3026,Chocolates & Candies,Kissan Pineapple Jam,165,9,1,149,500,FALSE,500
3027,Chocolates & Candies,Chef's Basket Durum Wheat Elbow Pasta,160,50,6,80,500,FALSE,500
3028,Chocolates & Candies,Amul Spray Infant Milk Food,197,2,6,193,500,FALSE,500
3029,Chocolates & Candies,Maggi Rich Tomato Ketchup,105,4,2,100,500,FALSE,500
3030,Chocolates & Candies,Godrej Yummiez Chicken Nuggets,325,9,1,293,500,FALSE,500
3031,Chocolates & Candies,Chef's Basket Durum Wheat Fusilli Pasta,160,50,6,80,500,FALSE,500
3032,Chocolates & Candies,Borges Durum Wheat Fusilli Pasta ,250,0,3,250,500,FALSE,500
3033,Chocolates & Candies,Maggi Hot & Sweet Tomato Chilli Sauce,115,0,1,115,500,FALSE,500
3034,Chocolates & Candies,Organic India Apple Cider Vinegar,595,9,2,536,500,FALSE,500
3035,Chocolates & Candies,Masala Oats Masala & Coriander ,195,9,5,176,500,FALSE,500
3036,Chocolates & Candies,Mother's Recipe Gujrati Gorkeri Pickle,140,10,3,126,500,FALSE,500
3037,Chocolates & Candies,Kellogg's Muesli 20% Nuts Delight,320,0,6,320,500,FALSE,500
3038,Chocolates & Candies,Borges Farfalle Durum Wheat Pasta ,250,0,5,250,500,FALSE,500
3039,Chocolates & Candies,Veeba Hot Sweet Tomato Chilli Sauce,104,20,3,83,500,FALSE,500
3040,Chocolates & Candies,Borges Durum Wheat Pasta Superior Quality,250,40,6,149,500,FALSE,500
3041,Chocolates & Candies,ITC Master Chef Chicken Seekh Kabab,325,0,6,325,500,FALSE,500
3042,Chocolates & Candies,Saffola Everyday Peppy Tomato Masala Oats,195,12,6,171,500,FALSE,500
3043,Chocolates & Candies,Praakritik Organic Jumbo Rolled Oats,190,11,6,169,500,FALSE,500
3044,Chocolates & Candies,Mother's Recipe Pickle - Mixed,149,26,6,109,500,FALSE,500
3045,Chocolates & Candies,Kelloggs Muesli - With 22% Fruit Magic,320,10,5,288,500,FALSE,500
3046,Chocolates & Candies,Veeba Truly Tomato Ketchup,99,20,6,79,500,FALSE,500
3047,Ice Cream & Desserts,Organic India Apple Cider Vinegar,595,9,2,536,500,FALSE,500
3048,Ice Cream & Desserts,Masala Oats Masala & Coriander ,195,9,5,176,500,FALSE,500
3049,Ice Cream & Desserts,Mother's Recipe Gujrati Gorkeri Pickle,140,10,3,126,500,FALSE,500
3050,Ice Cream & Desserts,Kellogg's Muesli 20% Nuts Delight,320,0,6,320,500,FALSE,500
3051,Ice Cream & Desserts,Borges Farfalle Durum Wheat Pasta ,250,0,5,250,500,FALSE,500
3052,Ice Cream & Desserts,Veeba Truly Tomato Ketchup,99,20,6,79,500,FALSE,500
3053,Ice Cream & Desserts,Veeba Hot Sweet Tomato Chilli Sauce,104,20,3,83,500,FALSE,500
3054,Ice Cream & Desserts,Borges Durum Wheat Pasta Superior Quality,250,40,6,149,500,FALSE,500
3055,Ice Cream & Desserts,ITC Master Chef Chicken Seekh Kabab,325,0,6,325,500,FALSE,500
3056,Ice Cream & Desserts,Kissan Pineapple Jam,165,9,1,149,500,FALSE,500
3057,Ice Cream & Desserts,Kellogg's No Added Sugar Muesli,335,11,6,298,500,FALSE,500
3058,Ice Cream & Desserts,Mother's Recipe Pickle - Mango,125,9,6,113,400,FALSE,500
3059,Ice Cream & Desserts,Saffola Veggie Twist Masala Oats,195,12,2,171,500,FALSE,500
3060,Ice Cream & Desserts,Mother's Recipe Pickle - Mango,149,26,4,109,500,FALSE,500
3061,Ice Cream & Desserts,Saffola Everyday Peppy Tomato Masala Oats,195,12,6,171,500,FALSE,500
3062,Ice Cream & Desserts,Bagrrys Fruit N Fibre Muesli Mixed Fruit,330,0,6,330,500,FALSE,500
3063,Ice Cream & Desserts,Praakritik Organic Jumbo Rolled Oats,190,11,6,169,500,FALSE,500
3064,Ice Cream & Desserts,Mother's Recipe Pickle - Mixed,149,26,6,109,500,FALSE,500
3065,Ice Cream & Desserts,Kelloggs Muesli - With 22% Fruit Magic,320,10,5,288,500,FALSE,500
3066,Ice Cream & Desserts,Del Monte Eggless Mayo,135,6,0,126,500,TRUE,500
3067,Ice Cream & Desserts,Yummiez Green Peas,135,0,0,135,500,TRUE,500
3068,Chocolates & Candies,Amul Delicious Fat Spread - Cholesterol Free,88,2,2,86,500,FALSE,500
3069,Ice Cream & Desserts,Safal Frozen Mixed Vegetables,60,5,0,57,500,TRUE,500
3070,Ice Cream & Desserts,Kissan Mixed Fruit Jam ,155,0,0,155,500,TRUE,500
3071,Ice Cream & Desserts,Chef's Basket Durum Wheat Penne Pasta,160,50,0,80,500,TRUE,500
3072,Munchies,Popular Essentials Samba Broken Wheat,100,11,6,89,500,FALSE,500
3073,Munchies,Praakritik Organic Yellow Moon Dal,135,0,6,135,500,FALSE,500
3074,Munchies,24 Mantra Organic Pancharatna Dal - Split,130,7,6,120,500,FALSE,500
3075,Munchies,Aashirvaad Svasti Cow Ghee Tetra Pack,295,0,6,295,500,FALSE,500
3076,Munchies,Praakritik Organic Indrayani Rice,70,0,6,70,500,FALSE,500
3077,Munchies,MTR Vada Breakfast,200,0,1,200,500,FALSE,500
3078,Munchies,Epicurea Sushi Rice,295,0,6,295,500,FALSE,500
3079,Munchies,Praakritik Organic Jumbo Rolled Oats,190,11,6,169,500,FALSE,500
3080,Munchies,Satyam Poha Jada,35,8,0,32,500,TRUE,500
3081,Munchies,Satyam Thin Poha Patla,38,7,0,35,500,TRUE,500
3082,Munchies,Tata Sampann Poha,44,6,0,41,500,TRUE,500
3083,Munchies,Popular Essentials Toor Dal (Un-Polished),80,7,0,74,500,TRUE,500
3084,Munchies,Popular Essentials Black Brown Chana (Un-Polished),55,9,0,50,500,TRUE,500
3085,Munchies,Tata Sampann High Protien Chana Dal - Split,64,0,0,64,500,TRUE,500
3086,Munchies,Satyam Singdana ,119,6,0,111,500,TRUE,500
3087,Munchies,Tata Sampann Moong Chilka ,88,6,0,82,500,TRUE,500
3088,Munchies,Tata Sampann High Protien Toor Dal - Split,91,2,0,89,500,TRUE,500
3089,Munchies,Everest Kashmiri Lal Chilli Powder,310,10,0,279,500,TRUE,500
3090,Beverages,Mother Dairy Ultra Full Cream Milk,31,0,4,31,500,FALSE,500
3091,Beverages,Mother Dairy Toned Milk Pouch,25,0,4,25,500,FALSE,500
3092,Munchies,Sugarlite 50% Less Calories Sugar Pouch,99,40,0,59,500,TRUE,500
3093,Munchies,Popular Essentials Buckwheat Flour (Kuttu Atta),125,9,0,113,500,TRUE,500
3094,Munchies,Chef's Basket Durum Wheat Penne Pasta,160,50,0,80,500,TRUE,500
3095,Munchies,Popular Essentials Sabudana,60,10,0,54,500,TRUE,500
3096,Munchies,Popular Essentials Brown Sugar,40,0,0,40,500,TRUE,500
3097,Beverages,Amul Delicious Fat Spread - Cholesterol Free,88,2,2,86,500,FALSE,500
3098,Beverages,Amul Cheese - Block,245,2,6,240,500,FALSE,500
3099,Beverages,Amul Butter - Pasteurised,245,2,6,240,500,FALSE,500
3100,Munchies,Praakritik Organic Tuvar Dal,140,0,6,140,500,FALSE,500
3101,Munchies,Praakritik Organic Jowar Atta,110,6,6,103,500,FALSE,500
3102,Munchies,Epicurea Thai Jasmine Rice,295,0,4,295,500,FALSE,500
3103,Munchies,Praakritik Organic Basmati Rice,170,0,5,170,500,FALSE,500
3104,Munchies,Popular Essentials Urad Gola Black (Un-Polished),80,10,6,72,500,FALSE,500
3105,Munchies,Praakritik Organic Besan,170,6,6,159,500,FALSE,500
3106,Munchies,MTR Instant Gulab Jamun Mix,195,9,6,176,500,FALSE,500
3107,Munchies,RRO Til Dil Premium Til Oil Bottle,173,6,6,162,500,FALSE,500
3108,Munchies,Praakritik Organic Raw Sugar,90,6,6,84,500,FALSE,500
3109,Munchies,Praakritik Organic Masoor Dal,130,10,6,116,500,FALSE,500
3110,Munchies,Praakritik Organic Chilka Moong Dal,120,10,6,108,500,FALSE,500
3111,Munchies,Popular Essentials Soya Beans ,80,6,6,75,500,FALSE,500
3112,Munchies,24 Mantra Organic Roasted Bengal Gram Dal,105,7,6,97,500,FALSE,500
3113,Munchies,Popular Essentials Fried Gram (Bengal Gram),70,10,6,63,500,FALSE,500
3114,Munchies,Masala Oats Masala & Coriander ,195,9,5,176,500,FALSE,500
3115,Munchies,Popular Essentials Regular White Lobia,70,10,6,63,500,FALSE,500
3116,Munchies,MTR Uttapam Mix,165,5,6,156,500,FALSE,500
3117,Munchies,Popular Essentials Moth Whole,90,10,6,81,500,FALSE,500
3118,Munchies,Popular Essentials Green Peas (Un-Polished),120,10,5,108,500,FALSE,500
3119,Munchies,24 Mantra Organic Urad White Whole,145,15,4,122,500,FALSE,500
3120,Munchies,24 Mantra Organic Moong Dal,135,7,6,125,500,FALSE,500
3121,Munchies,Popular Essentials Jowa Flour,50,2,5,49,500,FALSE,500
3122,Munchies,Popular Essentials Tamarind,150,14,6,128,500,FALSE,500
3123,Munchies,Popular Essentials Pancharatna Dal,80,10,6,72,500,FALSE,500
3124,Munchies,Borges Farfalle Durum Wheat Pasta ,250,0,5,250,500,FALSE,500
3125,Munchies,Popular Essentials Red Poha,45,4,6,43,500,FALSE,500
3126,Munchies,Popular Essentials Kashmiri Red Rajma,95,6,4,89,500,FALSE,500
3127,Munchies,Praakritik Organic Poha,120,6,5,112,500,FALSE,500
3128,Munchies,Popular Essentials Urad Gola White(Un-Polished),90,10,6,81,500,FALSE,500
3129,Munchies,24 Mantra Organic Chana Dal,95,6,5,89,500,FALSE,500
3130,Munchies,Satyam Pulses Masur Dal,87,6,6,81,500,FALSE,500
3131,Munchies,Praakritik Organic Singhara Atta,240,6,4,225,500,FALSE,500
3132,Munchies,Popular Essentials Sattu Atta,90,12,3,79,500,FALSE,500
3133,Munchies,Borges Durum Wheat Pasta Superior Quality,250,40,6,149,500,FALSE,500
3134,Munchies,Tata Sampann kabuli chana,185,1,4,183,1000,FALSE,500
3135,Munchies,24 Mantra Organic Jaggery Powder,80,15,6,68,500,FALSE,500
3136,Munchies,Tata Sampann High Protien Kabuli Chana,94,0,1,94,500,FALSE,500
3137,Munchies,Gowardhan Ghee/Tuppa Jar,315,1,6,309,500,FALSE,500
3138,Munchies,Tata Sampann Unpolished Moong Dal ,92,4,4,88,500,FALSE,500
3139,Cooking Essentials,Chef's Basket Durum Wheat Penne Pasta,160,50,0,80,500,TRUE,500
3140,Cooking Essentials,Sugarlite 50% Less Calories Sugar Pouch,99,40,0,59,500,TRUE,500
3141,Cooking Essentials,Popular Essentials Buckwheat Flour (Kuttu Atta),125,9,0,113,500,TRUE,500
3142,Munchies,Amul Pure Ghee (Pouch),255,2,6,249,500,FALSE,500
3143,Munchies,Popular Essentials Chana Dal (Un-Polished),60,10,6,54,500,FALSE,500
3144,Munchies,Tata Sampann Unpolished Rajma (Chitra),134,6,6,125,500,FALSE,500
3145,Munchies,Tata Sampann Unpolished Urad Whole,101,6,4,94,500,FALSE,500
3146,Munchies,Popular Essentials Bansi Sooji,35,2,3,34,500,FALSE,500
3147,Munchies,Everest Tikhalal Chilli Powder,235,9,6,212,500,FALSE,500
3148,Munchies,Popular Essentials Kabuli Chana Regular,85,9,6,77,500,FALSE,500
3149,Munchies,Gowardhan Pure Ghee Pouch,295,4,6,281,500,FALSE,500
3150,Munchies,Tata Sampann Unpolished Chana Dal,95,6,2,89,1000,FALSE,500
3151,Munchies,24 Mantra Organic Red Poha,75,8,1,69,500,FALSE,500
3152,Munchies,24 Mantra Organic Besan,95,7,5,88,500,FALSE,500
3153,Munchies,Popular Essentials Black Masoor Whole (Un-Polished),65,10,3,58,500,FALSE,500
3154,Munchies,24 Mantra Organic Peanuts,135,7,1,125,500,FALSE,500
3155,Munchies,Chef's Basket Durum Wheat Elbow Pasta,160,50,6,80,500,FALSE,500
3156,Munchies,Tata Sampann Urad Dal Split,94,4,6,90,500,FALSE,500
3157,Munchies,Popular Essentials Idli Sooji ,30,6,6,28,500,FALSE,500
3158,Munchies,Betty Crocker Complete Pancake Mix Original,110,4,6,105,250,FALSE,500
3159,Munchies,Borges Durum Wheat Fusilli Pasta ,250,0,3,250,500,FALSE,500
3160,Munchies,24 Mantra Organic Green Moong Dal - Split,135,0,2,135,500,FALSE,500
3161,Munchies,Tata Sampann High Protein Kali Urad,91,14,6,78,500,FALSE,500
3162,Munchies,24 Mantra Bura Sugar (Demerara),80,10,6,72,500,FALSE,500
3163,Munchies,Tata Sampann Kala Chana,64,0,5,64,500,FALSE,500
3164,Munchies,Popular Essentials Green Moong Whole,90,16,3,75,500,FALSE,500
3165,Munchies,24 Mantra Organic Masoor Dal - Split,95,7,6,88,500,FALSE,500
3166,Munchies,Praakritik Organic Natural Rock Salt,60,6,3,56,500,FALSE,500
3167,Munchies,Saffola Everyday Peppy Tomato Masala Oats,195,12,6,171,500,FALSE,500
3168,Munchies,Popular Essentials Horse Gram,40,10,4,36,500,FALSE,500
3169,Munchies,24 Mantra Super Grain Quinoa,190,0,4,190,500,FALSE,500
3170,Munchies,24 Mantra Organic Tur Dal - Split,130,7,6,120,500,FALSE,500
3171,Munchies,Dabur Honey ,220,7,3,204,500,FALSE,500
3172,Munchies,Saffola Veggie Twist Masala Oats,195,12,2,171,500,FALSE,500
3173,Munchies,Popular Essentials Urad Dal Split (Un-Polished),85,9,5,77,500,FALSE,500
3174,Munchies,Popular Essentials Masoor Dal Split (Un-Polished),70,10,4,63,500,FALSE,500
3175,Munchies,24 Mantra Organic Rajma,145,0,6,145,500,FALSE,500
3176,Munchies,Popular Essentials Broken Wheat/Daliya,35,2,6,34,500,FALSE,500
3177,Munchies,Weikfield Vanilla Custard Powder,142,9,3,128,500,FALSE,500
3178,Munchies,24 Mantra Organic Sattu Atta,95,0,6,95,500,FALSE,500
3179,Munchies,Popular Essentials White Peas (Un-Polished),80,10,5,72,500,FALSE,500
3180,Munchies,Chef's Basket Durum Wheat Fusilli Pasta,160,50,6,80,500,FALSE,500
3181,Munchies,TilSona Til Oil,180,10,2,162,500,FALSE,500
3182,Munchies,24 Mantra Organic Wheat Daliya ,48,2,2,47,500,FALSE,500
3183,Munchies,24 Mantra Organic Ragi Flour,65,20,4,52,500,FALSE,500
3184,Munchies,Godrej Yummiez Chicken Nuggets,325,9,1,293,500,FALSE,500
3185,Munchies,Popular Essentials Pink Rajma,100,10,6,90,500,FALSE,500
3186,Munchies,Popular Essentials Green Moong Chilka/Chilka (Un-Polished),85,7,5,79,500,FALSE,500
3187,Munchies,Popular Essentials Black Urad Split,80,10,4,72,500,FALSE,500
3188,Munchies,24 Mantra Organic Jowar Flour,70,7,6,65,500,FALSE,500
3189,Munchies,Popular Essentials Chiroti Sooji,35,2,6,34,500,FALSE,500
3190,Munchies,Popular Essentials Red Rajma,90,10,6,81,500,FALSE,500
3191,Munchies,Amul Milk Compound Chocolate Slab,110,2,6,107,500,FALSE,500
3192,Munchies,Amul Dark Compound Chocolate Slab,125,2,6,122,500,FALSE,500
3193,Munchies,Popular Essentials Californian Almond,695,32,6,470,500,FALSE,500
3194,Cooking Essentials,Popular Essentials Samba Broken Wheat,100,11,6,89,500,FALSE,500
3195,Cooking Essentials,24 Mantra Organic Pancharatna Dal - Split,130,7,6,120,500,FALSE,500
3196,Cooking Essentials,Aashirvaad Svasti Cow Ghee Tetra Pack,295,0,6,295,500,FALSE,500
3197,Cooking Essentials,Epicurea Sushi Rice,295,0,6,295,500,FALSE,500
3198,Cooking Essentials,Praakritik Organic Indrayani Rice,70,0,6,70,500,FALSE,500
3199,Cooking Essentials,MTR Vada Breakfast,200,0,1,200,500,FALSE,500
3200,Cooking Essentials,Satyam Poha Jada,35,8,0,32,500,TRUE,500
3201,Cooking Essentials,Praakritik Organic Jumbo Rolled Oats,190,11,6,169,500,FALSE,500
3202,Cooking Essentials,Tata Sampann Poha,44,6,0,41,500,TRUE,500
3203,Cooking Essentials,Popular Essentials Toor Dal (Un-Polished),80,7,0,74,500,TRUE,500
3204,Cooking Essentials,Tata Sampann High Protien Chana Dal - Split,64,0,0,64,500,TRUE,500
3205,Cooking Essentials,Satyam Singdana ,119,6,0,111,500,TRUE,500
3206,Cooking Essentials,Tata Sampann Moong Chilka ,88,6,0,82,500,TRUE,500
3207,Cooking Essentials,Tata Sampann High Protien Toor Dal - Split,91,2,0,89,500,TRUE,500
3208,Cooking Essentials,Everest Kashmiri Lal Chilli Powder,310,10,0,279,500,TRUE,500
3209,Cooking Essentials,Satyam Thin Poha Patla,38,7,0,35,500,TRUE,500
3210,Cooking Essentials,Popular Essentials Black Brown Chana (Un-Polished),55,9,0,50,500,TRUE,500
3211,Cooking Essentials,Popular Essentials Sabudana,60,10,0,54,500,TRUE,500
3212,Cooking Essentials,Popular Essentials Brown Sugar,40,0,0,40,500,TRUE,500
3213,Cooking Essentials,Praakritik Organic Yellow Moon Dal,135,0,6,135,500,FALSE,500
3214,Cooking Essentials,Praakritik Organic Jowar Atta,110,6,6,103,500,FALSE,500
3215,Cooking Essentials,Epicurea Thai Jasmine Rice,295,0,4,295,500,FALSE,500
3216,Cooking Essentials,Praakritik Organic Tuvar Dal,140,0,6,140,500,FALSE,500
3217,Cooking Essentials,Praakritik Organic Basmati Rice,170,0,5,170,500,FALSE,500
3218,Cooking Essentials,Popular Essentials Urad Gola Black (Un-Polished),80,10,6,72,500,FALSE,500
3219,Cooking Essentials,RRO Til Dil Premium Til Oil Bottle,173,6,6,162,500,FALSE,500
3220,Cooking Essentials,Praakritik Organic Raw Sugar,90,6,6,84,500,FALSE,500
3221,Cooking Essentials,Praakritik Organic Besan,170,6,6,159,500,FALSE,500
3222,Cooking Essentials,MTR Instant Gulab Jamun Mix,195,9,6,176,500,FALSE,500
3223,Cooking Essentials,Praakritik Organic Masoor Dal,130,10,6,116,500,FALSE,500
3224,Cooking Essentials,Praakritik Organic Chilka Moong Dal,120,10,6,108,500,FALSE,500
3225,Cooking Essentials,Popular Essentials Fried Gram (Bengal Gram),70,10,6,63,500,FALSE,500
3226,Cooking Essentials,Popular Essentials Soya Beans ,80,6,6,75,500,FALSE,500
3227,Cooking Essentials,24 Mantra Organic Roasted Bengal Gram Dal,105,7,6,97,500,FALSE,500
3228,Cooking Essentials,Masala Oats Masala & Coriander ,195,9,5,176,500,FALSE,500
3229,Cooking Essentials,Popular Essentials Regular White Lobia,70,10,6,63,500,FALSE,500
3230,Cooking Essentials,Saffola Veggie Twist Masala Oats,195,12,2,171,500,FALSE,500
3231,Cooking Essentials,Popular Essentials Urad Dal Split (Un-Polished),85,9,5,77,500,FALSE,500
3232,Cooking Essentials,Popular Essentials Green Moong Whole,90,16,3,75,500,FALSE,500
3233,Cooking Essentials,24 Mantra Organic Masoor Dal - Split,95,7,6,88,500,FALSE,500
3234,Cooking Essentials,Praakritik Organic Natural Rock Salt,60,6,3,56,500,FALSE,500
3235,Cooking Essentials,Praakritik Organic Poha,120,6,5,112,500,FALSE,500
3236,Cooking Essentials,Saffola Everyday Peppy Tomato Masala Oats,195,12,6,171,500,FALSE,500
3237,Cooking Essentials,24 Mantra Organic Tur Dal - Split,130,7,6,120,500,FALSE,500
3238,Cooking Essentials,Dabur Honey ,220,7,3,204,500,FALSE,500
3239,Cooking Essentials,24 Mantra Super Grain Quinoa,190,0,4,190,500,FALSE,500
3240,Cooking Essentials,24 Mantra Organic Sattu Atta,95,0,6,95,500,FALSE,500
3241,Cooking Essentials,Popular Essentials Horse Gram,40,10,4,36,500,FALSE,500
3242,Cooking Essentials,Popular Essentials Masoor Dal Split (Un-Polished),70,10,4,63,500,FALSE,500
3243,Cooking Essentials,Weikfield Vanilla Custard Powder,142,9,3,128,500,FALSE,500
3244,Cooking Essentials,24 Mantra Organic Rajma,145,0,6,145,500,FALSE,500
3245,Cooking Essentials,Popular Essentials Broken Wheat/Daliya,35,2,6,34,500,FALSE,500
3246,Cooking Essentials,MTR Uttapam Mix,165,5,6,156,500,FALSE,500
3247,Cooking Essentials,Popular Essentials Moth Whole,90,10,6,81,500,FALSE,500
3248,Cooking Essentials,24 Mantra Organic Urad White Whole,145,15,4,122,500,FALSE,500
3249,Cooking Essentials,24 Mantra Organic Moong Dal,135,7,6,125,500,FALSE,500
3250,Cooking Essentials,Popular Essentials Pancharatna Dal,80,10,6,72,500,FALSE,500
3251,Cooking Essentials,Borges Farfalle Durum Wheat Pasta ,250,0,5,250,500,FALSE,500
3252,Cooking Essentials,Popular Essentials Tamarind,150,14,6,128,500,FALSE,500
3253,Cooking Essentials,Popular Essentials Green Peas (Un-Polished),120,10,5,108,500,FALSE,500
3254,Cooking Essentials,Popular Essentials Kashmiri Red Rajma,95,6,4,89,500,FALSE,500
3255,Cooking Essentials,Popular Essentials Red Poha,45,4,6,43,500,FALSE,500
3256,Cooking Essentials,Popular Essentials Urad Gola White(Un-Polished),90,10,6,81,500,FALSE,500
3257,Cooking Essentials,24 Mantra Organic Chana Dal,95,6,5,89,500,FALSE,500
3258,Cooking Essentials,Popular Essentials Sattu Atta,90,12,3,79,500,FALSE,500
3259,Cooking Essentials,Popular Essentials Jowa Flour,50,2,5,49,500,FALSE,500
3260,Cooking Essentials,Satyam Pulses Masur Dal,87,6,6,81,500,FALSE,500
3261,Cooking Essentials,Borges Durum Wheat Pasta Superior Quality,250,40,6,149,500,FALSE,500
3262,Cooking Essentials,Praakritik Organic Singhara Atta,240,6,4,225,500,FALSE,500
3263,Cooking Essentials,Tata Sampann kabuli chana,185,1,4,183,1000,FALSE,500
3264,Cooking Essentials,24 Mantra Organic Jaggery Powder,80,15,6,68,500,FALSE,500
3265,Cooking Essentials,Tata Sampann High Protien Kabuli Chana,94,0,1,94,500,FALSE,500
3266,Cooking Essentials,Gowardhan Ghee/Tuppa Jar,315,1,6,309,500,FALSE,500
3267,Cooking Essentials,Tata Sampann Unpolished Moong Dal ,92,4,4,88,500,FALSE,500
3268,Fruits & Vegetables,Beetroot,16,18,3,13,500,FALSE,500
3269,Fruits & Vegetables,Capsicum,26,19,3,21,500,FALSE,500
3270,Fruits & Vegetables,Carrot,19,21,3,15,500,FALSE,500
3271,Fruits & Vegetables,Banana Nendran,54,16,6,45,500,FALSE,500
3272,Fruits & Vegetables,Banana Red,54,16,6,45,500,FALSE,500
3273,Fruits & Vegetables,Radish White,23,17,6,19,500,FALSE,500
3274,Fruits & Vegetables,Mango Raw,60,16,3,50,500,FALSE,500
3275,Fruits & Vegetables,Safal Frozen Mixed Vegetables,60,5,0,57,500,TRUE,500
3276,Cooking Essentials,Amul Pure Ghee (Pouch),255,2,6,249,500,FALSE,500
3277,Fruits & Vegetables,Sweet Potato ,38,15,3,32,500,FALSE,500
3278,Fruits & Vegetables,Zucchini Yellow,42,16,3,35,250,FALSE,500
3279,Fruits & Vegetables,Ridge Gourd,30,16,3,25,500,FALSE,500
3280,Fruits & Vegetables,Baby Potato,19,15,3,16,500,FALSE,500
3281,Fruits & Vegetables,Raw Banana,20,15,6,17,500,FALSE,500
3282,Fruits & Vegetables,Colocasia ,29,17,6,24,500,FALSE,500
3283,Fruits & Vegetables,Broccoli,36,16,3,30,500,FALSE,500
3284,Cooking Essentials,Tata Sampann Unpolished Chana Dal,95,6,2,89,1000,FALSE,500
3285,Cooking Essentials,Gowardhan Pure Ghee Pouch,295,4,6,281,500,FALSE,500
3286,Cooking Essentials,Tata Sampann Unpolished Urad Whole,101,6,4,94,500,FALSE,500
3287,Cooking Essentials,Popular Essentials Bansi Sooji,35,2,3,34,500,FALSE,500
3288,Cooking Essentials,Everest Tikhalal Chilli Powder,235,9,6,212,500,FALSE,500
3289,Cooking Essentials,Popular Essentials Kabuli Chana Regular,85,9,6,77,500,FALSE,500
3290,Cooking Essentials,24 Mantra Organic Red Poha,75,8,1,69,500,FALSE,500
3291,Cooking Essentials,Tata Sampann Urad Dal Split,94,4,6,90,500,FALSE,500
3292,Cooking Essentials,Popular Essentials Idli Sooji ,30,6,6,28,500,FALSE,500
3293,Cooking Essentials,24 Mantra Organic Besan,95,7,5,88,500,FALSE,500
3294,Cooking Essentials,Popular Essentials Chana Dal (Un-Polished),60,10,6,54,500,FALSE,500
3295,Cooking Essentials,Tata Sampann Unpolished Rajma (Chitra),134,6,6,125,500,FALSE,500
3296,Cooking Essentials,Popular Essentials Black Masoor Whole (Un-Polished),65,10,3,58,500,FALSE,500
3297,Cooking Essentials,24 Mantra Organic Peanuts,135,7,1,125,500,FALSE,500
3298,Cooking Essentials,Chef's Basket Durum Wheat Elbow Pasta,160,50,6,80,500,FALSE,500
3299,Cooking Essentials,Tata Sampann Kala Chana,64,0,5,64,500,FALSE,500
3300,Cooking Essentials,Betty Crocker Complete Pancake Mix Original,110,4,6,105,250,FALSE,500
3301,Cooking Essentials,Borges Durum Wheat Fusilli Pasta ,250,0,3,250,500,FALSE,500
3302,Cooking Essentials,24 Mantra Organic Green Moong Dal - Split,135,0,2,135,500,FALSE,500
3303,Cooking Essentials,Tata Sampann High Protein Kali Urad,91,14,6,78,500,FALSE,500
3304,Cooking Essentials,24 Mantra Bura Sugar (Demerara),80,10,6,72,500,FALSE,500
3305,Cooking Essentials,Chef's Basket Durum Wheat Fusilli Pasta,160,50,6,80,500,FALSE,500
3306,Cooking Essentials,TilSona Til Oil,180,10,2,162,500,FALSE,500
3307,Cooking Essentials,Popular Essentials White Peas (Un-Polished),80,10,5,72,500,FALSE,500
3308,Cooking Essentials,24 Mantra Organic Wheat Daliya ,48,2,2,47,500,FALSE,500
3309,Cooking Essentials,24 Mantra Organic Ragi Flour,65,20,4,52,500,FALSE,500
3310,Cooking Essentials,Popular Essentials Green Moong Chilka/Chilka (Un-Polished),85,7,5,79,500,FALSE,500
3311,Cooking Essentials,Godrej Yummiez Chicken Nuggets,325,9,1,293,500,FALSE,500
3312,Cooking Essentials,Popular Essentials Californian Almond,695,32,6,470,500,FALSE,500
3313,Cooking Essentials,Popular Essentials Pink Rajma,100,10,6,90,500,FALSE,500
3314,Cooking Essentials,Popular Essentials Black Urad Split,80,10,4,72,500,FALSE,500
3315,Cooking Essentials,Amul Milk Compound Chocolate Slab,110,2,6,107,500,FALSE,500
3316,Cooking Essentials,Amul Dark Compound Chocolate Slab,125,2,6,122,500,FALSE,500
3317,Cooking Essentials,24 Mantra Organic Jowar Flour,70,7,6,65,500,FALSE,500
3318,Cooking Essentials,Popular Essentials Chiroti Sooji,35,2,6,34,500,FALSE,500
3319,Cooking Essentials,Popular Essentials Red Rajma,90,10,6,81,500,FALSE,500
3320,Cooking Essentials,Betty Crocker French Vanilla Cake Mix,310,10,6,276,520,FALSE,520
3321,Munchies,Betty Crocker French Vanilla Cake Mix,310,10,6,276,520,FALSE,520
3322,Munchies,Praakritik Natural Desi Gir Cow A2 Ghee,1450,10,6,1305,540,FALSE,540
3323,Cooking Essentials,Praakritik Natural Desi Gir Cow A2 Ghee,1450,10,6,1305,540,FALSE,540
3324,Chocolates & Candies,Sunfeast YiPPee! Noodles - Magic Masala,96,5,4,91,540,FALSE,540
3325,Ice Cream & Desserts,Sunfeast YiPPee! Noodles - Magic Masala,96,5,4,91,540,FALSE,540
3326,Packaged Food,Sunfeast YiPPee! Noodles - Magic Masala,96,5,4,91,540,FALSE,540
3327,Packaged Food,Top Ramen Masala,91,9,0,82,560,TRUE,560
3328,Ice Cream & Desserts,Top Ramen Masala,91,9,0,82,560,TRUE,560
3329,Cooking Essentials,Top Ramen Masala,91,9,0,82,560,TRUE,560
3330,Munchies,Top Ramen Masala,91,9,0,82,560,TRUE,560
3331,Chocolates & Candies,Top Ramen Masala,91,9,0,82,560,TRUE,560
3332,Chocolates & Candies,Kelloggs Corn Flakes With Real Strawberry Pure,265,10,0,236,575,TRUE,575
3333,Ice Cream & Desserts,Kelloggs Corn Flakes With Real Strawberry Pure,265,10,0,236,575,TRUE,575
3334,Packaged Food,Kelloggs Corn Flakes With Real Strawberry Pure,265,10,0,236,575,TRUE,575
3335,Packaged Food,Ching's Secret Just Soak - Whole Wheat Veg Hakka Noodles,123,0,6,123,600,FALSE,600
3336,Packaged Food,Ching's Secret Veg Hakka Noodles,107,0,0,107,600,TRUE,600
3337,Packaged Food,Ching's Secret Just Soak - Veg Hakka Noodles,115,0,6,115,600,FALSE,600
3338,Ice Cream & Desserts,Ching's Secret Veg Hakka Noodles,107,0,0,107,600,TRUE,600
3339,Ice Cream & Desserts,Ching's Secret Just Soak - Whole Wheat Veg Hakka Noodles,123,0,6,123,600,FALSE,600
3340,Ice Cream & Desserts,Ching's Secret Just Soak - Veg Hakka Noodles,115,0,6,115,600,FALSE,600
3341,Chocolates & Candies,Ching's Secret Just Soak - Whole Wheat Veg Hakka Noodles,123,0,6,123,600,FALSE,600
3342,Chocolates & Candies,Ching's Secret Just Soak - Veg Hakka Noodles,115,0,6,115,600,FALSE,600
3343,Munchies,Ching's Secret Veg Hakka Noodles,107,0,0,107,600,TRUE,600
3344,Cooking Essentials,Ching's Secret Veg Hakka Noodles,107,0,0,107,600,TRUE,600
3345,Chocolates & Candies,Ching's Secret Veg Hakka Noodles,107,0,0,107,600,TRUE,600
3346,Biscuits,Sunfeast Mom's Magic Cashew & Almond Biscuits,120,15,6,102,600,FALSE,600
3347,Biscuits,Britannia Good Day Cashew Cookies Packet,120,12,6,105.6,600,FALSE,600
3348,Biscuits,Britannia Marie Gold (Buy 4 Get 1 Free),80,0,0,80,600,TRUE,600
3349,Biscuits,Britannia Good Day Butter Cookies,80,10,6,72,600,FALSE,600
3350,Personal Care,Santoor Total Skin Care Soap With Sandal & Turmeric,180,0,6,180,600,FALSE,600
3351,Personal Care,Godrej No.1 Bathing Soap û Lime & Aloe Vera,149,0,6,149,600,FALSE,600
3352,Home & Cleaning,Mortein Dual All Insect Killer Spray,280,10,6,252,600,FALSE,600
3353,Home & Cleaning,Vim Dishwash Bar,45,0,0,45,600,TRUE,600
3354,Paan Corner,Santoor Total Skin Care Soap With Sandal & Turmeric,180,0,6,180,600,FALSE,600
3355,Paan Corner,Godrej No.1 Bathing Soap û Lime & Aloe Vera,149,0,6,149,600,FALSE,600
3356,Cooking Essentials,Hershey's Caramel Syrup,230,0,1,230,623,FALSE,623
3357,Munchies,Hershey's Caramel Syrup,230,0,1,230,623,FALSE,623
3358,Paan Corner,Dettol Original Soap (B4G1),260,5,6,247,625,FALSE,625
3359,Paan Corner,Santoor Almond Soft With Sandal & Almond Milk,180,0,2,180,625,FALSE,625
3360,Personal Care,Dettol Original Soap (B4G1),260,5,6,247,625,FALSE,625
3361,Paan Corner,Dettol Intense Cool Soap (B4G1),260,5,6,247,625,FALSE,625
3362,Paan Corner,Fiama Gel Bar Celebration Pack Buy 4 Get 1 Free,290,10,6,261,625,FALSE,625
3363,Personal Care,Santoor Almond Soft With Sandal & Almond Milk,180,0,2,180,625,FALSE,625
3364,Personal Care,Dettol Intense Cool Soap (B4G1),260,5,6,247,625,FALSE,625
3365,Personal Care,Fiama Gel Bar Celebration Pack Buy 4 Get 1 Free,290,10,6,261,625,FALSE,625
3366,Chocolates & Candies,Kellogg's Real Honey Corn Flakes,290,7,5,267,630,FALSE,630
3367,Ice Cream & Desserts,Kellogg's Real Honey Corn Flakes,290,7,5,267,630,FALSE,630
3368,Packaged Food,Kellogg's Real Honey Corn Flakes,290,7,5,267,630,FALSE,630
3369,Packaged Food,Kellogg's Real Almond & Honey Corn Flakes,370,12,3,324,650,FALSE,650
3370,Ice Cream & Desserts,Kellogg's Real Almond & Honey Corn Flakes,370,12,3,324,650,FALSE,650
3371,Chocolates & Candies,Kellogg's Real Almond & Honey Corn Flakes,370,12,3,324,650,FALSE,650
3372,Personal Care,Clinic Plus Strong & Long Health Shampoo,499,10,3,449,650,FALSE,650
3373,Personal Care,Sunsilk Lusciously Thick & Long Shampoo,555,6,6,521,650,FALSE,650
3374,Personal Care,Sunsilk Stunning Black Shine Shampoo,555,6,6,521,650,FALSE,650
3375,Personal Care,Dove Daily Shine Shampoo,645,5,3,612,650,FALSE,650
3376,Paan Corner,Sunsilk Stunning Black Shine Shampoo,555,6,6,521,650,FALSE,650
3377,Paan Corner,Sunsilk Lusciously Thick & Long Shampoo,555,6,6,521,650,FALSE,650
3378,Paan Corner,Dove Daily Shine Shampoo,645,5,3,612,650,FALSE,650
3379,Paan Corner,Clinic Plus Strong & Long Health Shampoo,499,10,3,449,650,FALSE,650
3380,Chocolates & Candies,Kelloggs Chocos Moon & Stars,330,10,6,294,680,FALSE,680
3381,Chocolates & Candies,Ching's Secret Green Chilli Sauce,85,4,1,81,680,FALSE,680
3382,Ice Cream & Desserts,Ching's Secret Green Chilli Sauce,85,4,1,81,680,FALSE,680
3383,Ice Cream & Desserts,Kelloggs Chocos Moon & Stars,330,10,6,294,680,FALSE,680
3384,Packaged Food,Kelloggs Chocos Moon & Stars,330,10,6,294,680,FALSE,680
3385,Packaged Food,Ching's Secret Green Chilli Sauce,85,4,1,81,680,FALSE,680
3386,Munchies,Hershey's Chocolate Flavour Syrup,220,6,6,205,623,FALSE,680
3387,Cooking Essentials,Hershey's Chocolate Flavour Syrup,220,6,6,205,623,FALSE,680
3388,Packaged Food,Kellogg's Chocos,299,10,4,269,700,FALSE,700
3389,Ice Cream & Desserts,Kellogg's Chocos,299,10,4,269,700,FALSE,700
3390,Chocolates & Candies,Kellogg's Chocos,299,10,4,269,700,FALSE,700
3391,Paan Corner,Himalaya Anti Hair Fall Shampoo,490,25,4,367,700,FALSE,700
3392,Personal Care,Himalaya Anti Hair Fall Shampoo,490,25,4,367,700,FALSE,700
3393,Biscuits,Britannia Toastea Premium Bake Rusk,110,14,1,94,700,FALSE,700
3394,Personal Care,Godrej Protekt Germ Fighter Handwash,99,0,6,99,750,FALSE,750
3395,Personal Care,Savlon Moisture Shield Hand Wash,99,4,6,95,750,FALSE,750
3396,Personal Care,Dettol SKincare Handwash Value Refill,109,3,6,105,750,FALSE,750
3397,Paan Corner,Dettol SKincare Handwash Value Refill,109,3,6,105,750,FALSE,750
3398,Personal Care,Dettol Original Liquid Handwash Refill,109,3,0,105,750,TRUE,750
3399,Personal Care,Godrej Protekt,99,0,3,99,750,FALSE,750
3400,Paan Corner,Dettol Original Liquid Handwash Refill,109,3,0,105,750,TRUE,750
3401,Paan Corner,Godrej Protekt Germ Fighter Handwash,99,0,6,99,750,FALSE,750
3402,Paan Corner,Savlon Moisture Shield Hand Wash,99,4,6,95,750,FALSE,750
3403,Paan Corner,Godrej Protekt,99,0,3,99,750,FALSE,750
3404,Home & Cleaning,Harpic Germ & Stain Blaster Disinfectant Toilet Cleaner Floral,148,7,6,137,750,FALSE,750
3405,Home & Cleaning,Vim Dishwash Liquid Gel Lemon,185,5,1,175,750,FALSE,750
3406,Home & Cleaning,Pril Perfect Lime Dishwash Liquid,190,7,4,175,750,FALSE,750
3407,Chocolates & Candies,Bagrrys Fruit and Nut Muesli with Cranberries,499,0,5,499,750,FALSE,750
3408,Chocolates & Candies,Kellogg's Muesli Nuts Delight,425,9,3,383,750,FALSE,750
3409,Chocolates & Candies,McCain French Fries Crisp & Delicious,175,4,3,167,750,FALSE,750
3410,Chocolates & Candies,Kellogg's Crunchy Fruit & Nut Breakfast Cereals Muesli,445,9,6,401,750,FALSE,750
3411,Ice Cream & Desserts,Kellogg's Muesli Nuts Delight,425,9,3,383,750,FALSE,750
3412,Ice Cream & Desserts,Bagrrys Fruit and Nut Muesli with Cranberries,499,0,5,499,750,FALSE,750
3413,Packaged Food,Bagrrys Fruit and Nut Muesli with Cranberries,499,0,5,499,750,FALSE,750
3414,Packaged Food,Kellogg's Muesli Nuts Delight,425,9,3,383,750,FALSE,750
3415,Ice Cream & Desserts,McCain French Fries Crisp & Delicious,175,4,3,167,750,FALSE,750
3416,Ice Cream & Desserts,Kellogg's Crunchy Fruit & Nut Breakfast Cereals Muesli,445,9,6,401,750,FALSE,750
3417,Packaged Food,Kellogg's Crunchy Fruit & Nut Breakfast Cereals Muesli,445,9,6,401,750,FALSE,750
3418,Packaged Food,McCain French Fries Crisp & Delicious,175,4,3,167,750,FALSE,750
3419,Cooking Essentials,Saffola 100% Pure Honey,475,8,2,437,1000,FALSE,750
3420,Beverages,Amul Cheese Slices,360,0,1,359,750,FALSE,750
3421,Munchies,Saffola 100% Pure Honey,475,8,2,437,1000,FALSE,750
3422,Packaged Food,Bagrrys Corn Flakes,350,0,6,350,880,FALSE,800
3423,Ice Cream & Desserts,Bagrrys Corn Flakes,350,0,6,350,880,FALSE,800
3424,Chocolates & Candies,Bagrrys Corn Flakes,350,0,6,350,880,FALSE,800
3425,Home & Cleaning,Surf Excel Detergent Bar Value Pack,114,0,6,114,800,FALSE,800
3426,Chocolates & Candies,MTR Roasted Vermicelli ,105,0,4,105,850,FALSE,850
3427,Ice Cream & Desserts,MTR Roasted Vermicelli ,105,0,4,105,850,FALSE,850
3428,Packaged Food,MTR Roasted Vermicelli ,105,0,4,105,850,FALSE,850
3429,Home & Cleaning,Comfort After Wash Fabric Conditioner Lily Fresh ,235,9,0,212,860,TRUE,860
3430,Packaged Food,Kellogg's Original Corn Flakes,310,6,6,290,875,FALSE,875
3431,Ice Cream & Desserts,Kellogg's Original Corn Flakes,310,6,6,290,875,FALSE,875
3432,Chocolates & Candies,Kellogg's Original Corn Flakes,310,6,6,290,875,FALSE,875
3433,Chocolates & Candies,Kellogg's Special K Original Corn Flakes,399,11,6,355,900,FALSE,900
3434,Ice Cream & Desserts,Kellogg's Special K Original Corn Flakes,399,11,6,355,900,FALSE,900
3435,Packaged Food,Kellogg's Special K Original Corn Flakes,399,11,6,355,900,FALSE,900
3436,Munchies,Praakritik Organic Jaggery,160,6,6,150,900,FALSE,900
3437,Cooking Essentials,Praakritik Organic Jaggery,160,6,6,150,900,FALSE,900
3438,Home & Cleaning,Lizol Double Concentrate Disinfectant Floor Cleaner Citrus,325,5,6,308,900,FALSE,900
3439,Health & Hygiene,Dabur Chyawanprakash - Sugar Free,415,7,6,385,900,FALSE,900
3440,Home & Cleaning,Lizol Double Concentrate Disinfectant Floor Cleaner Lavender,325,10,6,292,900,FALSE,900
3441,Chocolates & Candies,Del Monte Original Blend Tomato Ketchup Pouch,120,7,0,111,950,TRUE,950
3442,Cooking Essentials,Jivana Jaggery,100,0,2,100,950,FALSE,950
3443,Munchies,Jivana Jaggery,100,0,2,100,950,FALSE,950
3444,Packaged Food,Del Monte Original Blend Tomato Ketchup Pouch,120,7,0,111,950,TRUE,950
3445,Ice Cream & Desserts,Del Monte Original Blend Tomato Ketchup Pouch,120,7,0,111,950,TRUE,950
3446,Home & Cleaning,Lizol Disinfectant Surface & Floor Cleaner Liquid Pine,205,8,6,188,975,FALSE,975
3447,Home & Cleaning,Lizol Disinfectant Surface & Floor Cleaner Liquid Floral,205,8,6,188,975,FALSE,975
3448,Home & Cleaning,Lizol Disinfectant Surface & Floor Cleaner Liquid Citrus,205,8,3,188,975,FALSE,975
3449,Home & Cleaning,Nimyle Lemongrass Floor Cleaner,165,5,5,156,975,FALSE,975
3450,Home & Cleaning,Shubh kart - Tejas Twisted Cotton Wicks 1000n,30,6,6,28,1000,FALSE,1000
3451,Chocolates & Candies,Whiskas Kitten (2-12 months) Dry Cat Food Food Ocean Fish,385,9,5,347,1100,FALSE,1100
3452,Ice Cream & Desserts,Whiskas Kitten (2-12 months) Dry Cat Food Food Ocean Fish,385,9,5,347,1100,FALSE,1100
3453,Packaged Food,Whiskas Kitten (2-12 months) Dry Cat Food Food Ocean Fish,385,9,5,347,1100,FALSE,1100
3454,Packaged Food,Pedigree Puppy Dry Dog Food Food Chicken & Milk,290,20,6,232,1200,FALSE,1200
3455,Chocolates & Candies,Pedigree Puppy Dry Dog Food Food Chicken & Milk,290,20,6,232,1200,FALSE,1200
3456,Ice Cream & Desserts,Pedigree Puppy Dry Dog Food Food Chicken & Milk,290,20,6,232,1200,FALSE,1200
3457,Paan Corner,Savlon Moisture Shield Germ Protection Handwash Refill (Buy 1 Get 1 Free),189,0,6,189,1500,FALSE,1500
3458,Personal Care,Savlon Moisture Shield Germ Protection Handwash Refill (Buy 1 Get 1 Free),189,0,6,189,1500,FALSE,1500
