srl_number,Category,name,mrp,discountPercent,availableQuantity,discountedSellingPrice,weightInGms,outOfStock,quantity,dwh_date
1,Fruits & Vegetables,Onion,25,16,3,21,1000,FALSE,1,15:33.1
2,Fruits & Vegetables,Tomato Hybrid,42,16,3,35,1000,FALSE,1,15:33.1
3,Fruits & Vegetables,Tender Coconut,51,15,3,43,58,FALSE,1,15:33.1
4,Fruits & Vegetables,Coriander Leaves,20,15,3,17,100,FALSE,100,15:33.1
5,Fruits & Vegetables,Ladies Finger ,14,14,3,12,250,FALSE,250,15:33.1
6,Fruits & Vegetables,Potato,35,17,3,29,1000,FALSE,1,15:33.1
7,Fruits & Vegetables,Lemon,75,16,3,63,200,FALSE,200,15:33.1
8,Fruits & Vegetables,Watermelon ,58,15,3,49,58,FALSE,1,15:33.1
9,Fruits & Vegetables,Capsicum Green ,23,17,3,19,250,FALSE,250,15:33.1
10,Fruits & Vegetables,Chilli Green ,19,15,3,16,100,FALSE,100,15:33.1
11,Fruits & Vegetables,Banana Robusta,29,17,3,24,348,FALSE,6,15:33.1
12,Fruits & Vegetables,Garlic Indian ,11,18,3,9,100,FALSE,100,15:33.1
13,Fruits & Vegetables,Cauliflower,26,15,3,22,58,FALSE,1,15:33.1
14,Fruits & Vegetables,Ginger,14,14,3,12,200,FALSE,200,15:33.1
15,Fruits & Vegetables,Spinach,19,15,3,16,250,FALSE,250,15:33.1
16,Fruits & Vegetables,Muskmelon,42,16,3,35,58,FALSE,1,15:33.1
17,Fruits & Vegetables,Cabbage ,15,13,3,13,58,FALSE,1,15:33.1
18,Fruits & Vegetables,Methi,30,16,3,25,250,FALSE,250,15:33.1
19,Fruits & Vegetables,Broccoli,36,16,3,30,500,FALSE,500,15:33.1
20,Fruits & Vegetables,Sapota,30,16,3,25,348,FALSE,6,15:33.1
21,Fruits & Vegetables,Onion,68,16,3,57,3000,FALSE,3,15:33.1
22,Fruits & Vegetables,Potato,100,16,3,84,3000,FALSE,3,15:33.1
23,Fruits & Vegetables,Orange Nagpur,82,15,3,69,232,FALSE,4,15:33.1
24,Fruits & Vegetables,Mint Leaves ,11,18,3,9,100,FALSE,100,15:33.1
25,Fruits & Vegetables,Beans French,33,15,3,28,250,FALSE,250,15:33.1
26,Fruits & Vegetables,Bottle Gourd ,26,15,3,22,58,FALSE,1,15:33.1
27,Fruits & Vegetables,Banana Elaichi ,58,15,3,49,348,FALSE,6,15:33.1
28,Fruits & Vegetables,Coconut Big,36,16,3,30,58,FALSE,1,15:33.1
29,Fruits & Vegetables,Curry Leaves,13,15,3,11,50,FALSE,50,15:33.1
30,Fruits & Vegetables,Brinjal Bharta,19,15,3,16,58,FALSE,1,15:33.1
31,Fruits & Vegetables,Lettuce Iceberg,25,16,3,21,250,FALSE,250,15:33.1
32,Fruits & Vegetables,Papaya,54,16,3,45,58,FALSE,1,15:33.1
33,Fruits & Vegetables,Apple Shimla,142,16,3,119,232,FALSE,4,15:33.1
34,Fruits & Vegetables,Bitter Gourd,18,16,3,15,250,FALSE,250,15:33.1
35,Fruits & Vegetables,Brinjal Small,18,16,3,15,250,FALSE,250,15:33.1
36,Fruits & Vegetables,Sweet Corn,36,16,3,30,116,FALSE,2,15:33.1
37,Fruits & Vegetables,Spring Onion ,18,16,3,15,250,FALSE,250,15:33.1
38,Fruits & Vegetables,Bell Peppers Red & Yellow ,118,16,3,99,116,FALSE,2,15:33.1
39,Fruits & Vegetables,Pomegranate ,106,16,3,89,116,FALSE,2,15:33.1
40,Fruits & Vegetables,Sweet Lime,30,16,3,25,116,FALSE,2,15:33.1
41,Fruits & Vegetables,Baby Potato,19,15,3,16,500,FALSE,500,15:33.1
42,Fruits & Vegetables,Coccinia,32,15,3,27,250,FALSE,250,15:33.1
43,Fruits & Vegetables,Guava,54,16,3,45,232,FALSE,4,15:33.1
44,Fruits & Vegetables,Apple Washington,177,15,3,149,232,FALSE,4,15:33.1
45,Fruits & Vegetables,Amla,32,15,3,27,250,FALSE,250,15:33.1
46,Fruits & Vegetables,Beans Cluster,30,16,3,25,250,FALSE,250,15:33.1
47,Fruits & Vegetables,Apple Royal Gala,189,15,3,159,232,FALSE,4,15:33.1
48,Fruits & Vegetables,Chilli Bhaji,30,16,3,25,250,FALSE,250,15:33.1
49,Fruits & Vegetables,Lettuce Green,23,17,3,19,100,FALSE,100,15:33.1
50,Fruits & Vegetables,Baby Corn Peeled,35,17,3,29,250,FALSE,250,15:33.1
51,Fruits & Vegetables,Mixed Sprouts,35,17,3,29,200,FALSE,200,15:33.1
52,Fruits & Vegetables,Zucchini Green,35,17,3,29,250,FALSE,250,15:33.1
53,Fruits & Vegetables,Beans Broad,42,16,3,35,250,FALSE,250,15:33.1
54,Fruits & Vegetables,Raw Banana,20,15,6,17,500,FALSE,500,15:33.1
55,Fruits & Vegetables,Colocasia ,29,17,6,24,500,FALSE,500,15:33.1
56,Fruits & Vegetables,Tomato Cherry ,35,17,3,29,200,FALSE,200,15:33.1
57,Fruits & Vegetables,Sweet Potato ,38,15,3,32,500,FALSE,500,15:33.1
58,Fruits & Vegetables,Pineapple Slice,89,15,3,75,200,FALSE,200,15:33.1
59,Fruits & Vegetables,Orange,54,16,3,45,116,FALSE,2,15:33.1
60,Fruits & Vegetables,Dragon Fruit Imported,70,15,3,59,58,FALSE,1,15:33.1
61,Fruits & Vegetables,Zucchini Yellow,42,16,3,35,250,FALSE,500,15:33.1
62,Fruits & Vegetables,Apple Kinnaur,142,16,6,119,232,FALSE,4,15:33.1
63,Fruits & Vegetables,Pineapple,94,15,3,79,58,FALSE,1,15:33.1
64,Fruits & Vegetables,Basil,20,15,3,17,100,FALSE,100,15:33.1
65,Fruits & Vegetables,Parsley,17,17,3,14,100,FALSE,100,15:33.1
66,Fruits & Vegetables,Ridge Gourd,30,16,3,25,500,FALSE,500,15:33.1
67,Fruits & Vegetables,Papaya Cut,46,15,3,39,200,FALSE,200,15:33.1
68,Fruits & Vegetables,Pomegranate Peeled,58,15,2,49,100,FALSE,100,15:33.1
69,Fruits & Vegetables,Pear Green Imported,82,15,3,69,116,FALSE,2,15:33.1
70,Fruits & Vegetables,Guava Thai,70,15,3,59,116,FALSE,2,15:33.1
71,Fruits & Vegetables,Lettuce Red,20,15,3,17,100,FALSE,100,15:33.1
72,Fruits & Vegetables,Mango Raw,60,16,3,50,500,FALSE,500,15:33.1
73,Fruits & Vegetables,Biryani /Pulav Mix,58,15,3,49,250,FALSE,250,15:33.1
74,Fruits & Vegetables,Banana Nendran,54,16,6,45,500,FALSE,500,15:33.1
75,Fruits & Vegetables,Pumpkin Cut,30,16,3,25,200,FALSE,200,15:33.1
76,Fruits & Vegetables,Banana Red,54,16,6,45,500,FALSE,500,15:33.1
77,Fruits & Vegetables,Radish White,23,17,6,19,500,FALSE,500,15:33.1
78,Fruits & Vegetables,Avocado Indian Premium,177,15,3,149,58,FALSE,1,15:33.1
79,Fruits & Vegetables,Banana Leaf,12,16,2,10,58,FALSE,1,15:33.1
80,Fruits & Vegetables,Sponge Gourd,25,16,2,21,300,FALSE,300,15:33.1
81,Fruits & Vegetables,Zama Organics Carrot,20,15,3,17,250,FALSE,250,15:33.1
82,Fruits & Vegetables,Safal Frozen - Mixed Vegetables,110,4,2,105,1000,FALSE,1,15:33.1
83,Fruits & Vegetables,Zama Organics Sweet Potato,37,16,3,31,250,FALSE,250,15:33.1
84,Fruits & Vegetables,Beetroot,16,18,3,13,500,FALSE,500,15:33.1
85,Fruits & Vegetables,Capsicum,26,19,3,21,500,FALSE,500,15:33.1
86,Fruits & Vegetables,Carrot,19,21,3,15,500,FALSE,500,15:33.1
87,Fruits & Vegetables,Garlic,17,23,3,13,200,FALSE,200,15:33.1
88,Fruits & Vegetables,Carrot,13,15,0,11,250,TRUE,200,15:33.1
89,Fruits & Vegetables,Beetroot,11,18,0,9,250,TRUE,250,15:33.1
90,Fruits & Vegetables,Moong Sprouts,35,17,0,29,200,TRUE,200,15:33.1
91,Fruits & Vegetables,Safal Frozen Mixed Vegetables,60,5,0,57,500,TRUE,500,15:33.1
92,Fruits & Vegetables,Safal Frozen Corn,41,4,0,39,200,TRUE,200,15:33.1
93,Fruits & Vegetables,Safal Frozen - Sweet Corn,160,5,0,152,1000,TRUE,1,15:33.1
94,Cooking Essentials,Maggi 2 Minute Masala Noodles,12,0,6,12,70,FALSE,70,15:33.1
95,Cooking Essentials,iD Idli & Dosa Batter ,80,15,6,68,1000,FALSE,1,15:33.1
96,Cooking Essentials,Tata Salt,24,0,6,24,1000,FALSE,1,15:33.1
97,Cooking Essentials,Arden Eggs White,97,0,4,97,696,FALSE,12,15:33.1
98,Cooking Essentials,Arden Eggs White,65,15,4,55,348,FALSE,6,15:33.1
99,Cooking Essentials,Fortune Sunlite Refined Sunflower (Pouch),230,4,6,219,1000,FALSE,1,15:33.1
100,Cooking Essentials,Aashirvaad Superior MP Atta,250,2,6,245,5000,FALSE,5,15:33.1
101,Cooking Essentials,Amul Pure Ghee (Pouch),255,2,6,249,500,FALSE,500,15:33.1
102,Cooking Essentials,Arden Eggs Brown,85,7,4,79,348,FALSE,6,15:33.1
103,Cooking Essentials,Tata Salt Lite,40,10,6,36,1000,FALSE,1,15:33.1
104,Cooking Essentials,Saffola Gold Oil (Pouch),215,0,6,215,1000,FALSE,1,15:33.1
105,Cooking Essentials,Fortune Sunlite Refined Sunflower (Jar),925,0,6,925,5000,FALSE,5,15:33.1
106,Cooking Essentials,Fortune Rice Bran (Pouch),225,11,6,199,1000,FALSE,1,15:33.1
107,Cooking Essentials,Saffola Active Oil,210,0,6,210,1000,FALSE,1,15:33.1
108,Cooking Essentials,Amul Pure Ghee (Pouch),505,1,2,499,1000,FALSE,1,15:33.1
109,Cooking Essentials,Aashirvaad Atta,460,13,6,399,10000,FALSE,10,15:33.1
110,Cooking Essentials,Popular Essentials Toor Dal (Un-Polished),160,6,4,149,1000,FALSE,1,15:33.1
111,Cooking Essentials,Amul Ghee (Tin),520,2,6,509,1000,FALSE,1,15:33.1
112,Cooking Essentials,Amul Fresh Cream,197,3,3,191,1000,FALSE,1,15:33.1
113,Cooking Essentials,Popular Essentials Pure Jaggery,50,2,6,49,450,FALSE,450,15:33.1
114,Cooking Essentials,Aashirvaad Multigrain Atta,64,3,2,62,1000,FALSE,1,15:33.1
115,Cooking Essentials,Fortune Soyabean Oil,1005,0,6,999,5000,FALSE,5,15:33.1
116,Cooking Essentials,Popular Essentials Sunflower Seeds,25,0,6,25,50,FALSE,50,15:33.1
117,Cooking Essentials,Tata Sampann kabuli chana,185,1,4,183,1000,FALSE,500,15:33.1
118,Cooking Essentials,Dhara Groundnut Oil (Pouch),230,11,6,203,1000,FALSE,1,15:33.1
119,Cooking Essentials,Dhara Health Refined Sun Flower Oil Jar,1200,18,6,984,5000,FALSE,5,15:33.1
120,Cooking Essentials,24 Mantra Organic Jaggery Powder,80,15,6,68,500,FALSE,500,15:33.1
121,Cooking Essentials,Tata Sampann High Protien Kabuli Chana,94,0,1,94,500,FALSE,500,15:33.1
122,Cooking Essentials,Dhara Kachi Ghani Mustard Oil Jar,1250,8,6,1143,5000,FALSE,5,15:33.1
123,Cooking Essentials,D'lecta Dairy Cream,54,5,6,51,200,FALSE,200,15:33.1
124,Cooking Essentials,Ching's Secret Instant Hot Garlic Noodles,15,0,3,15,60,FALSE,60,15:33.1
125,Cooking Essentials,Dabur Ginger Garlic Paste,25,8,3,23,100,FALSE,100,15:33.1
126,Cooking Essentials,Ching's Secret Instant Schezwan Noodles,15,0,6,15,60,FALSE,60,15:33.1
127,Cooking Essentials,Gowardhan Ghee/Tuppa Jar,315,1,6,309,500,FALSE,500,15:33.1
128,Cooking Essentials,Tata Sampann Unpolished Moong Dal ,92,4,4,88,500,FALSE,500,15:33.1
129,Cooking Essentials,Aashirvaad Select Atta,64,0,6,64,1000,FALSE,1,15:33.1
130,Cooking Essentials,Popular Essentials Misri Dana (Diamond Sugar) ,15,0,4,15,100,FALSE,100,15:33.1
131,Cooking Essentials,Gowardhan Ghee Jar,598,3,6,579,1000,FALSE,1,15:33.1
132,Cooking Essentials,Top Ramen  Noodles Curry Veg Pouch,20,0,1,20,70,FALSE,70,15:33.1
133,Cooking Essentials,Popular Essentials Refined Sugar,60,0,6,60,1000,FALSE,1,15:33.1
134,Cooking Essentials,Fortune Kachi Ghani Mustard Oil Bottle,216,7,6,199,1000,FALSE,1,15:33.1
135,Cooking Essentials,Saffola Veggie Twist Masala Oats,15,0,6,15,38,FALSE,38,15:33.1
136,Cooking Essentials,Satyam Puffed Rice Kurmura (R),23,0,6,23,200,FALSE,200,15:33.1
137,Cooking Essentials,Quaker Oats,79,0,2,79,400,FALSE,400,15:33.1
138,Cooking Essentials,Aashirvaad Select Sharbati Atta,315,10,6,283,5000,FALSE,5,15:33.1
139,Cooking Essentials,Popular Essentials Refined Sugar,295,10,6,265,5000,FALSE,5,15:33.1
140,Cooking Essentials,Gowardhan Cow Ghee Pouch,579,10,6,521,1000,FALSE,1,15:33.1
141,Cooking Essentials,Dhara Nourish Refined Sunflower Oil Pouch,210,5,6,199,1000,FALSE,1,15:33.1
142,Cooking Essentials,Parachute Oil ,40,7,3,37,100,FALSE,100,15:33.1
143,Cooking Essentials,Popular Essentials Plain Puffed Rice (Murmura/Muri),18,0,6,18,100,FALSE,100,15:33.1
144,Cooking Essentials,Amul Mithai Mate Condensed Sweetened Milk,56,3,4,54,200,FALSE,200,15:33.1
145,Cooking Essentials,Saffola Gold (Jar),1240,0,6,1240,5000,FALSE,5,15:33.1
146,Cooking Essentials,McCain New Mini Samosa with Cheese Pizza Style Filling,120,1,3,118,240,FALSE,240,15:33.1
147,Cooking Essentials,Fortune Rice Bran Health Oil (Jar),1050,1,6,1039,5000,FALSE,5,15:33.1
148,Cooking Essentials,Arden Desi Eggs,110,13,4,95,348,FALSE,6,15:33.1
149,Cooking Essentials,Fortune Rozana Basmati Rice,585,21,6,462,5000,FALSE,5,15:33.1
150,Cooking Essentials,Fortune Biriyani Special Basmati Rice,175,0,5,175,1000,FALSE,1,15:33.1
151,Cooking Essentials,Everest Garam Masala,78,7,5,72,100,FALSE,100,15:33.1
152,Cooking Essentials,Popular Essentials Pumpkin Seeds,90,16,6,75,100,FALSE,100,15:33.1
153,Cooking Essentials,Fortune Soya Health Refined Soybean Oil,210,1,2,206,1000,FALSE,1,15:33.1
154,Cooking Essentials,Gowardhan Pure Ghee Pouch,295,4,6,281,500,FALSE,500,15:33.1
155,Cooking Essentials,Popular Essentials Jeera/Cumin Seeds,40,5,3,38,100,FALSE,100,15:33.1
156,Cooking Essentials,Weikfield Baking Soda,30,3,6,29,100,FALSE,100,15:33.1
157,Cooking Essentials,Everest Pav Bhaji Masala,37,10,4,33,50,FALSE,50,15:33.1
158,Cooking Essentials,Tata Sampann Unpolished Chana Dal,95,6,2,89,1000,FALSE,500,15:33.1
159,Cooking Essentials,Amul Mithai Mate EOE Tin,112,2,6,109,400,FALSE,400,15:33.1
160,Cooking Essentials,Pillsbury Chakki Fresh Atta,450,16,6,375,10000,FALSE,10,15:33.1
161,Cooking Essentials,Everest Chicken Masala,39,2,1,38,50,FALSE,50,15:33.1
162,Cooking Essentials,Dhara Life Refined Ricebran Oil (Pouch),205,7,6,190,1000,FALSE,1,15:33.1
163,Cooking Essentials,Borges Extra Virgin Olive Oil,400,25,1,299,250,FALSE,250,15:33.1
164,Cooking Essentials,Everest Shahi Biryani Masala,70,14,6,60,50,FALSE,50,15:33.1
165,Cooking Essentials,Popular Essentials Californian Almond,350,28,6,251,250,FALSE,250,15:33.1
166,Cooking Essentials,Popular Essentials Ajwain Whole,25,0,4,25,50,FALSE,50,15:33.1
167,Cooking Essentials,Everest Tikhalal Chilli Powder,235,9,6,212,500,FALSE,500,15:33.1
168,Cooking Essentials,Popular Essentials Kabuli Chana Regular,85,9,6,77,500,FALSE,500,15:33.1
169,Cooking Essentials,Pillsbury Chakki Fresh Atta,52,0,4,52,1000,FALSE,1,15:33.1
170,Cooking Essentials,Popular Essentials Saunf/Fennel Seeds,45,2,6,44,100,FALSE,100,15:33.1
171,Cooking Essentials,Popular Essentials Bansi Sooji,35,2,3,34,500,FALSE,500,15:33.1
172,Cooking Essentials,Happilo Premium International Queen Kalmi Dates,245,29,6,172,200,FALSE,200,15:33.1
173,Cooking Essentials,Tata Sampann Unpolished Urad Whole,101,6,4,94,500,FALSE,500,15:33.1
174,Cooking Essentials,Popular Essentials Cashew Split,325,12,6,283,250,FALSE,250,15:33.1
175,Cooking Essentials,Popular Essentials Chana Dal (Un-Polished),60,10,6,54,500,FALSE,500,15:33.1
176,Cooking Essentials,Tata Sampann Unpolished Rajma (Chitra),134,6,6,125,500,FALSE,500,15:33.1
177,Cooking Essentials,Everest Garam Masala,42,2,2,41,50,FALSE,50,15:33.1
178,Cooking Essentials,Everest Kitchen King Masala,70,14,2,60,100,FALSE,100,15:33.1
179,Cooking Essentials,24 Mantra Organic Cumin,70,7,2,65,100,FALSE,100,15:33.1
180,Cooking Essentials,Nestle Milkmaid,132,3,6,128,400,FALSE,400,15:33.1
181,Cooking Essentials,Popular Essentials Sona Masouri Steam Rice,65,9,6,59,1000,FALSE,1,15:33.1
182,Cooking Essentials,24 Mantra Organic Tur Dal,260,20,6,208,1000,FALSE,1,15:33.1
183,Cooking Essentials,Gits Gulab Jamun Instant Dessert Mix,99,10,6,89,200,FALSE,200,15:33.1
184,Cooking Essentials,Popular Essentials Black Masoor Whole (Un-Polished),65,10,3,58,500,FALSE,500,15:33.1
185,Cooking Essentials,24 Mantra Organic Peanuts,135,7,1,125,500,FALSE,500,15:33.1
186,Cooking Essentials,Everest Hingraj Powder,90,10,2,81,50,FALSE,50,15:33.1
187,Cooking Essentials,Everest Black Pepper Powder,135,14,6,115,100,FALSE,100,15:33.1
188,Cooking Essentials,Tata Sampann Masoor Dal Stand,150,10,4,134,1000,FALSE,1,15:33.1
189,Cooking Essentials,24 Mantra Organic Besan,95,7,5,88,500,FALSE,500,15:33.1
190,Cooking Essentials,Quaker Oats,199,7,6,184,1000,FALSE,1,15:33.1
191,Cooking Essentials,Saffola Gold Refined Cooking Oil (Jar),485,7,6,449,2000,FALSE,2,15:33.1
192,Cooking Essentials,Nestle Everyday Dairy Whitener,210,0,4,210,400,FALSE,400,15:33.1
193,Cooking Essentials,24 Mantra Organic Red Poha,75,8,1,69,500,FALSE,500,15:33.1
194,Cooking Essentials,Everest Powder - Tea Masala,98,9,5,89,100,FALSE,100,15:33.1
195,Cooking Essentials,Tata Sampann Urad Dal Split,94,4,6,90,500,FALSE,500,15:33.1
196,Cooking Essentials,Popular Essentials Idli Sooji ,30,6,6,28,500,FALSE,500,15:33.1
197,Cooking Essentials,Popular Essentials Dessicated Coconut,95,9,6,86,200,FALSE,200,15:33.1
198,Cooking Essentials,Sunfeast Yippee! Mood Masala Noodles,60,28,3,43,260,FALSE,260,15:33.1
199,Cooking Essentials,Chef's Basket Durum Wheat Elbow Pasta,160,50,6,80,500,FALSE,500,15:33.1
200,Cooking Essentials,MTR Breakfast Khatta Meetha Poha Mix,25,20,6,20,60,FALSE,60,15:33.1
201,Cooking Essentials,Satyam Khobra,113,10,5,101,200,FALSE,200,15:33.1
202,Cooking Essentials,Betty Crocker Complete Pancake Mix Original,110,4,6,105,250,FALSE,500,15:33.1
203,Cooking Essentials,Borges Durum Wheat Fusilli Pasta ,250,0,3,250,500,FALSE,500,15:33.1
204,Cooking Essentials,24 Mantra Organic Green Moong Dal - Split,135,0,2,135,500,FALSE,500,15:33.1
205,Cooking Essentials,Weikfield Vanilla Flavoured Custard Powder,37,0,6,37,100,FALSE,100,15:33.1
206,Cooking Essentials,Tata Sampann Moong Dal Split,180,1,5,178,1000,FALSE,200,15:33.1
207,Cooking Essentials,Tata Sampann Kala Chana,64,0,5,64,500,FALSE,500,15:33.1
208,Cooking Essentials,Saffola Soya Chunks Mealmaker,50,0,2,50,200,FALSE,200,15:33.1
209,Cooking Essentials,24 Mantra Bura Sugar (Demerara),80,10,6,72,500,FALSE,500,15:33.1
210,Cooking Essentials,Popular Essentials Green Cardamom (Elaichi),200,1,6,198,50,FALSE,50,15:33.1
211,Cooking Essentials,Hershey's Syrup Delicious Strawberry,95,0,1,95,200,FALSE,200,15:33.1
212,Cooking Essentials,Popular Essentials Anjeer,190,11,4,169,100,FALSE,100,15:33.1
213,Cooking Essentials,Popular Essentials Mustard Seeds Rai Small,20,0,2,20,100,FALSE,100,15:33.1
214,Cooking Essentials,Weikfield Baking Powder,33,3,6,32,100,FALSE,100,15:33.1
215,Cooking Essentials,Dabur Honey Squeezy,185,9,6,167,225,FALSE,225,15:33.1
216,Cooking Essentials,Tata Sampann High Protein Kali Urad,91,14,6,78,500,FALSE,500,15:33.1
217,Cooking Essentials,Everest Kitchen King Masala,37,2,6,36,50,FALSE,50,15:33.1
218,Cooking Essentials,Chef's Basket Durum Wheat Fusilli Pasta,160,50,6,80,500,FALSE,500,15:33.1
219,Cooking Essentials,TilSona Til Oil,180,10,2,162,500,FALSE,500,15:33.1
220,Cooking Essentials,Top Ramen Chicken Noodles,60,10,1,54,280,FALSE,280,15:33.1
221,Cooking Essentials,Everest Chaat Masala,35,2,1,34,50,FALSE,50,15:33.1
222,Cooking Essentials,Keya Wonder Red Hot Chilli Flakes,89,10,2,80,40,FALSE,40,15:33.1
223,Cooking Essentials,Popular Essentials White Peas (Un-Polished),80,10,5,72,500,FALSE,500,15:33.1
224,Cooking Essentials,ChingÆs Secret Chowmein Hakka Noodles Masala ,44,0,2,44,60,FALSE,60,15:33.1
225,Cooking Essentials,Dhara Filtered Groundnut Oil (Jar),1050,1,6,1035,5000,FALSE,5,15:33.1
226,Cooking Essentials,Pillsbury Choco Chip Pancake Mix,99,5,6,94,165,FALSE,165,15:33.1
227,Cooking Essentials,Hershey's Caramel Syrup,230,0,1,230,623,FALSE,623,15:33.1
228,Cooking Essentials,Pillsbury Multi Grain Atta,60,6,3,56,1000,FALSE,1,15:33.1
229,Cooking Essentials,McCain New Mini Samosa with Cheese Corn Style Filling,120,1,2,118,240,FALSE,240,15:33.1
230,Cooking Essentials,Satyam Puffed Rice Kurmura (A),43,0,6,43,200,FALSE,200,15:33.1
231,Cooking Essentials,MTR 3 Min Poha,25,0,6,25,60,FALSE,60,15:33.1
232,Cooking Essentials,Ching's Manchurian Instant Noodles,15,0,5,15,60,FALSE,60,15:33.1
233,Cooking Essentials,Everest Pav Bhaji Masala,70,0,2,70,100,FALSE,100,15:33.1
234,Cooking Essentials,Hershey's Chocolate Flavour Syrup,220,6,6,205,623,FALSE,680,15:33.1
235,Cooking Essentials,Popular Essentials Dhania (Coriander Seeds),55,16,4,46,200,FALSE,200,15:33.1
236,Cooking Essentials,24 Mantra Red Chilly Whole,70,7,1,65,100,FALSE,100,15:33.1
237,Cooking Essentials,Dabur Honey - World's No.1,120,0,6,120,250,FALSE,250,15:33.1
238,Cooking Essentials,24 Mantra Organic Puffed Rice,40,2,6,39,200,FALSE,200,15:33.1
239,Cooking Essentials,24 Mantra Organic Wheat Daliya ,48,2,2,47,500,FALSE,500,15:33.1
240,Cooking Essentials,24 Mantra Organic Ragi Flour,65,20,4,52,500,FALSE,500,15:33.1
241,Cooking Essentials,Popular Essentials Cinnamon Whole (Dalchini),35,5,6,33,25,FALSE,25,15:33.1
242,Cooking Essentials,Sundrop Super Lite Advanced - Sunflower Oil,215,0,4,215,1000,FALSE,1,15:33.1
243,Cooking Essentials,Pillsbury Atta/Godihittu - Chakki Fresh,102,7,4,94,2000,FALSE,2,15:33.1
244,Cooking Essentials,Popular Essentials Green Moong Chilka/Chilka (Un-Polished),85,7,5,79,500,FALSE,500,15:33.1
245,Cooking Essentials,Popular Essentials HMT Kolam Steam,75,0,3,75,1000,FALSE,1,15:33.1
246,Cooking Essentials,Popular Essentials Black Urad Split,80,10,4,72,500,FALSE,500,15:33.1
247,Cooking Essentials,Keya Oregano,109,10,5,98,9,FALSE,9,15:33.1
248,Cooking Essentials,Popular Essentials Pink Rajma,100,10,6,90,500,FALSE,500,15:33.1
249,Cooking Essentials,Everest Chicken Masala,74,2,6,72,100,FALSE,100,15:33.1
250,Cooking Essentials,Popular Essentials HMT Kolam Steam,370,10,6,333,5000,FALSE,5,15:33.1
251,Cooking Essentials,Everest Shahi Paneer Masala,42,4,5,40,50,FALSE,50,15:33.1
252,Cooking Essentials,Godrej Yummiez Chicken Nuggets,325,9,1,293,500,FALSE,500,15:33.1
253,Cooking Essentials,Flying Bird Vanilla Essence,35,2,6,34,20,FALSE,20,15:33.1
254,Cooking Essentials,Everest Sabji Masala,30,3,6,29,50,FALSE,50,15:33.1
255,Cooking Essentials,Popular Essentials Californian Almond,695,32,6,470,500,FALSE,500,15:33.1
256,Cooking Essentials,Cornitos Cornitos Taco Shells - 4 Inches,110,20,6,88,80,FALSE,80,15:33.1
257,Cooking Essentials,Everest Rajma Masala,33,3,5,32,50,FALSE,50,15:33.1
258,Cooking Essentials,Popular Essentials White Til,40,5,1,38,100,FALSE,100,15:33.1
259,Cooking Essentials,Amul Dark Compound Chocolate Slab,125,2,6,122,500,FALSE,500,15:33.1
260,Cooking Essentials,Mothers Recipe Papad Chana Masala,79,10,6,71,200,FALSE,200,15:33.1
261,Cooking Essentials,Ching's Schezwan Masala Instant Noodles,60,0,1,60,240,FALSE,240,15:33.1
262,Cooking Essentials,Amul Milk Compound Chocolate Slab,110,2,6,107,500,FALSE,500,15:33.1
263,Cooking Essentials,Eastern Chicken Masala,70,7,3,65,100,FALSE,100,15:33.1
264,Cooking Essentials,Popular Essentials Methi Seeds,25,0,5,25,100,FALSE,100,15:33.1
265,Cooking Essentials,Saffola Yummy Masala Noodles ,20,0,2,20,46,FALSE,46,15:33.1
266,Cooking Essentials,Cadbury Hot Chocolate,175,5,6,166,200,FALSE,200,15:33.1
267,Cooking Essentials,Ching's Chicken Chilli Masala,10,0,6,10,20,FALSE,20,15:33.1
268,Cooking Essentials,Dabur Keora water - Authentic flavour for Biryani's and Desserts,62,6,6,58,250,FALSE,250,15:33.1
269,Cooking Essentials,Popular Essentials Black Cardamom/Elaichi ,100,10,6,90,50,FALSE,50,15:33.1
270,Cooking Essentials,Popular Essentials Idli Rice,60,10,4,54,1000,FALSE,1,15:33.1
271,Cooking Essentials,Everest Chole Masala,33,3,1,32,50,FALSE,50,15:33.1
272,Cooking Essentials,Dabur Hommade Tamarind Paste,48,6,6,45,200,FALSE,200,15:33.1
274,Cooking Essentials,Popular Essentials Cooking Soda,30,10,6,27,200,FALSE,200,15:33.1
275,Cooking Essentials,RRO Primio Refined Groundnut Oil Pet Bottle,255,6,2,239,1000,FALSE,1,15:33.1
276,Cooking Essentials,Everest Pani Puri Masala,31,3,6,30,50,FALSE,50,15:33.1
277,Cooking Essentials,Nissin Cup Noodles Tangy Tomato,50,10,2,45,70,FALSE,70,15:33.1
278,Cooking Essentials,Ching's Veg Manchurian Masala,10,0,2,10,20,FALSE,20,15:33.1
279,Cooking Essentials,Ceres Foods Fish Mustard Instant Liquid Masala,220,50,6,110,200,FALSE,200,15:33.1
280,Cooking Essentials,Everest Garam Masala,158,10,6,142,200,FALSE,200,15:33.1
281,Cooking Essentials,24 Mantra Organic Jowar Flour,70,7,6,65,500,FALSE,500,15:33.1
282,Cooking Essentials,Maggi Coconut Milkpowder,100,0,6,100,100,FALSE,100,15:33.1
283,Cooking Essentials,On1y Pepper Grinder,159,9,1,144,50,FALSE,50,15:33.1
284,Cooking Essentials,Popular Essentials Rice Flour,60,0,3,60,1000,FALSE,1,15:33.1
285,Cooking Essentials,Sunfeast Yippee! Pasta Treat - Sour Cream Onion,28,10,1,25,65,FALSE,65,15:33.1
286,Cooking Essentials,24 Mantra Organic Brown Sona Masoori Rice,95,0,6,95,1000,FALSE,1,15:33.1
287,Cooking Essentials,Happilo Premium Afghani Anjeer,365,29,2,256,200,FALSE,200,15:33.1
288,Cooking Essentials,Popular Essentials Chiroti Sooji,35,2,6,34,500,FALSE,500,15:33.1
289,Cooking Essentials,RRO Til Dil Premium Til Oil Bottle,330,10,5,294,1000,FALSE,1,15:33.1
290,Cooking Essentials,Popular Essentials Red Rajma,90,10,6,81,500,FALSE,500,15:33.1
291,Cooking Essentials,Cornitos Peanut - Premium Salted ,120,10,6,108,150,FALSE,150,15:33.1
292,Cooking Essentials,Popular Essentials Black Pepper,100,10,5,90,100,FALSE,100,15:33.1
293,Cooking Essentials,24 Mantra Organic Tur Dal - Split,130,7,6,120,500,FALSE,500,15:33.1
294,Cooking Essentials,Sugarfree Gold Low Calorie Sweetner,65,6,3,61,110,FALSE,100,15:33.1
295,Cooking Essentials,Ching's Secret Paneer Chilli Masala,10,0,2,10,20,FALSE,20,15:33.1
296,Cooking Essentials,Dabur Honey ,220,7,3,204,500,FALSE,500,15:33.1
297,Cooking Essentials,Sunfeast Yippee! Pasta Treat - Sour Cream Onion,28,17,3,23,65,FALSE,65,15:33.1
298,Cooking Essentials,Everest Tea Masala,55,9,2,50,50,FALSE,50,15:33.1
299,Cooking Essentials,Ching's Paneer Chilli Masala,44,0,4,44,60,FALSE,60,15:33.1
300,Cooking Essentials,Sunfeast YiPPee! Magic Masala Noodles,70,10,3,63,405,FALSE,405,15:33.1
301,Cooking Essentials,Everest Meat Masala Powder,74,9,3,67,100,FALSE,100,15:33.1
302,Cooking Essentials,Pillsbury Atta With Multigrains Wheat Grains,295,16,6,245,5000,FALSE,5,15:33.1
303,Cooking Essentials,Mother's Recipe Tamarind Paste,50,2,6,49,200,FALSE,200,15:33.1
304,Cooking Essentials,Quaker Oats Breakfast Cereals - With Flavour Mix Nutritious Rich Source Of Energy,49,8,6,45,200,FALSE,200,15:33.1
305,Cooking Essentials,Popular Essentials Cloves (Lavang),75,17,6,62,50,FALSE,50,15:33.1
306,Cooking Essentials,Sunfeast Yippee! Power Up Atta Noodles,96,15,6,81,280,FALSE,280,15:33.1
307,Cooking Essentials,Suhana Paneer Tikka Masala Mix,40,5,6,38,50,FALSE,50,15:33.1
308,Cooking Essentials,24 Mantra Turmeric Powder,35,2,6,34,100,FALSE,100,15:33.1
309,Cooking Essentials,24 Mantra Super Grain Quinoa,190,0,4,190,500,FALSE,500,15:33.1
310,Cooking Essentials,Everest Powder - Egg Curry Masala,40,2,6,39,50,FALSE,50,15:33.1
311,Cooking Essentials,Popular Essentials Pe Shah Jeera ,60,15,6,51,50,FALSE,50,15:33.1
312,Cooking Essentials,24 Mantra Organic Sattu Atta,95,0,6,95,500,FALSE,500,15:33.1
313,Cooking Essentials,Smith & Jones Pasta Masala,46,0,6,46,54,FALSE,54,15:33.1
314,Cooking Essentials,Weikfield Vanilla Custard Powder,142,9,3,128,500,FALSE,500,15:33.1
315,Cooking Essentials,Sugarfree Natura Low Calorie Sweetner ,300,10,3,270,42,FALSE,42,15:33.1
316,Cooking Essentials,Pillsbury Vanilla Custard Powder,37,2,6,36,100,FALSE,100,15:33.1
317,Cooking Essentials,24 Mantra Organic Rajma,145,0,6,145,500,FALSE,500,15:33.1
318,Cooking Essentials,Popular Essentials Broken Wheat/Daliya,35,2,6,34,500,FALSE,500,15:33.1
319,Cooking Essentials,Zorabian Chicken Smoked Ham,205,5,1,194,250,FALSE,250,15:33.1
320,Cooking Essentials,Smith & Jones Peri Peri Masala,99,0,6,99,75,FALSE,75,15:33.1
321,Cooking Essentials,Saffola Veggie Twist Masala Oats,195,12,2,171,500,FALSE,500,15:33.1
322,Cooking Essentials,Popular Essentials Urad Dal Split (Un-Polished),85,9,5,77,500,FALSE,500,15:33.1
323,Cooking Essentials,Weikfield Baking Powder,22,0,6,22,50,FALSE,50,15:33.1
324,Cooking Essentials,Popular Essentials Bajra Whole,65,13,6,56,1000,FALSE,1,15:33.1
325,Cooking Essentials,Weikfield Veg Jelly Crystals - Strawberry,45,2,6,44,90,FALSE,90,15:33.1
326,Cooking Essentials,Weikfield Veg Jelly Crystals - Raspberry,45,2,6,44,90,FALSE,90,15:33.1
327,Cooking Essentials,Popular Essentials Masoor Dal Split (Un-Polished),70,10,4,63,500,FALSE,500,15:33.1
328,Cooking Essentials,Popular Essentials Ajwain Whole,50,12,2,44,100,FALSE,100,15:33.1
329,Cooking Essentials,Popular Essentials Pista Salted (With Shell),470,21,5,371,250,FALSE,250,15:33.1
330,Cooking Essentials,The Bake Shop Bread Crumbs,50,6,3,47,400,FALSE,400,15:33.1
331,Cooking Essentials,Popular Essentials Horse Gram,40,10,4,36,500,FALSE,500,15:33.1
332,Cooking Essentials,Hershey's Chocolate Syrup,95,0,4,95,200,FALSE,200,15:33.1
333,Cooking Essentials,Godrej Yummiez Chilli Chicken Sausages ,160,10,3,144,250,FALSE,250,15:33.1
334,Cooking Essentials,Everest Kasuri Methi,25,0,6,25,25,FALSE,25,15:33.1
335,Cooking Essentials,Satyam Makhana,208,0,6,208,100,FALSE,100,15:33.1
336,Cooking Essentials,Everest Tandoori Chicken Masala,39,2,5,38,50,FALSE,50,15:33.1
337,Cooking Essentials,Weikfield Falooda Mix - Kesar Pista,49,2,3,48,200,FALSE,200,15:33.1
338,Cooking Essentials,Weikfield Cocoa Powder,70,7,6,65,50,FALSE,50,15:33.1
339,Cooking Essentials,Pantai Coconut Cream,150,4,4,143,400,FALSE,400,15:33.1
340,Cooking Essentials,Popular Essentials Coriander Seeds,15,0,5,15,50,FALSE,50,15:33.1
341,Cooking Essentials,Ching's Singapore Curry Instant Noodles,60,0,4,60,240,FALSE,240,15:33.1
342,Cooking Essentials,Eastern Fish Masala,48,2,5,47,100,FALSE,100,15:33.1
343,Cooking Essentials,Pillsbury Atta/Godihittu - Chakki Fresh,275,0,6,275,5000,FALSE,5,15:33.1
345,Cooking Essentials,Everest Dry Ginger Powder,75,9,4,68,100,FALSE,100,15:33.1
346,Cooking Essentials,Pillsbury Cooker Cake Mix - Choco,100,11,6,89,159,FALSE,159,15:33.1
347,Cooking Essentials,Hersheys Chocolate Almond Syrup,200,0,2,200,450,FALSE,450,15:33.1
348,Cooking Essentials,Satyam Nighties Spices  Chilli Pandi,56,7,5,52,100,FALSE,100,15:33.1
349,Cooking Essentials,Popular Essentials Popular Essential Pista Salted (With Shell),190,10,6,171,100,FALSE,100,15:33.1
350,Cooking Essentials,Godrej Yummiez Chicken Punjabi Tikka ,295,9,6,266,360,FALSE,360,15:33.1
351,Cooking Essentials,Popular Essentials Rozana Sona Masuri Raw Rice,350,10,5,312,5000,FALSE,5,15:33.1
352,Cooking Essentials,24 Mantra Mustard Oil (Cold Pressed) ,350,10,6,312,1000,FALSE,1,15:33.1
353,Cooking Essentials,24 Mantra Organic Black Pepper,170,7,6,157,100,FALSE,100,15:33.1
354,Cooking Essentials,Popular Essentials Green Moong Whole,90,16,3,75,500,FALSE,500,15:33.1
355,Cooking Essentials,24 Mantra Organic Masoor Dal - Split,95,7,6,88,500,FALSE,500,15:33.1
356,Cooking Essentials,Praakritik Organic Natural Rock Salt,60,6,3,56,500,FALSE,500,15:33.1
357,Cooking Essentials,24 Mantra Sunflower Oil (Cold Pressed) Pet Bottle,390,11,5,347,1000,FALSE,1,15:33.1
359,Cooking Essentials,Saffola Everyday Peppy Tomato Masala Oats,195,12,6,171,500,FALSE,500,15:33.1
360,Cooking Essentials,Dabur 100% Pure Honey - Worlds No.1,430,10,6,387,1000,FALSE,1,15:33.1
361,Cooking Essentials,Popular Essentials Star Anise,70,10,5,63,25,FALSE,25,15:33.1
362,Cooking Essentials,Ching's Secret Chicken 65 Masala - Chicken,10,0,5,10,20,FALSE,20,15:33.1
363,Cooking Essentials,Cadbury Cocoa Powder,223,5,6,211,150,FALSE,150,15:33.1
364,Cooking Essentials,Praakritik Natural Desi Gir Cow A2 Ghee,1450,10,6,1305,540,FALSE,540,15:33.1
365,Cooking Essentials,Praakritik Organic Poha,120,6,5,112,500,FALSE,500,15:33.1
366,Cooking Essentials,Praakritik Organic Natural Wild Forest Honey,160,6,4,150,200,FALSE,200,15:33.1
367,Cooking Essentials,Popular Essentials Dry Dates (Kharak),140,15,6,118,250,FALSE,250,15:33.1
368,Cooking Essentials,Popular Essentials Kashmiri Red Rajma,95,6,4,89,500,FALSE,500,15:33.1
369,Cooking Essentials,Dabur Hommade - Garlic Paste,50,6,6,47,200,FALSE,200,15:33.1
370,Cooking Essentials,Dabur 100% Pure Honey,330,10,1,297,400,FALSE,400,15:33.1
371,Cooking Essentials,Ching's Schezwan Fried Rice(Miracle Masala),44,0,5,44,60,FALSE,60,15:33.1
373,Cooking Essentials,Everest Tandoori Chicken Masala,74,9,3,67,100,FALSE,100,15:33.1
374,Cooking Essentials,Popular Essentials Red Poha,45,4,6,43,500,FALSE,500,15:33.1
375,Cooking Essentials,Everest Kitchen King Masala,142,9,6,128,200,FALSE,200,15:33.1
376,Cooking Essentials,Pillsbury Oven Cake Mix - Rich Chocolate,165,10,5,147,285,FALSE,285,15:33.1
377,Cooking Essentials,Eastern Super Garam Masala,74,6,2,69,200,FALSE,200,15:33.1
378,Cooking Essentials,Maggi Magic Cubes Extra Chicken,40,2,6,39,48,FALSE,48,15:33.1
379,Cooking Essentials,Satyam Nighties Spices  Chilli Kashmiri,102,6,6,95,100,FALSE,100,15:33.1
380,Cooking Essentials,Eastern Cumin Powder,49,2,6,48,100,FALSE,100,15:33.1
381,Cooking Essentials,Popular Essentials Urad Gola White(Un-Polished),90,10,6,81,500,FALSE,500,15:33.1
382,Cooking Essentials,24 Mantra Organic Chana Dal,95,6,5,89,500,FALSE,500,15:33.1
383,Cooking Essentials,Delight Nuts Cashew Roasted & Salted,425,20,6,340,200,FALSE,200,15:33.1
384,Cooking Essentials,Popular Essentials Mace/Javitri,90,10,3,81,20,FALSE,20,15:33.1
385,Cooking Essentials,Dlicia Whip Topping Bottle,235,27,5,171,1000,FALSE,1,15:33.1
386,Cooking Essentials,Mother's Recipe Paste Ginger & Garlic,76,10,4,68,300,FALSE,300,15:33.1
387,Cooking Essentials,24 Mantra Groundnut Oil (Cold Pressed) Pet Bottle,410,10,6,369,1000,FALSE,1,15:33.1
388,Cooking Essentials,Satyam Pulses Masur Dal,87,6,6,81,500,FALSE,500,15:33.1
389,Cooking Essentials,Delight Nuts Pista Roasted & Salted,425,20,6,340,200,FALSE,200,15:33.1
391,Cooking Essentials,Hershey's Cocoa Powder,95,0,5,95,70,FALSE,70,15:33.1
392,Cooking Essentials,Praakritik Organic Singhara Atta,240,6,4,225,500,FALSE,500,15:33.1
393,Cooking Essentials,Gits Veg Biryani Ready to Eat,110,10,6,99,265,FALSE,265,15:33.1
394,Cooking Essentials,Delight Nuts Cranberries Sliced ,299,20,6,239,200,FALSE,200,15:33.1
395,Cooking Essentials,Borges Durum Wheat Pasta Superior Quality,250,40,6,149,500,FALSE,500,15:33.1
396,Cooking Essentials,Ceres Foods Laal Maas Instant Liquid Masala,220,50,5,110,200,FALSE,200,15:33.1
397,Cooking Essentials,Popular Essentials Sattu Atta,90,12,3,79,500,FALSE,500,15:33.1
398,Cooking Essentials,Popular Essentials Mustard Seeds Rai Yellow,25,0,5,25,100,FALSE,100,15:33.1
399,Cooking Essentials,Praakritik Organic Extra Virgin Coconut Oil,150,10,5,134,100,FALSE,100,15:33.1
400,Cooking Essentials,Praakritik Organic Garlic Powder,110,1,5,108,100,FALSE,100,15:33.1
401,Cooking Essentials,Sugarfree Gold Low Calorie Sweetner ,125,5,6,118,100,FALSE,100,15:33.1
402,Cooking Essentials,Aashirvaad Breakfast Instant Mix - Rice Idli,75,30,6,52,200,FALSE,200,15:33.1
403,Cooking Essentials,Kitchens Of India Mutter Paneer,130,4,6,124,285,FALSE,285,15:33.1
404,Cooking Essentials,Ching's Secret Veg Manchurian Masala,44,0,6,44,60,FALSE,60,15:33.1
405,Cooking Essentials,Popular Essentials Jowa Flour,50,2,5,49,500,FALSE,500,15:33.1
406,Cooking Essentials,Everest Shahi Biryani Masala,245,0,6,245,200,FALSE,200,15:33.1
407,Cooking Essentials,Popular Essentials Black Til,50,6,4,47,100,FALSE,100,15:33.1
408,Cooking Essentials,Popular Essentials Pancharatna Dal,80,10,6,72,500,FALSE,500,15:33.1
409,Cooking Essentials,Saffola 100% Pure Honey,475,8,2,437,1000,FALSE,750,15:33.1
410,Cooking Essentials,Popular Essentials Tamarind,150,14,6,128,500,FALSE,500,15:33.1
411,Cooking Essentials,Gits Rice Dosa Instant Breakfast Mix,60,5,5,57,200,FALSE,200,15:33.1
412,Cooking Essentials,Popular Essentials Poppy Seeds (Gasagase),280,7,6,260,100,FALSE,100,15:33.1
413,Cooking Essentials,Hershey's Hot Chocolate Powder,210,0,4,210,250,FALSE,250,15:33.1
414,Cooking Essentials,Borges Farfalle Durum Wheat Pasta ,250,0,5,250,500,FALSE,500,15:33.1
415,Cooking Essentials,Satyam Chilli  Bedgi,82,10,5,73,100,FALSE,100,15:33.1
416,Cooking Essentials,Aashirvaad Instant Mix - Rice Dosa,75,30,6,52,200,FALSE,200,15:33.1
417,Cooking Essentials,Hershey's Cocoa - Natural Unsweetened,270,10,4,243,225,FALSE,225,15:33.1
418,Cooking Essentials,Weikfield Veg Jelly Crystals - Mango,45,2,6,44,90,FALSE,90,15:33.1
419,Cooking Essentials,Praakritik Orrganic Cold Pressed Sesame Oil,130,10,5,117,100,FALSE,100,15:33.1
420,Cooking Essentials,Amulya Dairy Whitener ,380,2,4,372,1000,FALSE,1,15:33.1
421,Cooking Essentials,ITC Master Chef Hyderabadi Biryani,75,30,5,52,80,FALSE,80,15:33.1
422,Cooking Essentials,Flying Bird Butter Scotch Essence,50,2,6,49,20,FALSE,20,15:33.1
423,Cooking Essentials,Dabur Hommade - Ginger Paste,50,6,6,47,200,FALSE,200,15:33.1
424,Cooking Essentials,Popular Essentials Green Peas (Un-Polished),120,10,5,108,500,FALSE,500,15:33.1
425,Cooking Essentials,Quaker Oats Pouch,276,10,6,248,1500,FALSE,1,15:33.1
426,Cooking Essentials,24 Mantra Organic Urad White Whole,145,15,4,122,500,FALSE,500,15:33.1
427,Cooking Essentials,Popular Essentials Guntur Chilli Stemless,40,2,2,39,100,FALSE,100,15:33.1
428,Cooking Essentials,Popular Essentials Moth Whole,90,10,6,81,500,FALSE,500,15:33.1
429,Cooking Essentials,Keya Pizza Seasoning,109,17,6,90,45,FALSE,45,15:33.1
430,Cooking Essentials,Keya Piri Piri | Exotic Spices Mix,109,20,6,87,80,FALSE,80,15:33.1
431,Cooking Essentials,24 Mantra Organic Moong Dal,135,7,6,125,500,FALSE,500,15:33.1
432,Cooking Essentials,Betty Crocker French Vanilla Cake Mix,310,10,6,276,520,FALSE,520,15:33.1
433,Cooking Essentials,Delight Nuts Dried Cranberries ,340,20,6,272,200,FALSE,200,15:33.1
434,Cooking Essentials,Everest Kesari Milk Masala,205,0,2,205,50,FALSE,50,15:33.1
435,Cooking Essentials,Tong Garden Salted Cocktail Nuts,295,9,5,266,160,FALSE,160,15:33.1
436,Cooking Essentials,MTR Uttapam Mix,165,5,6,156,500,FALSE,500,15:33.1
437,Cooking Essentials,Gits Khaman Dhokla Instant Snack Mix,65,6,6,61,180,FALSE,180,15:33.1
438,Cooking Essentials,Happilo Premium 100% Natural Whole Cashews,335,29,6,235,200,FALSE,200,15:33.1
439,Cooking Essentials,Everest Dry Mango Powder,80,0,5,80,100,FALSE,100,15:33.1
440,Cooking Essentials,Dabur Hommade - Ginger Garlic Past Tub,110,5,6,104,400,FALSE,400,15:33.1
441,Cooking Essentials,Everest Chicken Masala,147,10,6,132,200,FALSE,200,15:33.1
442,Cooking Essentials,Gits Medu Vada Instant Snack Mix,90,4,6,86,200,FALSE,200,15:33.1
443,Cooking Essentials,Weikfield Drinking Chocolate Powder,65,10,6,58,100,FALSE,100,15:33.1
444,Cooking Essentials,Popular Essentials Regular White Lobia,70,10,6,63,500,FALSE,500,15:33.1
445,Cooking Essentials,Puro Healthy Salt Crystal,135,7,6,125,1000,FALSE,1,15:33.1
446,Cooking Essentials,Popular Essentials Premium Jeera Rice,140,0,5,140,1000,FALSE,1,15:33.1
447,Cooking Essentials,Smith & Jones Shahi Paneer Masala Mix,44,0,6,44,60,FALSE,60,15:33.1
448,Cooking Essentials,Betty Crocker Mug Treats - Chocolate Mix - Pack of 4,200,11,6,178,264,FALSE,264,15:33.1
449,Cooking Essentials,Smith & Jones Pasta Masala,60,10,5,54,108,FALSE,108,15:33.1
450,Cooking Essentials,Catch Black Pepper Sprinkler,100,0,1,100,50,FALSE,50,15:33.1
451,Cooking Essentials,Weikfield Cooker Cake Mix - Chocolate,95,6,6,89,150,FALSE,150,15:33.1
452,Cooking Essentials,ITC Master Chef Butter Chicken,75,30,6,52,80,FALSE,80,15:33.1
453,Cooking Essentials,Masala Oats Masala & Coriander ,195,9,5,176,500,FALSE,500,15:33.1
454,Cooking Essentials,Smith & Jones Mutter Paneer Masala,42,0,6,42,60,FALSE,60,15:33.1
455,Cooking Essentials,Kitchens of India Dal Bukhara Gravy Mix,110,30,6,77,285,FALSE,285,15:33.1
456,Cooking Essentials,Popular Essentials Fried Gram (Bengal Gram),70,10,6,63,500,FALSE,500,15:33.1
457,Cooking Essentials,Gits Jalebi with Maker Dessert Mix,75,16,6,63,100,FALSE,100,15:33.1
458,Cooking Essentials,Popular Essentials Soya Beans ,80,6,6,75,500,FALSE,500,15:33.1
459,Cooking Essentials,24 Mantra Organic Roasted Bengal Gram Dal,105,7,6,97,500,FALSE,500,15:33.1
460,Cooking Essentials,Keya Italian Seasoning,109,10,6,98,35,FALSE,35,15:33.1
461,Cooking Essentials,MTR Idli/Dosa/Chilly Chutney Powder,115,0,3,115,200,FALSE,200,15:33.1
462,Cooking Essentials,Delight Nuts Trail Mix ,399,25,6,299,200,FALSE,200,15:33.1
463,Cooking Essentials,Praakritik Organic Chilka Moong Dal,120,10,6,108,500,FALSE,500,15:33.1
464,Cooking Essentials,Smith & Jones Garlic & Herbs Masala Mix,99,0,6,99,75,FALSE,75,15:33.1
465,Cooking Essentials,Eastern Tamarind,63,0,6,63,200,FALSE,200,15:33.1
466,Cooking Essentials,Tong Garden Wasabi Coated Greenpeas Tin,200,11,6,178,180,FALSE,180,15:33.1
467,Cooking Essentials,Flying Bird Pineapple Artifical Food Essence,50,2,6,49,20,FALSE,20,15:33.1
468,Cooking Essentials,Mother's Recipe Tamarind Paste,50,2,2,49,200,FALSE,200,15:33.1
469,Cooking Essentials,Japanese Choice Udon Noodles,295,9,6,266,250,FALSE,250,15:33.1
470,Cooking Essentials,Pantai Coconut Milk,150,0,4,150,400,FALSE,400,15:33.1
471,Cooking Essentials,Praakritik Organic Masoor Dal,130,10,6,116,500,FALSE,500,15:33.1
472,Cooking Essentials,Popular Essentials Classic Sona Masuri Rice,430,10,6,387,5000,FALSE,5,15:33.1
473,Cooking Essentials,Popular Essentials Salted Murmure ,70,18,6,57,400,FALSE,400,15:33.1
474,Cooking Essentials,Oleev Active Oil (Pouch),265,9,6,239,1000,FALSE,1,15:33.1
475,Cooking Essentials,Delight Nuts Dried Blueberries ,540,20,6,432,150,FALSE,150,15:33.1
476,Cooking Essentials,Popular Essentials Double Beans White,60,10,6,54,250,FALSE,250,15:33.1
477,Cooking Essentials,Delight Nuts Almond Natural ,349,20,6,279,200,FALSE,200,15:33.1
478,Cooking Essentials,Praakritik Organic Jaggery,160,6,6,150,900,FALSE,900,15:33.1
479,Cooking Essentials,Praakritik Organic Raw Sugar,90,6,6,84,500,FALSE,500,15:33.1
480,Cooking Essentials,MTR Masala - Sambar Powder,115,0,4,115,200,FALSE,200,15:33.1
481,Cooking Essentials,RRO Til Dil Premium Til Oil Bottle,173,6,6,162,500,FALSE,500,15:33.1
482,Cooking Essentials,ITC Master Chef Vegetable Biryani Cooking Paste,75,30,5,52,80,FALSE,80,15:33.1
483,Cooking Essentials,Jivana Jaggery,100,0,2,100,950,FALSE,950,15:33.1
484,Cooking Essentials,Praakritik Organic Besan,170,6,6,159,500,FALSE,500,15:33.1
485,Cooking Essentials,MTR Instant Gulab Jamun Mix,195,9,6,176,500,FALSE,500,15:33.1
486,Cooking Essentials,Maggi Magic Cubes Extra Chicken,199,0,2,199,240,FALSE,240,15:33.1
487,Cooking Essentials,On1y Mixed Herbs,99,0,6,99,14,FALSE,14,15:33.1
488,Cooking Essentials,Popular Essentials Urad Gola Black (Un-Polished),80,10,6,72,500,FALSE,500,15:33.1
489,Cooking Essentials,Gits Dessert Mix China Grass Bombay Halwa,55,0,4,55,80,FALSE,80,15:33.1
490,Cooking Essentials,Praakritik Organic Basmati Rice,170,0,5,170,500,FALSE,500,15:33.1
491,Cooking Essentials,Ceres Foods Nalli Nihari Instant Liquid Masala,220,50,6,110,200,FALSE,200,15:33.1
492,Cooking Essentials,Borges Canola Oil Pet Bottle,399,0,6,399,1000,FALSE,1,15:33.1
493,Cooking Essentials,Suhana Biryani Masala,66,0,6,66,50,FALSE,50,15:33.1
494,Cooking Essentials,On1y Black Salt Grinder,99,0,6,99,100,FALSE,100,15:33.1
495,Cooking Essentials,Popular Essentials Nylon Til,40,2,6,39,100,FALSE,100,15:33.1
496,Cooking Essentials,Pillsbury Rich Choco Oven Cake Mix - Egg Free,170,6,6,159,270,FALSE,270,15:33.1
497,Cooking Essentials,Weikfield Tomato Salsa Instant Pasta,25,0,1,25,77,FALSE,77,15:33.1
498,Cooking Essentials,Praakritik Organic Jowar Atta,110,6,6,103,500,FALSE,500,15:33.1
499,Cooking Essentials,Sugarfree Gold Low Calorie Sweetner ,270,7,6,251,50,FALSE,50,15:33.1
500,Cooking Essentials,Epicurea Thai Jasmine Rice,295,0,4,295,500,FALSE,500,15:33.1
501,Cooking Essentials,Yummiez Chicken Garlic Fingers Pouch,250,0,5,250,400,FALSE,400,15:33.1
502,Cooking Essentials,RRO Primio Refined Groundnut (Jar),490,11,6,436,2000,FALSE,2,15:33.1
503,Cooking Essentials,Praakritik Organic Tuvar Dal,140,0,6,140,500,FALSE,500,15:33.1
504,Cooking Essentials,Sugarfree Gold Low Calorie Sweetner,185,5,3,175,300,FALSE,300,15:33.1
505,Cooking Essentials,Cantina Beans Mexican Beans,250,14,6,213,410,FALSE,410,15:33.1
506,Cooking Essentials,Pillsbury Oven Cake Mix - Vanilla,175,10,6,156,225,FALSE,225,15:33.1
507,Cooking Essentials,Hershey's Chocolate Milk Booster,200,0,6,200,450,FALSE,450,15:33.1
508,Cooking Essentials,Popular Essentials Byadagi Chilli Stemless,80,0,6,80,100,FALSE,100,15:33.1
509,Cooking Essentials,Suhana Spice Mix - Chicken Biryani,66,0,6,66,50,FALSE,50,15:33.1
510,Cooking Essentials,Praakritik Organic Yellow Moon Dal,135,0,6,135,500,FALSE,500,15:33.1
511,Cooking Essentials,Maggi Magic Cubes Extra Chicken,199,10,6,179,240,FALSE,240,15:33.1
512,Cooking Essentials,Dhara Filtered Groundnut Oil (Jar),1050,0,2,1050,5000,FALSE,5,15:33.1
513,Cooking Essentials,24 Mantra Sona Masuri Brown Rice,475,10,6,423,5000,FALSE,5,15:33.1
514,Cooking Essentials,24 Mantra Organic Pancharatna Dal - Split,130,7,6,120,500,FALSE,500,15:33.1
515,Cooking Essentials,24 Mantra Organic Cumin Powder,70,0,6,70,100,FALSE,100,15:33.1
516,Cooking Essentials,Popular Essentials Samba Broken Wheat,100,11,6,89,500,FALSE,500,15:33.1
517,Cooking Essentials,Betty Crocker Chocolate Fudge Cake Mix,295,0,6,295,475,FALSE,475,15:33.1
518,Cooking Essentials,Borges Extra Light Olive Oil Bottle ,2600,46,6,1399,2000,FALSE,2,15:33.1
519,Cooking Essentials,Flying Bird Premium Orange Artificial Food Essence,60,0,6,60,20,FALSE,20,15:33.1
520,Cooking Essentials,Popular Essentials Red Cherry/Gundu Chilli,95,0,6,95,100,FALSE,100,15:33.1
521,Cooking Essentials,Super Saver Kolam Rice Sortex Clean ,700,10,3,630,5000,FALSE,5,15:33.1
522,Cooking Essentials,Flying Bird Food Essence - Kewra,50,0,6,50,20,FALSE,20,15:33.1
523,Cooking Essentials,MTR Vada Breakfast,200,0,1,200,500,FALSE,500,15:33.1
524,Cooking Essentials,On1y Pasta Seasoning,99,0,6,99,30,FALSE,30,15:33.1
525,Cooking Essentials,Praakritik Organic Indrayani Rice,70,0,6,70,500,FALSE,500,15:33.1
526,Cooking Essentials,On1y Pizza Seasoning,99,0,6,99,28,FALSE,28,15:33.1
527,Cooking Essentials,Kitchens of India Mutter Paneer Mix,120,30,4,84,285,FALSE,285,15:33.1
528,Cooking Essentials,Aashirvaad Svasti Cow Ghee Tetra Pack,295,0,6,295,500,FALSE,500,15:33.1
529,Cooking Essentials,Weikfield Cooker Cake Mix - Vanilla,95,0,6,95,150,FALSE,150,15:33.1
530,Cooking Essentials,Praakritik Organic Kapli Wheat Atta,165,10,6,147,1000,FALSE,1,15:33.1
531,Cooking Essentials,Epicurea Sushi Rice,295,0,6,295,500,FALSE,500,15:33.1
532,Cooking Essentials,Sugarfree Natural Green Stevia Leaves Zero Calorie,75,0,2,75,100,FALSE,100,15:33.1
533,Cooking Essentials,Smith & Jones Italian Spices Masala Mix,99,0,6,99,75,FALSE,75,15:33.1
534,Cooking Essentials,Satyam Nighties Spices  Chilli Bore,89,10,6,80,100,FALSE,100,15:33.1
535,Cooking Essentials,Weikfield Veg Jelly Crystals - Orange,45,2,6,44,90,FALSE,90,15:33.1
536,Cooking Essentials,Praakritik Organic Jumbo Rolled Oats,190,11,6,169,500,FALSE,500,15:33.1
537,Cooking Essentials,On1y Sea Salt Grinder,89,0,6,89,100,FALSE,100,15:33.1
538,Cooking Essentials,Delight Nuts Berries Mix ,399,20,6,319,200,FALSE,200,15:33.1
539,Cooking Essentials,Everest Kesari Milk Masala,205,0,6,205,50,FALSE,20,15:33.1
540,Cooking Essentials,Praakritik Organic Ginger Powder,139,10,6,125,100,FALSE,100,15:33.1
541,Cooking Essentials,Suhana Mutton Gravy Mix,45,0,4,45,80,FALSE,80,15:33.1
542,Cooking Essentials,On1y Salad Seasoning Grinder,139,0,6,139,45,FALSE,45,15:33.1
543,Cooking Essentials,Figaro Pure Olive Oil,325,8,1,299,200,FALSE,200,15:33.1
544,Cooking Essentials,Madhur Sugar,60,6,0,56,1000,TRUE,1,15:33.1
545,Cooking Essentials,Amul Fresh Cream,63,0,0,63,250,TRUE,250,15:33.1
546,Cooking Essentials,Madhur Pure And Hygienic Sugar,295,9,0,266,5000,TRUE,5,15:33.1
547,Cooking Essentials,Satyam Poha Jada,35,8,0,32,500,TRUE,500,15:33.1
548,Cooking Essentials,Aashirvaad Superior MP Whole Wheat Atta,53,1,0,52,1000,TRUE,1,15:33.1
549,Cooking Essentials,Fortune Soyabean Oil,210,13,0,181,1000,TRUE,1,15:33.1
550,Cooking Essentials,Maggi Masala Ae Magic,58,6,0,54,72,TRUE,72,15:33.1
551,Cooking Essentials,Aashirvaad Iodised Salt ,22,13,0,19,1000,TRUE,1,15:33.1
552,Cooking Essentials,Maggi 2-Minute Instant Noodles - Masala,44,0,0,44,280,TRUE,280,15:33.1
553,Cooking Essentials,Popular Essentials Phool Makhana (Jumbo Size),150,14,0,128,100,TRUE,100,15:33.1
554,Cooking Essentials,Aashirvaad Atta With Mutigrains,315,8,0,287,5000,TRUE,5,15:33.1
555,Cooking Essentials,Tata Sampann Poha,44,6,0,41,500,TRUE,500,15:33.1
556,Cooking Essentials,Fortune Besan Flour,120,0,0,120,1000,TRUE,1,15:33.1
557,Cooking Essentials,Popular Essentials Toor Dal (Un-Polished),80,7,0,74,500,TRUE,500,15:33.1
558,Cooking Essentials,Everest Tikhalal Hot & Red Chilly Powder,47,2,0,46,100,TRUE,100,15:33.1
559,Cooking Essentials,Popular Essentials Chia Seeds,50,2,0,49,100,TRUE,100,15:33.1
560,Cooking Essentials,Tata Sampann Unpolished Toor Dal/Arhar Dal,179,1,0,177,1000,TRUE,200,15:33.1
561,Cooking Essentials,Everest Coriander Powder,32,3,0,31,100,TRUE,100,15:33.1
562,Cooking Essentials,Satyam Thin Poha Patla,38,7,0,35,500,TRUE,500,15:33.1
563,Cooking Essentials,Popular Essentials Sona Masouri Raw Rice,75,0,0,75,1000,TRUE,1,15:33.1
564,Cooking Essentials,Tata Sampann High Protien Chana Dal - Split,64,0,0,64,500,TRUE,500,15:33.1
565,Cooking Essentials,Satyam Singdana ,119,6,0,111,500,TRUE,500,15:33.1
566,Cooking Essentials,Tata Sampann Moong Chilka ,88,6,0,82,500,TRUE,500,15:33.1
567,Cooking Essentials,Tata Sampann High Protien Toor Dal - Split,91,2,0,89,500,TRUE,500,15:33.1
568,Cooking Essentials,Ching's Chow Mein Hakka Noodles Masala,10,0,0,10,20,TRUE,20,15:33.1
569,Cooking Essentials,Everest Chat Masala,65,9,0,59,100,TRUE,100,15:33.1
570,Cooking Essentials,Popular Essentials Black Brown Chana (Un-Polished),55,9,0,50,500,TRUE,500,15:33.1
571,Cooking Essentials,Dabur Ginger Garlic Paste,50,6,0,47,200,TRUE,200,15:33.1
572,Cooking Essentials,Ching's Secret Veg Hakka Noodles,107,0,0,107,600,TRUE,600,15:33.1
573,Cooking Essentials,Saffola Oats 100 % Natural,15,0,0,15,38,TRUE,38,15:33.1
574,Cooking Essentials,Everest Kashmiri Lal Chilli Powder,310,10,0,279,500,TRUE,500,15:33.1
575,Cooking Essentials,Popular Essentials Black Raisins Seedless,60,10,0,54,100,TRUE,100,15:33.1
576,Cooking Essentials,Daawat Rozana Super Basmati Rice,79,0,0,79,1000,TRUE,1,15:33.1
577,Cooking Essentials,Everest Cumin Powder (Jeera),30,3,0,29,50,TRUE,50,15:33.1
578,Cooking Essentials,Everest Sambhar Masala,34,2,0,33,50,TRUE,50,15:33.1
579,Cooking Essentials,Maggi Chilly Chow Cuppa Noodles,50,0,0,50,70,TRUE,70,15:33.1
580,Cooking Essentials,Popular Essentials Mustard Seeds Rai Big,20,0,0,20,100,TRUE,100,15:33.1
581,Cooking Essentials,Patanjali Cow's Ghee,565,0,0,565,1000,TRUE,1,15:33.1
582,Cooking Essentials,Everest Amchur Powder,42,2,0,41,50,TRUE,50,15:33.1
583,Cooking Essentials,Daawat Super Basmati Rice,185,8,0,169,1000,TRUE,1,15:33.1
584,Cooking Essentials,Popular Essentials Sabudana,60,10,0,54,500,TRUE,500,15:33.1
585,Cooking Essentials,Popular Essentials Brown Sugar,40,0,0,40,500,TRUE,500,15:33.1
586,Cooking Essentials,Everest Coriander Powder,70,10,0,63,200,TRUE,200,15:33.1
587,Cooking Essentials,Sunfeast Yippee! Magic Masala Noodles,48,6,0,45,240,TRUE,240,15:33.1
588,Cooking Essentials,Tata Tea Gold,35,0,0,35,100,TRUE,200,15:33.1
589,Cooking Essentials,Daawat Rozana Gold Basmati Rice,90,1,0,89,1000,TRUE,1,15:33.1
590,Cooking Essentials,Top Ramen Masala,91,9,0,82,560,TRUE,560,15:33.1
591,Cooking Essentials,Everest Turmeric Powder,67,10,0,60,200,TRUE,200,15:33.1
592,Cooking Essentials,Popular Essentials Buckwheat Flour (Kuttu Atta),125,9,0,113,500,TRUE,500,15:33.1
593,Cooking Essentials,Keya Italian Pizza Oregano,109,11,0,97,80,TRUE,80,15:33.1
594,Cooking Essentials,Chef's Basket Durum Wheat Penne Pasta,160,50,0,80,500,TRUE,500,15:33.1
595,Cooking Essentials,Tata Sampann Kala Chana,125,0,0,125,1000,TRUE,1,15:33.1
596,Cooking Essentials,India Gate Basmati Rice,210,0,0,210,1000,TRUE,1,15:33.1
597,Cooking Essentials,24 Mantra Organic Whole Wheat Atta,64,7,0,59,1000,TRUE,1,15:33.1
598,Cooking Essentials,Zorabian Chicken Kheema Parathas,190,0,0,190,300,TRUE,300,15:33.1
599,Cooking Essentials,Sunfeast Pasta Treat Pack of Tomato Cheese,28,17,0,23,65,TRUE,65,15:33.1
600,Cooking Essentials,Sugarlite 50% Less Calories Sugar Pouch,99,40,0,59,500,TRUE,500,15:33.1
601,Cooking Essentials,Popular Essentials Sabja/Basil Seeds,60,15,0,51,100,TRUE,100,15:33.1
602,Cooking Essentials,Patanjali Pure Honey,95,0,0,95,250,TRUE,250,15:33.1
603,Cooking Essentials,Weikfield Falooda Mix - Mango,49,2,0,48,200,TRUE,200,15:33.1
604,Cooking Essentials,Pro Nature Organic Sonamasoori Brown Rice,102,7,0,94,1000,TRUE,1,15:33.1
605,Cooking Essentials,Maggi Special Masala Spicy Yummy Noodles,72,0,0,72,280,TRUE,280,15:33.1
606,Cooking Essentials,Godrej Yummiez Chicken Breakfast Salami,150,4,0,143,250,TRUE,250,15:33.1
607,Cooking Essentials,Everest Saffron Kesar,120,0,0,120,1,TRUE,0,15:33.1
608,Munchies,Maggi 2 Minute Masala Noodles,12,0,6,12,70,FALSE,70,15:33.1
609,Munchies,iD Idli & Dosa Batter ,80,15,6,68,1000,FALSE,1,15:33.1
610,Munchies,Tata Salt,24,0,6,24,1000,FALSE,1,15:33.1
611,Munchies,Arden Eggs White,97,0,4,97,696,FALSE,12,15:33.1
612,Munchies,Arden Eggs White,65,15,4,55,348,FALSE,6,15:33.1
613,Munchies,Fortune Sunlite Refined Sunflower (Pouch),230,4,6,219,1000,FALSE,1,15:33.1
614,Munchies,Aashirvaad Superior MP Atta,250,2,6,245,5000,FALSE,5,15:33.1
615,Munchies,Amul Pure Ghee (Pouch),255,2,6,249,500,FALSE,500,15:33.1
616,Munchies,Arden Eggs Brown,85,7,4,79,348,FALSE,6,15:33.1
617,Munchies,Tata Salt Lite,40,10,6,36,1000,FALSE,1,15:33.1
618,Munchies,Saffola Gold Oil (Pouch),215,0,6,215,1000,FALSE,1,15:33.1
619,Munchies,Fortune Sunlite Refined Sunflower (Jar),925,0,6,925,5000,FALSE,5,15:33.1
620,Munchies,Fortune Rice Bran (Pouch),225,11,6,199,1000,FALSE,1,15:33.1
621,Munchies,Saffola Active Oil,210,0,6,210,1000,FALSE,1,15:33.1
622,Munchies,Amul Pure Ghee (Pouch),505,1,2,499,1000,FALSE,1,15:33.1
623,Munchies,Aashirvaad Atta,460,13,6,399,10000,FALSE,10,15:33.1
624,Munchies,Popular Essentials Toor Dal (Un-Polished),160,6,4,149,1000,FALSE,1,15:33.1
625,Munchies,Amul Ghee (Tin),520,2,6,509,1000,FALSE,1,15:33.1
626,Munchies,Amul Fresh Cream,197,3,3,191,1000,FALSE,1,15:33.1
627,Munchies,Popular Essentials Pure Jaggery,50,2,6,49,450,FALSE,450,15:33.1
628,Munchies,Aashirvaad Multigrain Atta,64,3,2,62,1000,FALSE,1,15:33.1
629,Munchies,Fortune Soyabean Oil,1005,0,6,999,5000,FALSE,5,15:33.1
630,Munchies,Popular Essentials Sunflower Seeds,25,0,6,25,50,FALSE,50,15:33.1
631,Munchies,Tata Sampann kabuli chana,185,1,4,183,1000,FALSE,500,15:33.1
632,Munchies,Dhara Groundnut Oil (Pouch),230,11,6,203,1000,FALSE,1,15:33.1
633,Munchies,Dhara Health Refined Sun Flower Oil Jar,1200,18,6,984,5000,FALSE,5,15:33.1
634,Munchies,24 Mantra Organic Jaggery Powder,80,15,6,68,500,FALSE,500,15:33.1
635,Munchies,Tata Sampann High Protien Kabuli Chana,94,0,1,94,500,FALSE,500,15:33.1
636,Munchies,Dhara Kachi Ghani Mustard Oil Jar,1250,8,6,1143,5000,FALSE,5,15:33.1
637,Munchies,D'lecta Dairy Cream,54,5,6,51,200,FALSE,200,15:33.1
638,Munchies,Ching's Secret Instant Hot Garlic Noodles,15,0,3,15,60,FALSE,60,15:33.1
639,Munchies,Dabur Ginger Garlic Paste,25,8,3,23,100,FALSE,100,15:33.1
640,Munchies,Ching's Secret Instant Schezwan Noodles,15,0,6,15,60,FALSE,60,15:33.1
641,Munchies,Gowardhan Ghee/Tuppa Jar,315,1,6,309,500,FALSE,500,15:33.1
642,Munchies,Tata Sampann Unpolished Moong Dal ,92,4,4,88,500,FALSE,500,15:33.1
643,Munchies,Aashirvaad Select Atta,64,0,6,64,1000,FALSE,1,15:33.1
644,Munchies,Popular Essentials Misri Dana (Diamond Sugar) ,15,0,4,15,100,FALSE,100,15:33.1
645,Munchies,Gowardhan Ghee Jar,598,3,6,579,1000,FALSE,1,15:33.1
646,Munchies,Top Ramen  Noodles Curry Veg Pouch,20,0,1,20,70,FALSE,70,15:33.1
647,Munchies,Popular Essentials Refined Sugar,60,0,6,60,1000,FALSE,1,15:33.1
648,Munchies,Fortune Kachi Ghani Mustard Oil Bottle,216,7,6,199,1000,FALSE,1,15:33.1
649,Munchies,Saffola Veggie Twist Masala Oats,15,0,6,15,38,FALSE,38,15:33.1
650,Munchies,Satyam Puffed Rice Kurmura (R),23,0,6,23,200,FALSE,200,15:33.1
651,Munchies,Quaker Oats,79,0,2,79,400,FALSE,400,15:33.1
652,Munchies,Aashirvaad Select Sharbati Atta,315,10,6,283,5000,FALSE,5,15:33.1
653,Munchies,Popular Essentials Refined Sugar,295,10,6,265,5000,FALSE,5,15:33.1
654,Munchies,Gowardhan Cow Ghee Pouch,579,10,6,521,1000,FALSE,1,15:33.1
655,Munchies,Dhara Nourish Refined Sunflower Oil Pouch,210,5,6,199,1000,FALSE,1,15:33.1
656,Munchies,Parachute Oil ,40,7,3,37,100,FALSE,100,15:33.1
657,Munchies,Popular Essentials Plain Puffed Rice (Murmura/Muri),18,0,6,18,100,FALSE,100,15:33.1
658,Munchies,Amul Mithai Mate Condensed Sweetened Milk,56,3,4,54,200,FALSE,200,15:33.1
659,Munchies,Saffola Gold (Jar),1240,0,6,1240,5000,FALSE,5,15:33.1
660,Munchies,McCain New Mini Samosa with Cheese Pizza Style Filling,120,1,3,118,240,FALSE,240,15:33.1
661,Munchies,Fortune Rice Bran Health Oil (Jar),1050,1,6,1039,5000,FALSE,5,15:33.1
662,Munchies,Arden Desi Eggs,110,13,4,95,348,FALSE,6,15:33.1
663,Munchies,Fortune Rozana Basmati Rice,585,21,6,462,5000,FALSE,5,15:33.1
664,Munchies,Fortune Biriyani Special Basmati Rice,175,0,5,175,1000,FALSE,1,15:33.1
665,Munchies,Everest Garam Masala,78,7,5,72,100,FALSE,100,15:33.1
666,Munchies,Popular Essentials Pumpkin Seeds,90,16,6,75,100,FALSE,100,15:33.1
667,Munchies,Fortune Soya Health Refined Soybean Oil,210,1,2,206,1000,FALSE,1,15:33.1
668,Munchies,Gowardhan Pure Ghee Pouch,295,4,6,281,500,FALSE,500,15:33.1
669,Munchies,Popular Essentials Jeera/Cumin Seeds,40,5,3,38,100,FALSE,100,15:33.1
670,Munchies,Weikfield Baking Soda,30,3,6,29,100,FALSE,100,15:33.1
671,Munchies,Everest Pav Bhaji Masala,37,10,4,33,50,FALSE,50,15:33.1
672,Munchies,Tata Sampann Unpolished Chana Dal,95,6,2,89,1000,FALSE,500,15:33.1
673,Munchies,Amul Mithai Mate EOE Tin,112,2,6,109,400,FALSE,400,15:33.1
674,Munchies,Pillsbury Chakki Fresh Atta,450,16,6,375,10000,FALSE,10,15:33.1
675,Munchies,Everest Chicken Masala,39,2,1,38,50,FALSE,50,15:33.1
676,Munchies,Dhara Life Refined Ricebran Oil (Pouch),205,7,6,190,1000,FALSE,1,15:33.1
677,Munchies,Borges Extra Virgin Olive Oil,400,25,1,299,250,FALSE,250,15:33.1
678,Munchies,Everest Shahi Biryani Masala,70,14,6,60,50,FALSE,50,15:33.1
679,Munchies,Popular Essentials Californian Almond,350,28,6,251,250,FALSE,250,15:33.1
680,Munchies,Popular Essentials Ajwain Whole,25,0,4,25,50,FALSE,50,15:33.1
681,Munchies,Everest Tikhalal Chilli Powder,235,9,6,212,500,FALSE,500,15:33.1
682,Munchies,Popular Essentials Kabuli Chana Regular,85,9,6,77,500,FALSE,500,15:33.1
683,Munchies,Pillsbury Chakki Fresh Atta,52,0,4,52,1000,FALSE,1,15:33.1
684,Munchies,Popular Essentials Saunf/Fennel Seeds,45,2,6,44,100,FALSE,100,15:33.1
685,Munchies,Popular Essentials Bansi Sooji,35,2,3,34,500,FALSE,500,15:33.1
686,Munchies,Happilo Premium International Queen Kalmi Dates,245,29,6,172,200,FALSE,200,15:33.1
687,Munchies,Tata Sampann Unpolished Urad Whole,101,6,4,94,500,FALSE,500,15:33.1
688,Munchies,Popular Essentials Cashew Split,325,12,6,283,250,FALSE,250,15:33.1
689,Munchies,Popular Essentials Chana Dal (Un-Polished),60,10,6,54,500,FALSE,500,15:33.1
690,Munchies,Tata Sampann Unpolished Rajma (Chitra),134,6,6,125,500,FALSE,500,15:33.1
691,Munchies,Everest Garam Masala,42,2,2,41,50,FALSE,50,15:33.1
692,Munchies,Everest Kitchen King Masala,70,14,2,60,100,FALSE,100,15:33.1
693,Munchies,24 Mantra Organic Cumin,70,7,2,65,100,FALSE,100,15:33.1
694,Munchies,Nestle Milkmaid,132,3,6,128,400,FALSE,400,15:33.1
695,Munchies,Popular Essentials Sona Masouri Steam Rice,65,9,6,59,1000,FALSE,1,15:33.1
696,Munchies,24 Mantra Organic Tur Dal,260,20,6,208,1000,FALSE,1,15:33.1
697,Munchies,Gits Gulab Jamun Instant Dessert Mix,99,10,6,89,200,FALSE,200,15:33.1
698,Munchies,Popular Essentials Black Masoor Whole (Un-Polished),65,10,3,58,500,FALSE,500,15:33.1
699,Munchies,24 Mantra Organic Peanuts,135,7,1,125,500,FALSE,500,15:33.1
700,Munchies,Everest Hingraj Powder,90,10,2,81,50,FALSE,50,15:33.1
701,Munchies,Everest Black Pepper Powder,135,14,6,115,100,FALSE,100,15:33.1
702,Munchies,Tata Sampann Masoor Dal Stand,150,10,4,134,1000,FALSE,1,15:33.1
703,Munchies,24 Mantra Organic Besan,95,7,5,88,500,FALSE,500,15:33.1
704,Munchies,Quaker Oats,199,7,6,184,1000,FALSE,1,15:33.1
705,Munchies,Saffola Gold Refined Cooking Oil (Jar),485,7,6,449,2000,FALSE,2,15:33.1
706,Munchies,Nestle Everyday Dairy Whitener,210,0,4,210,400,FALSE,400,15:33.1
707,Munchies,24 Mantra Organic Red Poha,75,8,1,69,500,FALSE,500,15:33.1
708,Munchies,Everest Powder - Tea Masala,98,9,5,89,100,FALSE,100,15:33.1
709,Munchies,Tata Sampann Urad Dal Split,94,4,6,90,500,FALSE,500,15:33.1
710,Munchies,Popular Essentials Idli Sooji ,30,6,6,28,500,FALSE,500,15:33.1
711,Munchies,Popular Essentials Dessicated Coconut,95,9,6,86,200,FALSE,200,15:33.1
712,Munchies,Sunfeast Yippee! Mood Masala Noodles,60,28,3,43,260,FALSE,260,15:33.1
713,Munchies,Chef's Basket Durum Wheat Elbow Pasta,160,50,6,80,500,FALSE,500,15:33.1
714,Munchies,MTR Breakfast Khatta Meetha Poha Mix,25,20,6,20,60,FALSE,60,15:33.1
715,Munchies,Satyam Khobra,113,10,5,101,200,FALSE,200,15:33.1
716,Munchies,Betty Crocker Complete Pancake Mix Original,110,4,6,105,250,FALSE,500,15:33.1
717,Munchies,Borges Durum Wheat Fusilli Pasta ,250,0,3,250,500,FALSE,500,15:33.1
718,Munchies,24 Mantra Organic Green Moong Dal - Split,135,0,2,135,500,FALSE,500,15:33.1
719,Munchies,Weikfield Vanilla Flavoured Custard Powder,37,0,6,37,100,FALSE,100,15:33.1
720,Munchies,Tata Sampann Moong Dal Split,180,1,5,178,1000,FALSE,200,15:33.1
721,Munchies,Tata Sampann Kala Chana,64,0,5,64,500,FALSE,500,15:33.1
722,Munchies,Saffola Soya Chunks Mealmaker,50,0,2,50,200,FALSE,200,15:33.1
723,Munchies,24 Mantra Bura Sugar (Demerara),80,10,6,72,500,FALSE,500,15:33.1
724,Munchies,Popular Essentials Green Cardamom (Elaichi),200,1,6,198,50,FALSE,50,15:33.1
725,Munchies,Hershey's Syrup Delicious Strawberry,95,0,1,95,200,FALSE,200,15:33.1
726,Munchies,Popular Essentials Anjeer,190,11,4,169,100,FALSE,100,15:33.1
727,Munchies,Popular Essentials Mustard Seeds Rai Small,20,0,2,20,100,FALSE,100,15:33.1
728,Munchies,Weikfield Baking Powder,33,3,6,32,100,FALSE,100,15:33.1
729,Munchies,Dabur Honey Squeezy,185,9,6,167,225,FALSE,225,15:33.1
730,Munchies,Tata Sampann High Protein Kali Urad,91,14,6,78,500,FALSE,500,15:33.1
731,Munchies,Everest Kitchen King Masala,37,2,6,36,50,FALSE,50,15:33.1
732,Munchies,Chef's Basket Durum Wheat Fusilli Pasta,160,50,6,80,500,FALSE,500,15:33.1
733,Munchies,TilSona Til Oil,180,10,2,162,500,FALSE,500,15:33.1
734,Munchies,Top Ramen Chicken Noodles,60,10,1,54,280,FALSE,280,15:33.1
735,Munchies,Everest Chaat Masala,35,2,1,34,50,FALSE,50,15:33.1
736,Munchies,Keya Wonder Red Hot Chilli Flakes,89,10,2,80,40,FALSE,40,15:33.1
737,Munchies,Popular Essentials White Peas (Un-Polished),80,10,5,72,500,FALSE,500,15:33.1
738,Munchies,ChingÆs Secret Chowmein Hakka Noodles Masala ,44,0,2,44,60,FALSE,60,15:33.1
739,Munchies,Dhara Filtered Groundnut Oil (Jar),1050,1,6,1035,5000,FALSE,5,15:33.1
740,Munchies,Pillsbury Choco Chip Pancake Mix,99,5,6,94,165,FALSE,165,15:33.1
741,Munchies,Hershey's Caramel Syrup,230,0,1,230,623,FALSE,623,15:33.1
742,Munchies,Pillsbury Multi Grain Atta,60,6,3,56,1000,FALSE,1,15:33.1
743,Munchies,McCain New Mini Samosa with Cheese Corn Style Filling,120,1,2,118,240,FALSE,240,15:33.1
744,Munchies,Satyam Puffed Rice Kurmura (A),43,0,6,43,200,FALSE,200,15:33.1
745,Munchies,MTR 3 Min Poha,25,0,6,25,60,FALSE,60,15:33.1
746,Munchies,Ching's Manchurian Instant Noodles,15,0,5,15,60,FALSE,60,15:33.1
747,Munchies,Everest Pav Bhaji Masala,70,0,2,70,100,FALSE,100,15:33.1
748,Munchies,Hershey's Chocolate Flavour Syrup,220,6,6,205,623,FALSE,680,15:33.1
749,Munchies,Popular Essentials Dhania (Coriander Seeds),55,16,4,46,200,FALSE,200,15:33.1
750,Munchies,24 Mantra Red Chilly Whole,70,7,1,65,100,FALSE,100,15:33.1
751,Munchies,Dabur Honey - World's No.1,120,0,6,120,250,FALSE,250,15:33.1
752,Munchies,24 Mantra Organic Puffed Rice,40,2,6,39,200,FALSE,200,15:33.1
753,Munchies,24 Mantra Organic Wheat Daliya ,48,2,2,47,500,FALSE,500,15:33.1
754,Munchies,24 Mantra Organic Ragi Flour,65,20,4,52,500,FALSE,500,15:33.1
755,Munchies,Popular Essentials Cinnamon Whole (Dalchini),35,5,6,33,25,FALSE,25,15:33.1
756,Munchies,Sundrop Super Lite Advanced - Sunflower Oil,215,0,4,215,1000,FALSE,1,15:33.1
757,Munchies,Pillsbury Atta/Godihittu - Chakki Fresh,102,7,4,94,2000,FALSE,2,15:33.1
758,Munchies,Popular Essentials Green Moong Chilka/Chilka (Un-Polished),85,7,5,79,500,FALSE,500,15:33.1
759,Munchies,Popular Essentials HMT Kolam Steam,75,0,3,75,1000,FALSE,1,15:33.1
760,Munchies,Popular Essentials Black Urad Split,80,10,4,72,500,FALSE,500,15:33.1
761,Munchies,Keya Oregano,109,10,5,98,9,FALSE,9,15:33.1
762,Munchies,Popular Essentials Pink Rajma,100,10,6,90,500,FALSE,500,15:33.1
763,Munchies,Everest Chicken Masala,74,2,6,72,100,FALSE,100,15:33.1
764,Munchies,Popular Essentials HMT Kolam Steam,370,10,6,333,5000,FALSE,5,15:33.1
765,Munchies,Everest Shahi Paneer Masala,42,4,5,40,50,FALSE,50,15:33.1
766,Munchies,Godrej Yummiez Chicken Nuggets,325,9,1,293,500,FALSE,500,15:33.1
767,Munchies,Flying Bird Vanilla Essence,35,2,6,34,20,FALSE,20,15:33.1
768,Munchies,Everest Sabji Masala,30,3,6,29,50,FALSE,50,15:33.1
769,Munchies,Popular Essentials Californian Almond,695,32,6,470,500,FALSE,500,15:33.1
770,Munchies,Cornitos Cornitos Taco Shells - 4 Inches,110,20,6,88,80,FALSE,80,15:33.1
771,Munchies,Everest Rajma Masala,33,3,5,32,50,FALSE,50,15:33.1
772,Munchies,Popular Essentials White Til,40,5,1,38,100,FALSE,100,15:33.1
773,Munchies,Amul Dark Compound Chocolate Slab,125,2,6,122,500,FALSE,500,15:33.1
774,Munchies,Mothers Recipe Papad Chana Masala,79,10,6,71,200,FALSE,200,15:33.1
775,Munchies,Ching's Schezwan Masala Instant Noodles,60,0,1,60,240,FALSE,240,15:33.1
776,Munchies,Amul Milk Compound Chocolate Slab,110,2,6,107,500,FALSE,500,15:33.1
777,Munchies,Eastern Chicken Masala,70,7,3,65,100,FALSE,100,15:33.1
778,Munchies,Popular Essentials Methi Seeds,25,0,5,25,100,FALSE,100,15:33.1
779,Munchies,Saffola Yummy Masala Noodles ,20,0,2,20,46,FALSE,46,15:33.1
780,Munchies,Cadbury Hot Chocolate,175,5,6,166,200,FALSE,200,15:33.1
781,Munchies,Ching's Chicken Chilli Masala,10,0,6,10,20,FALSE,20,15:33.1
782,Munchies,Dabur Keora water - Authentic flavour for Biryani's and Desserts,62,6,6,58,250,FALSE,250,15:33.1
783,Munchies,Popular Essentials Black Cardamom/Elaichi ,100,10,6,90,50,FALSE,50,15:33.1
784,Munchies,Popular Essentials Idli Rice,60,10,4,54,1000,FALSE,1,15:33.1
785,Munchies,Everest Chole Masala,33,3,1,32,50,FALSE,50,15:33.1
786,Munchies,Dabur Hommade Tamarind Paste,48,6,6,45,200,FALSE,200,15:33.1
788,Munchies,Popular Essentials Cooking Soda,30,10,6,27,200,FALSE,200,15:33.1
789,Munchies,RRO Primio Refined Groundnut Oil Pet Bottle,255,6,2,239,1000,FALSE,1,15:33.1
790,Munchies,Everest Pani Puri Masala,31,3,6,30,50,FALSE,50,15:33.1
791,Munchies,Nissin Cup Noodles Tangy Tomato,50,10,2,45,70,FALSE,70,15:33.1
792,Munchies,Ching's Veg Manchurian Masala,10,0,2,10,20,FALSE,20,15:33.1
793,Munchies,Ceres Foods Fish Mustard Instant Liquid Masala,220,50,6,110,200,FALSE,200,15:33.1
794,Munchies,Everest Garam Masala,158,10,6,142,200,FALSE,200,15:33.1
795,Munchies,24 Mantra Organic Jowar Flour,70,7,6,65,500,FALSE,500,15:33.1
796,Munchies,Maggi Coconut Milkpowder,100,0,6,100,100,FALSE,100,15:33.1
797,Munchies,On1y Pepper Grinder,159,9,1,144,50,FALSE,50,15:33.1
798,Munchies,Popular Essentials Rice Flour,60,0,3,60,1000,FALSE,1,15:33.1
799,Munchies,Sunfeast Yippee! Pasta Treat - Sour Cream Onion,28,10,1,25,65,FALSE,65,15:33.1
800,Munchies,24 Mantra Organic Brown Sona Masoori Rice,95,0,6,95,1000,FALSE,1,15:33.1
801,Munchies,Happilo Premium Afghani Anjeer,365,29,2,256,200,FALSE,200,15:33.1
802,Munchies,Popular Essentials Chiroti Sooji,35,2,6,34,500,FALSE,500,15:33.1
803,Munchies,RRO Til Dil Premium Til Oil Bottle,330,10,5,294,1000,FALSE,1,15:33.1
804,Munchies,Popular Essentials Red Rajma,90,10,6,81,500,FALSE,500,15:33.1
805,Munchies,Cornitos Peanut - Premium Salted ,120,10,6,108,150,FALSE,150,15:33.1
806,Munchies,Popular Essentials Black Pepper,100,10,5,90,100,FALSE,100,15:33.1
807,Munchies,24 Mantra Organic Tur Dal - Split,130,7,6,120,500,FALSE,500,15:33.1
808,Munchies,Sugarfree Gold Low Calorie Sweetner,65,6,3,61,110,FALSE,100,15:33.1
809,Munchies,Ching's Secret Paneer Chilli Masala,10,0,2,10,20,FALSE,20,15:33.1
810,Munchies,Dabur Honey ,220,7,3,204,500,FALSE,500,15:33.1
811,Munchies,Sunfeast Yippee! Pasta Treat - Sour Cream Onion,28,17,3,23,65,FALSE,65,15:33.1
812,Munchies,Everest Tea Masala,55,9,2,50,50,FALSE,50,15:33.1
813,Munchies,Ching's Paneer Chilli Masala,44,0,4,44,60,FALSE,60,15:33.1
814,Munchies,Sunfeast YiPPee! Magic Masala Noodles,70,10,3,63,405,FALSE,405,15:33.1
815,Munchies,Everest Meat Masala Powder,74,9,3,67,100,FALSE,100,15:33.1
816,Munchies,Pillsbury Atta With Multigrains Wheat Grains,295,16,6,245,5000,FALSE,5,15:33.1
817,Munchies,Mother's Recipe Tamarind Paste,50,2,6,49,200,FALSE,200,15:33.1
818,Munchies,Quaker Oats Breakfast Cereals - With Flavour Mix Nutritious Rich Source Of Energy,49,8,6,45,200,FALSE,200,15:33.1
819,Munchies,Popular Essentials Cloves (Lavang),75,17,6,62,50,FALSE,50,15:33.1
820,Munchies,Sunfeast Yippee! Power Up Atta Noodles,96,15,6,81,280,FALSE,280,15:33.1
821,Munchies,Suhana Paneer Tikka Masala Mix,40,5,6,38,50,FALSE,50,15:33.1
822,Munchies,24 Mantra Turmeric Powder,35,2,6,34,100,FALSE,100,15:33.1
823,Munchies,24 Mantra Super Grain Quinoa,190,0,4,190,500,FALSE,500,15:33.1
824,Munchies,Everest Powder - Egg Curry Masala,40,2,6,39,50,FALSE,50,15:33.1
825,Munchies,Popular Essentials Pe Shah Jeera ,60,15,6,51,50,FALSE,50,15:33.1
826,Munchies,24 Mantra Organic Sattu Atta,95,0,6,95,500,FALSE,500,15:33.1
827,Munchies,Smith & Jones Pasta Masala,46,0,6,46,54,FALSE,54,15:33.1
828,Munchies,Weikfield Vanilla Custard Powder,142,9,3,128,500,FALSE,500,15:33.1
829,Munchies,Sugarfree Natura Low Calorie Sweetner ,300,10,3,270,42,FALSE,42,15:33.1
830,Munchies,Pillsbury Vanilla Custard Powder,37,2,6,36,100,FALSE,100,15:33.1
831,Munchies,24 Mantra Organic Rajma,145,0,6,145,500,FALSE,500,15:33.1
832,Munchies,Popular Essentials Broken Wheat/Daliya,35,2,6,34,500,FALSE,500,15:33.1
833,Munchies,Zorabian Chicken Smoked Ham,205,5,1,194,250,FALSE,250,15:33.1
834,Munchies,Smith & Jones Peri Peri Masala,99,0,6,99,75,FALSE,75,15:33.1
835,Munchies,Saffola Veggie Twist Masala Oats,195,12,2,171,500,FALSE,500,15:33.1
836,Munchies,Popular Essentials Urad Dal Split (Un-Polished),85,9,5,77,500,FALSE,500,15:33.1
837,Munchies,Weikfield Baking Powder,22,0,6,22,50,FALSE,50,15:33.1
838,Munchies,Popular Essentials Bajra Whole,65,13,6,56,1000,FALSE,1,15:33.1
839,Munchies,Weikfield Veg Jelly Crystals - Strawberry,45,2,6,44,90,FALSE,90,15:33.1
840,Munchies,Weikfield Veg Jelly Crystals - Raspberry,45,2,6,44,90,FALSE,90,15:33.1
841,Munchies,Popular Essentials Masoor Dal Split (Un-Polished),70,10,4,63,500,FALSE,500,15:33.1
842,Munchies,Popular Essentials Ajwain Whole,50,12,2,44,100,FALSE,100,15:33.1
843,Munchies,Popular Essentials Pista Salted (With Shell),470,21,5,371,250,FALSE,250,15:33.1
844,Munchies,The Bake Shop Bread Crumbs,50,6,3,47,400,FALSE,400,15:33.1
845,Munchies,Popular Essentials Horse Gram,40,10,4,36,500,FALSE,500,15:33.1
846,Munchies,Hershey's Chocolate Syrup,95,0,4,95,200,FALSE,200,15:33.1
847,Munchies,Godrej Yummiez Chilli Chicken Sausages ,160,10,3,144,250,FALSE,250,15:33.1
848,Munchies,Everest Kasuri Methi,25,0,6,25,25,FALSE,25,15:33.1
849,Munchies,Satyam Makhana,208,0,6,208,100,FALSE,100,15:33.1
850,Munchies,Everest Tandoori Chicken Masala,39,2,5,38,50,FALSE,50,15:33.1
851,Munchies,Weikfield Falooda Mix - Kesar Pista,49,2,3,48,200,FALSE,200,15:33.1
852,Munchies,Weikfield Cocoa Powder,70,7,6,65,50,FALSE,50,15:33.1
853,Munchies,Pantai Coconut Cream,150,4,4,143,400,FALSE,400,15:33.1
854,Munchies,Popular Essentials Coriander Seeds,15,0,5,15,50,FALSE,50,15:33.1
855,Munchies,Ching's Singapore Curry Instant Noodles,60,0,4,60,240,FALSE,240,15:33.1
856,Munchies,Eastern Fish Masala,48,2,5,47,100,FALSE,100,15:33.1
857,Munchies,Pillsbury Atta/Godihittu - Chakki Fresh,275,0,6,275,5000,FALSE,5,15:33.1
859,Munchies,Everest Dry Ginger Powder,75,9,4,68,100,FALSE,100,15:33.1
860,Munchies,Pillsbury Cooker Cake Mix - Choco,100,11,6,89,159,FALSE,159,15:33.1
861,Munchies,Hersheys Chocolate Almond Syrup,200,0,2,200,450,FALSE,450,15:33.1
862,Munchies,Satyam Nighties Spices  Chilli Pandi,56,7,5,52,100,FALSE,100,15:33.1
863,Munchies,Popular Essentials Popular Essential Pista Salted (With Shell),190,10,6,171,100,FALSE,100,15:33.1
864,Munchies,Godrej Yummiez Chicken Punjabi Tikka ,295,9,6,266,360,FALSE,360,15:33.1
865,Munchies,Popular Essentials Rozana Sona Masuri Raw Rice,350,10,5,312,5000,FALSE,5,15:33.1
866,Munchies,24 Mantra Mustard Oil (Cold Pressed) ,350,10,6,312,1000,FALSE,1,15:33.1
867,Munchies,24 Mantra Organic Black Pepper,170,7,6,157,100,FALSE,100,15:33.1
868,Munchies,Popular Essentials Green Moong Whole,90,16,3,75,500,FALSE,500,15:33.1
869,Munchies,24 Mantra Organic Masoor Dal - Split,95,7,6,88,500,FALSE,500,15:33.1
870,Munchies,Praakritik Organic Natural Rock Salt,60,6,3,56,500,FALSE,500,15:33.1
871,Munchies,24 Mantra Sunflower Oil (Cold Pressed) Pet Bottle,390,11,5,347,1000,FALSE,1,15:33.1
873,Munchies,Saffola Everyday Peppy Tomato Masala Oats,195,12,6,171,500,FALSE,500,15:33.1
874,Munchies,Dabur 100% Pure Honey - Worlds No.1,430,10,6,387,1000,FALSE,1,15:33.1
875,Munchies,Popular Essentials Star Anise,70,10,5,63,25,FALSE,25,15:33.1
876,Munchies,Ching's Secret Chicken 65 Masala - Chicken,10,0,5,10,20,FALSE,20,15:33.1
877,Munchies,Cadbury Cocoa Powder,223,5,6,211,150,FALSE,150,15:33.1
878,Munchies,Praakritik Natural Desi Gir Cow A2 Ghee,1450,10,6,1305,540,FALSE,540,15:33.1
879,Munchies,Praakritik Organic Poha,120,6,5,112,500,FALSE,500,15:33.1
880,Munchies,Praakritik Organic Natural Wild Forest Honey,160,6,4,150,200,FALSE,200,15:33.1
881,Munchies,Popular Essentials Dry Dates (Kharak),140,15,6,118,250,FALSE,250,15:33.1
882,Munchies,Popular Essentials Kashmiri Red Rajma,95,6,4,89,500,FALSE,500,15:33.1
883,Munchies,Dabur Hommade - Garlic Paste,50,6,6,47,200,FALSE,200,15:33.1
884,Munchies,Dabur 100% Pure Honey,330,10,1,297,400,FALSE,400,15:33.1
885,Munchies,Ching's Schezwan Fried Rice(Miracle Masala),44,0,5,44,60,FALSE,60,15:33.1
887,Munchies,Everest Tandoori Chicken Masala,74,9,3,67,100,FALSE,100,15:33.1
888,Munchies,Popular Essentials Red Poha,45,4,6,43,500,FALSE,500,15:33.1
889,Munchies,Everest Kitchen King Masala,142,9,6,128,200,FALSE,200,15:33.1
890,Munchies,Pillsbury Oven Cake Mix - Rich Chocolate,165,10,5,147,285,FALSE,285,15:33.1
891,Munchies,Eastern Super Garam Masala,74,6,2,69,200,FALSE,200,15:33.1
892,Munchies,Maggi Magic Cubes Extra Chicken,40,2,6,39,48,FALSE,48,15:33.1
893,Munchies,Satyam Nighties Spices  Chilli Kashmiri,102,6,6,95,100,FALSE,100,15:33.1
894,Munchies,Eastern Cumin Powder,49,2,6,48,100,FALSE,100,15:33.1
895,Munchies,Popular Essentials Urad Gola White(Un-Polished),90,10,6,81,500,FALSE,500,15:33.1
896,Munchies,24 Mantra Organic Chana Dal,95,6,5,89,500,FALSE,500,15:33.1
897,Munchies,Delight Nuts Cashew Roasted & Salted,425,20,6,340,200,FALSE,200,15:33.1
898,Munchies,Popular Essentials Mace/Javitri,90,10,3,81,20,FALSE,20,15:33.1
899,Munchies,Dlicia Whip Topping Bottle,235,27,5,171,1000,FALSE,1,15:33.1
900,Munchies,Mother's Recipe Paste Ginger & Garlic,76,10,4,68,300,FALSE,300,15:33.1
901,Munchies,24 Mantra Groundnut Oil (Cold Pressed) Pet Bottle,410,10,6,369,1000,FALSE,1,15:33.1
902,Munchies,Satyam Pulses Masur Dal,87,6,6,81,500,FALSE,500,15:33.1
903,Munchies,Delight Nuts Pista Roasted & Salted,425,20,6,340,200,FALSE,200,15:33.1
905,Munchies,Hershey's Cocoa Powder,95,0,5,95,70,FALSE,70,15:33.1
906,Munchies,Praakritik Organic Singhara Atta,240,6,4,225,500,FALSE,500,15:33.1
907,Munchies,Gits Veg Biryani Ready to Eat,110,10,6,99,265,FALSE,265,15:33.1
908,Munchies,Delight Nuts Cranberries Sliced ,299,20,6,239,200,FALSE,200,15:33.1
909,Munchies,Borges Durum Wheat Pasta Superior Quality,250,40,6,149,500,FALSE,500,15:33.1
910,Munchies,Ceres Foods Laal Maas Instant Liquid Masala,220,50,5,110,200,FALSE,200,15:33.1
911,Munchies,Popular Essentials Sattu Atta,90,12,3,79,500,FALSE,500,15:33.1
912,Munchies,Popular Essentials Mustard Seeds Rai Yellow,25,0,5,25,100,FALSE,100,15:33.1
913,Munchies,Praakritik Organic Extra Virgin Coconut Oil,150,10,5,134,100,FALSE,100,15:33.1
914,Munchies,Praakritik Organic Garlic Powder,110,1,5,108,100,FALSE,100,15:33.1
915,Munchies,Sugarfree Gold Low Calorie Sweetner ,125,5,6,118,100,FALSE,100,15:33.1
916,Munchies,Aashirvaad Breakfast Instant Mix - Rice Idli,75,30,6,52,200,FALSE,200,15:33.1
917,Munchies,Kitchens Of India Mutter Paneer,130,4,6,124,285,FALSE,285,15:33.1
918,Munchies,Ching's Secret Veg Manchurian Masala,44,0,6,44,60,FALSE,60,15:33.1
919,Munchies,Popular Essentials Jowa Flour,50,2,5,49,500,FALSE,500,15:33.1
920,Munchies,Everest Shahi Biryani Masala,245,0,6,245,200,FALSE,200,15:33.1
921,Munchies,Popular Essentials Black Til,50,6,4,47,100,FALSE,100,15:33.1
922,Munchies,Popular Essentials Pancharatna Dal,80,10,6,72,500,FALSE,500,15:33.1
923,Munchies,Saffola 100% Pure Honey,475,8,2,437,1000,FALSE,750,15:33.1
924,Munchies,Popular Essentials Tamarind,150,14,6,128,500,FALSE,500,15:33.1
925,Munchies,Gits Rice Dosa Instant Breakfast Mix,60,5,5,57,200,FALSE,200,15:33.1
926,Munchies,Popular Essentials Poppy Seeds (Gasagase),280,7,6,260,100,FALSE,100,15:33.1
927,Munchies,Hershey's Hot Chocolate Powder,210,0,4,210,250,FALSE,250,15:33.1
928,Munchies,Borges Farfalle Durum Wheat Pasta ,250,0,5,250,500,FALSE,500,15:33.1
929,Munchies,Satyam Chilli  Bedgi,82,10,5,73,100,FALSE,100,15:33.1
930,Munchies,Aashirvaad Instant Mix - Rice Dosa,75,30,6,52,200,FALSE,200,15:33.1
931,Munchies,Hershey's Cocoa - Natural Unsweetened,270,10,4,243,225,FALSE,225,15:33.1
932,Munchies,Weikfield Veg Jelly Crystals - Mango,45,2,6,44,90,FALSE,90,15:33.1
933,Munchies,Praakritik Orrganic Cold Pressed Sesame Oil,130,10,5,117,100,FALSE,100,15:33.1
934,Munchies,Amulya Dairy Whitener ,380,2,4,372,1000,FALSE,1,15:33.1
935,Munchies,ITC Master Chef Hyderabadi Biryani,75,30,5,52,80,FALSE,80,15:33.1
936,Munchies,Flying Bird Butter Scotch Essence,50,2,6,49,20,FALSE,20,15:33.1
937,Munchies,Dabur Hommade - Ginger Paste,50,6,6,47,200,FALSE,200,15:33.1
938,Munchies,Popular Essentials Green Peas (Un-Polished),120,10,5,108,500,FALSE,500,15:33.1
939,Munchies,Quaker Oats Pouch,276,10,6,248,1500,FALSE,1,15:33.1
940,Munchies,24 Mantra Organic Urad White Whole,145,15,4,122,500,FALSE,500,15:33.1
941,Munchies,Popular Essentials Guntur Chilli Stemless,40,2,2,39,100,FALSE,100,15:33.1
942,Munchies,Popular Essentials Moth Whole,90,10,6,81,500,FALSE,500,15:33.1
943,Munchies,Keya Pizza Seasoning,109,17,6,90,45,FALSE,45,15:33.1
944,Munchies,Keya Piri Piri | Exotic Spices Mix,109,20,6,87,80,FALSE,80,15:33.1
945,Munchies,24 Mantra Organic Moong Dal,135,7,6,125,500,FALSE,500,15:33.1
946,Munchies,Betty Crocker French Vanilla Cake Mix,310,10,6,276,520,FALSE,520,15:33.1
947,Munchies,Delight Nuts Dried Cranberries ,340,20,6,272,200,FALSE,200,15:33.1
948,Munchies,Everest Kesari Milk Masala,205,0,2,205,50,FALSE,50,15:33.1
949,Munchies,Tong Garden Salted Cocktail Nuts,295,9,5,266,160,FALSE,160,15:33.1
950,Munchies,MTR Uttapam Mix,165,5,6,156,500,FALSE,500,15:33.1
951,Munchies,Gits Khaman Dhokla Instant Snack Mix,65,6,6,61,180,FALSE,180,15:33.1
952,Munchies,Happilo Premium 100% Natural Whole Cashews,335,29,6,235,200,FALSE,200,15:33.1
953,Munchies,Everest Dry Mango Powder,80,0,5,80,100,FALSE,100,15:33.1
954,Munchies,Dabur Hommade - Ginger Garlic Past Tub,110,5,6,104,400,FALSE,400,15:33.1
955,Munchies,Everest Chicken Masala,147,10,6,132,200,FALSE,200,15:33.1
956,Munchies,Gits Medu Vada Instant Snack Mix,90,4,6,86,200,FALSE,200,15:33.1
957,Munchies,Weikfield Drinking Chocolate Powder,65,10,6,58,100,FALSE,100,15:33.1
958,Munchies,Popular Essentials Regular White Lobia,70,10,6,63,500,FALSE,500,15:33.1
959,Munchies,Puro Healthy Salt Crystal,135,7,6,125,1000,FALSE,1,15:33.1
960,Munchies,Popular Essentials Premium Jeera Rice,140,0,5,140,1000,FALSE,1,15:33.1
961,Munchies,Smith & Jones Shahi Paneer Masala Mix,44,0,6,44,60,FALSE,60,15:33.1
962,Munchies,Betty Crocker Mug Treats - Chocolate Mix - Pack of 4,200,11,6,178,264,FALSE,264,15:33.1
963,Munchies,Smith & Jones Pasta Masala,60,10,5,54,108,FALSE,108,15:33.1
964,Munchies,Catch Black Pepper Sprinkler,100,0,1,100,50,FALSE,50,15:33.1
965,Munchies,Weikfield Cooker Cake Mix - Chocolate,95,6,6,89,150,FALSE,150,15:33.1
966,Munchies,ITC Master Chef Butter Chicken,75,30,6,52,80,FALSE,80,15:33.1
967,Munchies,Masala Oats Masala & Coriander ,195,9,5,176,500,FALSE,500,15:33.1
968,Munchies,Smith & Jones Mutter Paneer Masala,42,0,6,42,60,FALSE,60,15:33.1
969,Munchies,Kitchens of India Dal Bukhara Gravy Mix,110,30,6,77,285,FALSE,285,15:33.1
970,Munchies,Popular Essentials Fried Gram (Bengal Gram),70,10,6,63,500,FALSE,500,15:33.1
971,Munchies,Gits Jalebi with Maker Dessert Mix,75,16,6,63,100,FALSE,100,15:33.1
972,Munchies,Popular Essentials Soya Beans ,80,6,6,75,500,FALSE,500,15:33.1
973,Munchies,24 Mantra Organic Roasted Bengal Gram Dal,105,7,6,97,500,FALSE,500,15:33.1
974,Munchies,Keya Italian Seasoning,109,10,6,98,35,FALSE,35,15:33.1
975,Munchies,MTR Idli/Dosa/Chilly Chutney Powder,115,0,3,115,200,FALSE,200,15:33.1
976,Munchies,Delight Nuts Trail Mix ,399,25,6,299,200,FALSE,200,15:33.1
977,Munchies,Praakritik Organic Chilka Moong Dal,120,10,6,108,500,FALSE,500,15:33.1
978,Munchies,Smith & Jones Garlic & Herbs Masala Mix,99,0,6,99,75,FALSE,75,15:33.1
979,Munchies,Eastern Tamarind,63,0,6,63,200,FALSE,200,15:33.1
980,Munchies,Tong Garden Wasabi Coated Greenpeas Tin,200,11,6,178,180,FALSE,180,15:33.1
981,Munchies,Flying Bird Pineapple Artifical Food Essence,50,2,6,49,20,FALSE,20,15:33.1
982,Munchies,Mother's Recipe Tamarind Paste,50,2,2,49,200,FALSE,200,15:33.1
983,Munchies,Japanese Choice Udon Noodles,295,9,6,266,250,FALSE,250,15:33.1
984,Munchies,Pantai Coconut Milk,150,0,4,150,400,FALSE,400,15:33.1
985,Munchies,Praakritik Organic Masoor Dal,130,10,6,116,500,FALSE,500,15:33.1
986,Munchies,Popular Essentials Classic Sona Masuri Rice,430,10,6,387,5000,FALSE,5,15:33.1
987,Munchies,Popular Essentials Salted Murmure ,70,18,6,57,400,FALSE,400,15:33.1
988,Munchies,Oleev Active Oil (Pouch),265,9,6,239,1000,FALSE,1,15:33.1
989,Munchies,Delight Nuts Dried Blueberries ,540,20,6,432,150,FALSE,150,15:33.1
990,Munchies,Popular Essentials Double Beans White,60,10,6,54,250,FALSE,250,15:33.1
991,Munchies,Delight Nuts Almond Natural ,349,20,6,279,200,FALSE,200,15:33.1
992,Munchies,Praakritik Organic Jaggery,160,6,6,150,900,FALSE,900,15:33.1
993,Munchies,Praakritik Organic Raw Sugar,90,6,6,84,500,FALSE,500,15:33.1
994,Munchies,MTR Masala - Sambar Powder,115,0,4,115,200,FALSE,200,15:33.1
995,Munchies,RRO Til Dil Premium Til Oil Bottle,173,6,6,162,500,FALSE,500,15:33.1
996,Munchies,ITC Master Chef Vegetable Biryani Cooking Paste,75,30,5,52,80,FALSE,80,15:33.1
997,Munchies,Jivana Jaggery,100,0,2,100,950,FALSE,950,15:33.1
998,Munchies,Praakritik Organic Besan,170,6,6,159,500,FALSE,500,15:33.1
999,Munchies,MTR Instant Gulab Jamun Mix,195,9,6,176,500,FALSE,500,15:33.1
1000,Munchies,Maggi Magic Cubes Extra Chicken,199,0,2,199,240,FALSE,240,15:33.1
1001,Munchies,On1y Mixed Herbs,99,0,6,99,14,FALSE,14,15:33.1
1002,Munchies,Popular Essentials Urad Gola Black (Un-Polished),80,10,6,72,500,FALSE,500,15:33.1
1003,Munchies,Gits Dessert Mix China Grass Bombay Halwa,55,0,4,55,80,FALSE,80,15:33.1
1004,Munchies,Praakritik Organic Basmati Rice,170,0,5,170,500,FALSE,500,15:33.1
1005,Munchies,Ceres Foods Nalli Nihari Instant Liquid Masala,220,50,6,110,200,FALSE,200,15:33.1
1006,Munchies,Borges Canola Oil Pet Bottle,399,0,6,399,1000,FALSE,1,15:33.1
1007,Munchies,Suhana Biryani Masala,66,0,6,66,50,FALSE,50,15:33.1
1008,Munchies,On1y Black Salt Grinder,99,0,6,99,100,FALSE,100,15:33.1
1009,Munchies,Popular Essentials Nylon Til,40,2,6,39,100,FALSE,100,15:33.1
1010,Munchies,Pillsbury Rich Choco Oven Cake Mix - Egg Free,170,6,6,159,270,FALSE,270,15:33.1
1011,Munchies,Weikfield Tomato Salsa Instant Pasta,25,0,1,25,77,FALSE,77,15:33.1
1012,Munchies,Praakritik Organic Jowar Atta,110,6,6,103,500,FALSE,500,15:33.1
1013,Munchies,Sugarfree Gold Low Calorie Sweetner ,270,7,6,251,50,FALSE,50,15:33.1
1014,Munchies,Epicurea Thai Jasmine Rice,295,0,4,295,500,FALSE,500,15:33.1
1015,Munchies,Yummiez Chicken Garlic Fingers Pouch,250,0,5,250,400,FALSE,400,15:33.1
1016,Munchies,RRO Primio Refined Groundnut (Jar),490,11,6,436,2000,FALSE,2,15:33.1
1017,Munchies,Praakritik Organic Tuvar Dal,140,0,6,140,500,FALSE,500,15:33.1
1018,Munchies,Sugarfree Gold Low Calorie Sweetner,185,5,3,175,300,FALSE,300,15:33.1
1019,Munchies,Cantina Beans Mexican Beans,250,14,6,213,410,FALSE,410,15:33.1
1020,Munchies,Pillsbury Oven Cake Mix - Vanilla,175,10,6,156,225,FALSE,225,15:33.1
1021,Munchies,Hershey's Chocolate Milk Booster,200,0,6,200,450,FALSE,450,15:33.1
1022,Munchies,Popular Essentials Byadagi Chilli Stemless,80,0,6,80,100,FALSE,100,15:33.1
1023,Munchies,Suhana Spice Mix - Chicken Biryani,66,0,6,66,50,FALSE,50,15:33.1
1024,Munchies,Praakritik Organic Yellow Moon Dal,135,0,6,135,500,FALSE,500,15:33.1
1025,Munchies,Maggi Magic Cubes Extra Chicken,199,10,6,179,240,FALSE,240,15:33.1
1026,Munchies,Dhara Filtered Groundnut Oil (Jar),1050,0,2,1050,5000,FALSE,5,15:33.1
1027,Munchies,24 Mantra Sona Masuri Brown Rice,475,10,6,423,5000,FALSE,5,15:33.1
1028,Munchies,24 Mantra Organic Pancharatna Dal - Split,130,7,6,120,500,FALSE,500,15:33.1
1029,Munchies,24 Mantra Organic Cumin Powder,70,0,6,70,100,FALSE,100,15:33.1
1030,Munchies,Popular Essentials Samba Broken Wheat,100,11,6,89,500,FALSE,500,15:33.1
1031,Munchies,Betty Crocker Chocolate Fudge Cake Mix,295,0,6,295,475,FALSE,475,15:33.1
1032,Munchies,Borges Extra Light Olive Oil Bottle ,2600,46,6,1399,2000,FALSE,2,15:33.1
1033,Munchies,Flying Bird Premium Orange Artificial Food Essence,60,0,6,60,20,FALSE,20,15:33.1
1034,Munchies,Popular Essentials Red Cherry/Gundu Chilli,95,0,6,95,100,FALSE,100,15:33.1
1035,Munchies,Super Saver Kolam Rice Sortex Clean ,700,10,3,630,5000,FALSE,5,15:33.1
1036,Munchies,Flying Bird Food Essence - Kewra,50,0,6,50,20,FALSE,20,15:33.1
1037,Munchies,MTR Vada Breakfast,200,0,1,200,500,FALSE,500,15:33.1
1038,Munchies,On1y Pasta Seasoning,99,0,6,99,30,FALSE,30,15:33.1
1039,Munchies,Praakritik Organic Indrayani Rice,70,0,6,70,500,FALSE,500,15:33.1
1040,Munchies,On1y Pizza Seasoning,99,0,6,99,28,FALSE,28,15:33.1
1041,Munchies,Kitchens of India Mutter Paneer Mix,120,30,4,84,285,FALSE,285,15:33.1
1042,Munchies,Aashirvaad Svasti Cow Ghee Tetra Pack,295,0,6,295,500,FALSE,500,15:33.1
1043,Munchies,Weikfield Cooker Cake Mix - Vanilla,95,0,6,95,150,FALSE,150,15:33.1
1044,Munchies,Praakritik Organic Kapli Wheat Atta,165,10,6,147,1000,FALSE,1,15:33.1
1045,Munchies,Epicurea Sushi Rice,295,0,6,295,500,FALSE,500,15:33.1
1046,Munchies,Sugarfree Natural Green Stevia Leaves Zero Calorie,75,0,2,75,100,FALSE,100,15:33.1
1047,Munchies,Smith & Jones Italian Spices Masala Mix,99,0,6,99,75,FALSE,75,15:33.1
1048,Munchies,Satyam Nighties Spices  Chilli Bore,89,10,6,80,100,FALSE,100,15:33.1
1049,Munchies,Weikfield Veg Jelly Crystals - Orange,45,2,6,44,90,FALSE,90,15:33.1
1050,Munchies,Praakritik Organic Jumbo Rolled Oats,190,11,6,169,500,FALSE,500,15:33.1
1051,Munchies,On1y Sea Salt Grinder,89,0,6,89,100,FALSE,100,15:33.1
1052,Munchies,Delight Nuts Berries Mix ,399,20,6,319,200,FALSE,200,15:33.1
1053,Munchies,Everest Kesari Milk Masala,205,0,6,205,50,FALSE,20,15:33.1
1054,Munchies,Praakritik Organic Ginger Powder,139,10,6,125,100,FALSE,100,15:33.1
1055,Munchies,Suhana Mutton Gravy Mix,45,0,4,45,80,FALSE,80,15:33.1
1056,Munchies,On1y Salad Seasoning Grinder,139,0,6,139,45,FALSE,45,15:33.1
1057,Munchies,Figaro Pure Olive Oil,325,8,1,299,200,FALSE,200,15:33.1
1058,Munchies,Madhur Sugar,60,6,0,56,1000,TRUE,1,15:33.1
1059,Munchies,Amul Fresh Cream,63,0,0,63,250,TRUE,250,15:33.1
1060,Munchies,Madhur Pure And Hygienic Sugar,295,9,0,266,5000,TRUE,5,15:33.1
1061,Munchies,Satyam Poha Jada,35,8,0,32,500,TRUE,500,15:33.1
1062,Munchies,Aashirvaad Superior MP Whole Wheat Atta,53,1,0,52,1000,TRUE,1,15:33.1
1063,Munchies,Fortune Soyabean Oil,210,13,0,181,1000,TRUE,1,15:33.1
1064,Munchies,Maggi Masala Ae Magic,58,6,0,54,72,TRUE,72,15:33.1
1065,Munchies,Aashirvaad Iodised Salt ,22,13,0,19,1000,TRUE,1,15:33.1
1066,Munchies,Maggi 2-Minute Instant Noodles - Masala,44,0,0,44,280,TRUE,280,15:33.1
1067,Munchies,Popular Essentials Phool Makhana (Jumbo Size),150,14,0,128,100,TRUE,100,15:33.1
1068,Munchies,Aashirvaad Atta With Mutigrains,315,8,0,287,5000,TRUE,5,15:33.1
1069,Munchies,Tata Sampann Poha,44,6,0,41,500,TRUE,500,15:33.1
1070,Munchies,Fortune Besan Flour,120,0,0,120,1000,TRUE,1,15:33.1
1071,Munchies,Popular Essentials Toor Dal (Un-Polished),80,7,0,74,500,TRUE,500,15:33.1
1072,Munchies,Everest Tikhalal Hot & Red Chilly Powder,47,2,0,46,100,TRUE,100,15:33.1
1073,Munchies,Popular Essentials Chia Seeds,50,2,0,49,100,TRUE,100,15:33.1
1074,Munchies,Tata Sampann Unpolished Toor Dal/Arhar Dal,179,1,0,177,1000,TRUE,200,15:33.1
1075,Munchies,Everest Coriander Powder,32,3,0,31,100,TRUE,100,15:33.1
1076,Munchies,Satyam Thin Poha Patla,38,7,0,35,500,TRUE,500,15:33.1
1077,Munchies,Popular Essentials Sona Masouri Raw Rice,75,0,0,75,1000,TRUE,1,15:33.1
1078,Munchies,Tata Sampann High Protien Chana Dal - Split,64,0,0,64,500,TRUE,500,15:33.1
1079,Munchies,Satyam Singdana ,119,6,0,111,500,TRUE,500,15:33.1
1080,Munchies,Tata Sampann Moong Chilka ,88,6,0,82,500,TRUE,500,15:33.1
1081,Munchies,Tata Sampann High Protien Toor Dal - Split,91,2,0,89,500,TRUE,500,15:33.1
1082,Munchies,Ching's Chow Mein Hakka Noodles Masala,10,0,0,10,20,TRUE,20,15:33.1
1083,Munchies,Everest Chat Masala,65,9,0,59,100,TRUE,100,15:33.1
1084,Munchies,Popular Essentials Black Brown Chana (Un-Polished),55,9,0,50,500,TRUE,500,15:33.1
1085,Munchies,Dabur Ginger Garlic Paste,50,6,0,47,200,TRUE,200,15:33.1
1086,Munchies,Ching's Secret Veg Hakka Noodles,107,0,0,107,600,TRUE,600,15:33.1
1087,Munchies,Saffola Oats 100 % Natural,15,0,0,15,38,TRUE,38,15:33.1
1088,Munchies,Everest Kashmiri Lal Chilli Powder,310,10,0,279,500,TRUE,500,15:33.1
1089,Munchies,Popular Essentials Black Raisins Seedless,60,10,0,54,100,TRUE,100,15:33.1
1090,Munchies,Daawat Rozana Super Basmati Rice,79,0,0,79,1000,TRUE,1,15:33.1
1091,Munchies,Everest Cumin Powder (Jeera),30,3,0,29,50,TRUE,50,15:33.1
1092,Munchies,Everest Sambhar Masala,34,2,0,33,50,TRUE,50,15:33.1
1093,Munchies,Maggi Chilly Chow Cuppa Noodles,50,0,0,50,70,TRUE,70,15:33.1
1094,Munchies,Popular Essentials Mustard Seeds Rai Big,20,0,0,20,100,TRUE,100,15:33.1
1095,Munchies,Patanjali Cow's Ghee,565,0,0,565,1000,TRUE,1,15:33.1
1096,Munchies,Everest Amchur Powder,42,2,0,41,50,TRUE,50,15:33.1
1097,Munchies,Daawat Super Basmati Rice,185,8,0,169,1000,TRUE,1,15:33.1
1098,Munchies,Popular Essentials Sabudana,60,10,0,54,500,TRUE,500,15:33.1
1099,Munchies,Popular Essentials Brown Sugar,40,0,0,40,500,TRUE,500,15:33.1
1100,Munchies,Everest Coriander Powder,70,10,0,63,200,TRUE,200,15:33.1
1101,Munchies,Sunfeast Yippee! Magic Masala Noodles,48,6,0,45,240,TRUE,240,15:33.1
1102,Munchies,Tata Tea Gold,35,0,0,35,100,TRUE,200,15:33.1
1103,Munchies,Daawat Rozana Gold Basmati Rice,90,1,0,89,1000,TRUE,1,15:33.1
1104,Munchies,Top Ramen Masala,91,9,0,82,560,TRUE,560,15:33.1
1105,Munchies,Everest Turmeric Powder,67,10,0,60,200,TRUE,200,15:33.1
1106,Munchies,Popular Essentials Buckwheat Flour (Kuttu Atta),125,9,0,113,500,TRUE,500,15:33.1
1107,Munchies,Keya Italian Pizza Oregano,109,11,0,97,80,TRUE,80,15:33.1
1108,Munchies,Chef's Basket Durum Wheat Penne Pasta,160,50,0,80,500,TRUE,500,15:33.1
1109,Munchies,Tata Sampann Kala Chana,125,0,0,125,1000,TRUE,1,15:33.1
1110,Munchies,India Gate Basmati Rice,210,0,0,210,1000,TRUE,1,15:33.1
1111,Munchies,24 Mantra Organic Whole Wheat Atta,64,7,0,59,1000,TRUE,1,15:33.1
1112,Munchies,Zorabian Chicken Kheema Parathas,190,0,0,190,300,TRUE,300,15:33.1
1113,Munchies,Sunfeast Pasta Treat Pack of Tomato Cheese,28,17,0,23,65,TRUE,65,15:33.1
1114,Munchies,Sugarlite 50% Less Calories Sugar Pouch,99,40,0,59,500,TRUE,500,15:33.1
1115,Munchies,Popular Essentials Sabja/Basil Seeds,60,15,0,51,100,TRUE,100,15:33.1
1116,Munchies,Patanjali Pure Honey,95,0,0,95,250,TRUE,250,15:33.1
1117,Munchies,Weikfield Falooda Mix - Mango,49,2,0,48,200,TRUE,200,15:33.1
1118,Munchies,Pro Nature Organic Sonamasoori Brown Rice,102,7,0,94,1000,TRUE,1,15:33.1
1119,Munchies,Maggi Special Masala Spicy Yummy Noodles,72,0,0,72,280,TRUE,280,15:33.1
1120,Munchies,Godrej Yummiez Chicken Breakfast Salami,150,4,0,143,250,TRUE,250,15:33.1
1121,Munchies,Everest Saffron Kesar,120,0,0,120,1,TRUE,0,15:33.1
1251,Beverages,Mother Dairy Toned Milk Pouch,25,0,4,25,500,FALSE,500,15:33.1
1252,Beverages,Mother Dairy Classic Curd,30,3,6,29,400,FALSE,400,15:33.1
1253,Beverages,Mother Dairy Ultra Full Cream Milk,31,0,4,31,500,FALSE,500,15:33.1
1254,Beverages,Amul Butter - Pasteurised,50,2,6,49,100,FALSE,100,15:33.1
1255,Beverages,Britannia Sandwich White Bread,33,0,4,33,350,FALSE,350,15:33.1
1256,Beverages,iD Curd Pouch,35,2,6,34,400,FALSE,400,15:33.1
1257,Beverages,iD Idli & Dosa Batter ,80,15,6,68,1000,FALSE,1,15:33.1
1258,Beverages,Britannia 100% Whole Wheat Bread,45,0,4,45,450,FALSE,450,15:33.1
1259,Beverages,Britannia Healthy Slice Sandwich Bread,40,0,4,40,450,FALSE,450,15:33.1
1260,Beverages,Gowardhan Classic Block Fresh Paneer,89,8,6,81,200,FALSE,200,15:33.1
1261,Beverages,Amul Processed Cheese Cubes,106,4,6,101,200,FALSE,200,15:33.1
1262,Beverages,Britannia Pav,22,0,4,22,250,FALSE,250,15:33.1
1263,Beverages,Amul Butter - Pasteurised,245,2,6,240,500,FALSE,500,15:33.1
1264,Beverages,Arden Eggs White,97,0,4,97,696,FALSE,12,15:33.1
1265,Beverages,Arden Eggs White,65,15,4,55,348,FALSE,6,15:33.1
1266,Beverages,Nestle A+ Nourish Dahi,35,2,6,34,200,FALSE,200,15:33.1
1267,Beverages,Britannia Burger Bun with Sesame Seed,15,0,4,15,100,FALSE,100,15:33.1
1268,Beverages,Amul Frozen Malai Paneer,75,2,6,73,200,FALSE,200,15:33.1
1269,Beverages,iD Natural Paneer,105,5,6,99,200,FALSE,200,15:33.1
1270,Beverages,Britannia Fruit Bun,17,0,3,17,100,FALSE,100,15:33.1
1271,Beverages,Amul Cheese - Processed Slices,122,1,6,120,200,FALSE,200,15:33.1
1272,Beverages,iD Curd Cup,60,0,6,60,400,FALSE,400,15:33.1
1273,Beverages,The Bake Shop Premium White Sandwich Bread,30,0,1,30,400,FALSE,400,15:33.1
1274,Beverages,Britannia Multigrain Bread ,55,0,4,55,400,FALSE,400,15:33.1
1275,Beverages,Amul Processed Cheese Block,106,0,6,106,200,FALSE,200,15:33.1
1276,Beverages,Nestle A+ Nourish Dahi,70,2,6,68,400,FALSE,400,15:33.1
1277,Beverages,Arden Eggs Brown,85,7,4,79,348,FALSE,6,15:33.1
1278,Beverages,Epigamia Misti Doi,30,0,6,30,85,FALSE,85,15:33.1
1279,Beverages,Amul Cheese - Block,245,2,6,240,500,FALSE,500,15:33.1
1280,Beverages,Amul Butter - Pasteurised (School Pack),59,3,6,57,100,FALSE,100,15:33.1
1281,Beverages,Britannia Brown Bread ,42,0,4,42,400,FALSE,400,15:33.1
1282,Beverages,Amul Fresh Cream,197,3,3,191,1000,FALSE,1,15:33.1
1283,Beverages,Epigamia Natural Greek Yogurt,45,0,6,45,90,FALSE,90,15:33.1
1284,Beverages,The Bake Shop Pizza Base,30,0,1,30,150,FALSE,150,15:33.1
1285,Beverages,Amul Delicious Fat Spread - Cholesterol Free,18,5,6,17,100,FALSE,100,15:33.1
1286,Beverages,D'lecta Dairy Cream,54,5,6,51,200,FALSE,200,15:33.1
1287,Beverages,Nestle A+ Actiplus Probiotic Dahi Plain Curd,78,3,5,75,400,FALSE,400,15:33.1
1288,Beverages,Bio Nutrients Pure Diet Tofu Gold ,60,5,5,57,200,FALSE,200,15:33.1
1289,Beverages,Amul Delicious Fat Spread - Cholesterol Free,88,2,2,86,500,FALSE,500,15:33.1
1290,Beverages,Amul Mithai Mate Condensed Sweetened Milk,56,3,4,54,200,FALSE,200,15:33.1
1291,Beverages,Arden Desi Eggs,110,13,4,95,348,FALSE,6,15:33.1
1292,Beverages,Amul Cheese - Pepper,85,3,6,82,200,FALSE,200,15:33.1
1293,Beverages,Amul Cheese Spread Creamy,85,5,6,80,180,FALSE,180,15:33.1
1294,Beverages,The Bake Shop Foot Long,40,0,1,40,200,FALSE,200,15:33.1
1295,Beverages,Amul Cheese Slices,360,0,1,359,750,FALSE,750,15:33.1
1296,Beverages,Suguna Sharp Egg ,72,13,3,62,348,FALSE,6,15:33.1
1297,Beverages,Amul Cheese Sauce Mexican Salsa,75,4,1,72,200,FALSE,200,15:33.1
1298,Beverages,Nestle Everyday Dairy Whitener,210,0,4,210,400,FALSE,400,15:33.1
1299,Beverages,Amul Pizza Cheese Processed,109,4,6,104,200,FALSE,200,15:33.1
1300,Beverages,Betty Crocker Complete Pancake Mix Original,110,4,6,105,250,FALSE,500,15:33.1
1301,Beverages,Amul Lite Spread,40,2,5,39,100,FALSE,100,15:33.1
1302,Beverages,Go Cheese Slice - Plain,140,5,6,133,200,FALSE,200,15:33.1
1303,Beverages,Pillsbury Choco Chip Pancake Mix,99,5,6,94,165,FALSE,165,15:33.1
1304,Beverages,RRO Sour Cream,275,50,4,137,200,FALSE,200,15:33.1
1305,Beverages,D'lecta Natural Feta Cheese Block,100,5,4,95,100,FALSE,100,15:33.1
1306,Beverages,Suguna Active - DHA,72,13,4,62,348,FALSE,6,15:33.1
1307,Beverages,Go Cheese Processed Angles Plain,100,5,6,95,160,FALSE,160,15:33.1
1308,Beverages,Epigamia Greek Yogurt - Natural,200,0,1,200,400,FALSE,400,15:33.1
1309,Beverages,Amul Unsalted Cooking Butter,245,2,6,238,500,FALSE,500,15:33.1
1310,Beverages,The Whole Truth Dark Chocolate Peanut Butter - Creamy,235,25,6,174,325,FALSE,325,15:33.1
1311,Beverages,The Laughing Cow Cheese Slices,155,0,2,155,200,FALSE,200,15:33.1
1312,Beverages,Epigamia Almond Milk Unsweetened Dairy Free,300,33,4,199,1000,FALSE,1,15:33.1
1313,Beverages,Go Cheese  Spread Plain,99,5,6,94,200,FALSE,200,15:33.1
1314,Beverages,So Good Almond Milk - Natural Unsweetened,70,0,4,70,200,FALSE,200,15:33.1
1315,Beverages,Amul Cheese Sauce Jalapeno,75,0,5,75,200,FALSE,200,15:33.1
1316,Beverages,D'lecta Cream Cheese,169,4,4,161,150,FALSE,150,15:33.1
1317,Beverages,Dlecta Natural Cheddar Slices,199,5,6,189,200,FALSE,200,15:33.1
1318,Beverages,Suguna Heart- Omega3,72,13,4,62,348,FALSE,6,15:33.1
1319,Beverages,Go Cheese Spread - Garlic,99,5,6,94,200,FALSE,200,15:33.1
1320,Beverages,Go Pizza Cheese,140,5,6,133,200,FALSE,200,15:33.1
1321,Beverages,RRO Cheddar Block Cheese,295,50,6,147,200,FALSE,200,15:33.1
1322,Beverages,The Whole Truth Peanut Butter With Dates - Creamy No Sugar,215,9,6,194,325,FALSE,325,15:33.1
1323,Beverages,Suguna Fit Egg,120,43,4,68,348,FALSE,6,15:33.1
1324,Beverages,Pantai Coconut Cream,150,4,4,143,400,FALSE,400,15:33.1
1325,Beverages,RRO Fresh Ricotta,275,50,6,137,200,FALSE,200,15:33.1
1326,Beverages,Dlecta Cheese Cubes 2,145,5,6,137,200,FALSE,200,15:33.1
1327,Beverages,RRO Mozzarella Pizza Cheese,275,50,6,137,200,FALSE,200,15:33.1
1328,Beverages,The Laughing Cow Cheese Cubes,150,0,4,150,200,FALSE,200,15:33.1
1329,Beverages,Yogabar 100% Pure Peanut Butter Creamy & Yummy Unsweetened,229,10,6,206,400,FALSE,400,15:33.1
1330,Beverages,RRO Burrata Cheese,250,50,4,125,200,FALSE,200,15:33.1
1331,Beverages,The Whole Truth Dark Chocolate Peanut Butter - Crunchy,235,20,5,188,325,FALSE,325,15:33.1
1332,Beverages,Go Cheese Processed Squares,125,5,6,118,200,FALSE,200,15:33.1
1333,Beverages,Funfoods Peanut Butter Crunchy,169,7,1,156,400,FALSE,400,15:33.1
1334,Beverages,Amul Safed Makkhan,235,1,6,232,500,FALSE,500,15:33.1
1335,Beverages,Go Cheese Spread - Four Pepper (Soft & Creamy),99,5,6,94,200,FALSE,200,15:33.1
1336,Beverages,Dlicia Whip Topping Bottle,235,27,5,171,1000,FALSE,1,15:33.1
1337,Beverages,Amulya Dairy Whitener ,380,2,4,372,1000,FALSE,1,15:33.1
1338,Beverages,Laughing Cow Cheese 8 Portion 120Gm Imported,110,0,6,110,120,FALSE,120,15:33.1
1339,Beverages,The Whole Truth Peanut Butter - Sweetened & Crunchy,215,20,6,172,325,FALSE,325,15:33.1
1340,Beverages,Go Processed Cheese Block,125,4,6,119,200,FALSE,200,15:33.1
1341,Beverages,Go Cheese Processed Block,249,4,6,237,400,FALSE,400,15:33.1
1342,Beverages,RRO Goat Milk Fetta Cheee,345,31,6,237,100,FALSE,100,15:33.1
1343,Beverages,RRO Mascarpone Cheese,355,50,6,177,200,FALSE,200,15:33.1
1344,Beverages,D'lecta Cheddar Cheese,199,5,6,189,200,FALSE,200,15:33.1
1345,Beverages,Funfoods Peanut Butter Creamy,169,0,1,169,400,FALSE,400,15:33.1
1346,Beverages,Pantai Coconut Milk,150,0,4,150,400,FALSE,400,15:33.1
1347,Beverages,Dlecta Cheese Block,145,0,6,145,200,FALSE,200,15:33.1
1348,Beverages,President Butter - Salted,54,0,6,54,100,FALSE,100,15:33.1
1349,Beverages,The Laughing Cow Plain Processed Cheese Block,150,0,6,150,200,FALSE,200,15:33.1
1350,Beverages,Yoga Bar Peanut Butter Dark Chocolate Jar,249,0,4,249,400,FALSE,400,15:33.1
1351,Beverages,The Laughing Cow Cheese Spread Plain,110,0,6,110,180,FALSE,180,15:33.1
1352,Beverages,Amul Malai Paneer Fresh ,76,3,0,73,200,TRUE,200,15:33.1
1353,Beverages,Amul Taaza Toned Homogenised Milk,66,3,0,64,1000,TRUE,1,15:33.1
1354,Beverages,Amul Fresh Cream,63,0,0,63,250,TRUE,250,15:33.1
1355,Beverages,Amul Lactose Free Milk,25,4,0,24,250,TRUE,250,15:33.1
1356,Beverages,The Bake Shop Whole Wheat Bread,40,0,0,40,400,TRUE,400,15:33.1
1357,Beverages,Amul Slim Trim Skimmed Milk,75,0,0,75,1000,TRUE,1,15:33.1
1358,Beverages,Amul Cheese Slices,71,1,0,70,100,TRUE,100,15:33.1
1359,Beverages,Amul Pizza Cheese - Mozzarella,100,1,0,99,200,TRUE,200,15:33.1
1360,Beverages,The Bake Shop Pizza Base Whole Wheat,30,0,0,30,150,TRUE,150,15:33.1
1361,Beverages,Nestle A+ Slim Dahi - Low Fat,78,3,0,75,400,TRUE,400,15:33.1
1362,Beverages,Britannia Cheese Garlic Bread,35,0,0,35,300,TRUE,300,15:33.1
1363,Beverages,The Bake Shop Whole Wheat Ladi Pav,40,0,0,40,200,TRUE,200,15:33.1
1364,Beverages,Amul Cheese Spread Yummy Plain,85,0,0,85,200,TRUE,200,15:33.1
1365,Beverages,Britannia Atta Kulcha,30,0,0,30,250,TRUE,250,15:33.1
1366,Beverages,Suguna Nourish Egg,62,0,0,62,696,TRUE,12,15:33.1
1367,Beverages,The Bake Shop Multi Grain Bread,65,0,0,65,400,TRUE,400,15:33.1
1368,Beverages,Nestle A+ Slim Milk,89,0,0,89,1000,TRUE,1,15:33.1
1369,Beverages,Go Cheese Pizza Blend Mozzarella + Cheddar,125,5,0,118,200,TRUE,200,15:33.1
1370,Beverages,The Whole Truth Peanut Butter - Unsweetened & Crunchy,185,20,0,148,325,TRUE,325,15:33.1
1371,Beverages,Amul Cheese Spread Spicy Garlic,85,3,0,82,200,TRUE,200,15:33.1
1372,Beverages,The Bake Shop Burger Buns,20,0,0,20,100,TRUE,100,15:33.1
1373,Beverages,D'lecta Shredded Mozzarella Cheese,100,5,0,95,140,TRUE,140,15:33.1
1374,Beverages,Britannia Burger Bun with Sesame Seed,30,0,0,30,200,TRUE,200,15:33.1
1375,Beverages,Suguna Vitamin D Egg,75,17,0,62,348,TRUE,6,15:33.1
1376,Beverages,Pillsbury Pancake Mix - Funfetti,99,11,0,88,162,TRUE,162,15:33.1
1377,Beverages,Prabhat Malai Paneer Pouch,80,0,0,80,200,TRUE,200,15:33.1
1378,Beverages,Suguna Nourish Egg ,72,16,0,60,348,TRUE,6,15:33.1
1379,Beverages,RRO Mozzarella Block Cheese,295,50,0,147,200,TRUE,200,15:33.1
1380,Packaged Food,Maggi 2 Minute Masala Noodles,12,0,6,12,70,FALSE,70,15:33.1
1381,Packaged Food,iD Idli & Dosa Batter ,80,15,6,68,1000,FALSE,1,15:33.1
1382,Packaged Food,iD Malabar Parota ,80,10,4,72,400,FALSE,400,15:33.1
1383,Packaged Food,iD Wheat Lachha Paratha,80,12,6,70,400,FALSE,400,15:33.1
1384,Packaged Food,McCain Aloo Tikki,110,4,6,105,400,FALSE,400,15:33.1
1385,Packaged Food,McCain Smiles Cripsy Happy Potatoes,120,5,6,114,415,FALSE,415,15:33.1
1386,Packaged Food,McCain Veggie Burger Patty,115,3,6,111,360,FALSE,360,15:33.1
1387,Packaged Food,McCain Veggie Fingers,117,5,6,111,400,FALSE,400,15:33.1
1388,Packaged Food,Amul Delicious Fat Spread - Cholesterol Free,18,5,6,17,100,FALSE,100,15:33.1
1389,Packaged Food,Whiskas Wetá Meal (Adult - Cat Food)á Chicken in Gravy,35,2,2,34,85,FALSE,85,15:33.1
1390,Packaged Food,McCain Chilli Garlic Potato Bites Crunchy Potato Nuggets,125,5,1,118,420,FALSE,420,15:33.1
1391,Packaged Food,Ching's Secret Instant Hot Garlic Noodles,15,0,3,15,60,FALSE,60,15:33.1
1392,Packaged Food,Veeba Eggless Mayonnaise,79,11,5,70,250,FALSE,250,15:33.1
1393,Packaged Food,Ching's Secret Instant Schezwan Noodles,15,0,6,15,60,FALSE,60,15:33.1
1394,Packaged Food,Veeba Pasta And Pizza Sauce,75,13,5,65,280,FALSE,280,15:33.1
1395,Packaged Food,Top Ramen  Noodles Curry Veg Pouch,20,0,1,20,70,FALSE,70,15:33.1
1396,Packaged Food,Saffola Veggie Twist Masala Oats,15,0,6,15,38,FALSE,38,15:33.1
1397,Packaged Food,Unibic Almond & Oats Protein Bar,40,17,4,33,30,FALSE,30,15:33.1
1398,Packaged Food,Quaker Oats,79,0,2,79,400,FALSE,400,15:33.1
1399,Packaged Food,Amul Delicious Fat Spread - Cholesterol Free,88,2,2,86,500,FALSE,500,15:33.1
1400,Packaged Food,McCain French Fries,120,5,1,114,420,FALSE,420,15:33.1
1401,Packaged Food,Ching's Secret Manchow Instant Soup,10,0,1,10,15,FALSE,15,15:33.1
1402,Packaged Food,McCain Potato Cheese Shotz,130,4,6,124,250,FALSE,250,15:33.1
1403,Packaged Food,McCain Masala - Fries,120,5,3,114,375,FALSE,375,15:33.1
1404,Packaged Food,Ching's Secret Schezwan Fried Rice Masala,15,0,6,15,20,FALSE,20,15:33.1
1405,Packaged Food,McCain New Mini Samosa with Cheese Pizza Style Filling,120,1,3,118,240,FALSE,240,15:33.1
1406,Packaged Food,McCain Chilli Cheesy Nuggets,130,4,1,124,250,FALSE,250,15:33.1
1408,Packaged Food,Chings Instant Soup - Hot & Sour,10,0,1,10,15,FALSE,15,15:33.1
1409,Packaged Food,Amul Spray Infant Milk Food,197,2,6,193,500,FALSE,500,15:33.1
1410,Packaged Food,McCain Smiles - Pudina Chatka,120,5,3,114,375,FALSE,375,15:33.1
1411,Packaged Food,McCain French Fries Crisp & Delicious,175,4,3,167,750,FALSE,750,15:33.1
1412,Packaged Food,Ferrero Nutella Hazelnut Spread,220,5,2,207,180,FALSE,180,15:33.1
1413,Packaged Food,Lijjat Garlic Papad,60,5,5,57,200,FALSE,200,15:33.1
1414,Packaged Food,Switz Samosa Dough Sheets,90,4,6,86,50,FALSE,50,15:33.1
1415,Packaged Food,Amul Cheese Spread Creamy,85,5,6,80,180,FALSE,180,15:33.1
1416,Packaged Food,Maggi Imli Sauce Pichkoo,22,0,6,22,90,FALSE,90,15:33.1
1417,Packaged Food,Whiskas Kitten (2-12 months) Dry Cat Food Food Ocean Fish,385,9,5,347,1100,FALSE,1100,15:33.1
1418,Packaged Food,Chings Instant Soup - Sweet Corn Veg,10,0,2,10,15,FALSE,15,15:33.1
1419,Packaged Food,Whiskas Wetá Meal (Kitten - Cat Food)á Chicken in Gravy,35,5,2,33,85,FALSE,85,15:33.1
1420,Packaged Food,McCain Crazy Fries Masala MixHot 'n' Tangy,120,5,6,114,400,FALSE,400,15:33.1
1421,Packaged Food,The Whole Truth Double Cocoa Protein Bar No Sugar,100,10,6,90,52,FALSE,52,15:33.1
1422,Packaged Food,Amul Happy Treats French Fries,68,4,1,65,425,FALSE,425,15:33.1
1423,Packaged Food,Ferrero Nutella Hazeulnut Spread,380,6,5,357,350,FALSE,350,15:33.1
1424,Packaged Food,Veeba Chipolte Southwest Dressing,161,7,4,149,300,FALSE,300,15:33.1
1425,Packaged Food,Ching's Secret Manchow Noodles Instant Soup,15,0,6,15,20,FALSE,20,15:33.1
1426,Packaged Food,Yoga Bar Breakfast Protein Bar - Blueberry Pie,50,12,1,44,50,FALSE,50,15:33.1
1427,Packaged Food,Quaker Oats,199,7,6,184,1000,FALSE,1,15:33.1
1428,Packaged Food,The Whole Truth Mini Protein Bar - Coconut Cocoa No Added Sugar,55,25,6,41,27,FALSE,27,15:33.1
1429,Packaged Food,Switz Spring Roll Dough Sheets,90,4,6,86,1160,FALSE,20,15:33.1
1430,Packaged Food,Unibic Fruit & Nut Real Cranberries & Almonds Protein Bar,40,17,6,33,30,FALSE,30,15:33.1
1431,Packaged Food,Ching's Secret Tomato Instant Soup,10,0,1,10,16,FALSE,15,15:33.1
1432,Packaged Food,Chef's Basket Durum Wheat Elbow Pasta,160,50,6,80,500,FALSE,500,15:33.1
1433,Packaged Food,Sunfeast Yippee! Mood Masala Noodles,60,28,3,43,260,FALSE,260,15:33.1
1434,Packaged Food,MTR Breakfast Khatta Meetha Poha Mix,25,20,6,20,60,FALSE,60,15:33.1
1435,Packaged Food,Kellogg's Crunchy Fruit & Nut Breakfast Cereals Muesli,445,9,6,401,750,FALSE,750,15:33.1
1436,Packaged Food,Ching's Secret Chilli Vinegar,50,0,4,50,170,FALSE,170,15:33.1
1437,Packaged Food,Ching's Red Chilli Sauce,55,0,6,55,200,FALSE,200,15:33.1
1438,Packaged Food,Amul Lite Spread,40,2,5,39,100,FALSE,100,15:33.1
1439,Packaged Food,Borges Durum Wheat Fusilli Pasta ,250,0,3,250,500,FALSE,500,15:33.1
1440,Packaged Food,The Whole Truth Cranberry Mini Protein Bar No Sugar,55,20,6,44,27,FALSE,27,15:33.1
1441,Packaged Food,The Whole Truth Mini Protein Bar - Coffee Cocoa No Added Sugar,55,20,6,44,27,FALSE,27,15:33.1
1442,Packaged Food,Maggi Hot & Sweet Tomato Chilli Sauce,115,0,1,115,500,FALSE,500,15:33.1
1443,Packaged Food,Sunfeast YiPPee! Noodles - Magic Masala,96,5,4,91,540,FALSE,540,15:33.1
1444,Packaged Food,Chef's Basket Durum Wheat Fusilli Pasta,160,50,6,80,500,FALSE,500,15:33.1
1445,Packaged Food,Top Ramen Chicken Noodles,60,10,1,54,280,FALSE,280,15:33.1
1446,Packaged Food,Veeba Cheese and Chilli Sandwich Spread,89,11,6,79,275,FALSE,275,15:33.1
1447,Packaged Food,ChingÆs Secret Chowmein Hakka Noodles Masala ,44,0,2,44,60,FALSE,60,15:33.1
1448,Packaged Food,Safal Frozen - Mixed Vegetables,110,4,2,105,1000,FALSE,1,15:33.1
1449,Packaged Food,MTR 3 Min Poha,25,0,6,25,60,FALSE,60,15:33.1
1450,Packaged Food,Ching's Manchurian Instant Noodles,15,0,5,15,60,FALSE,60,15:33.1
1451,Packaged Food,The Whole Truth Peanut Cocoa Mini Protein Bar No Sugar ,55,25,6,41,27,FALSE,27,15:33.1
1452,Packaged Food,Gits Pav Bhaji Ready to Eat,110,22,6,85,300,FALSE,300,15:33.1
1453,Packaged Food,McCain New Mini Samosa with Cheese Corn Style Filling,120,1,2,118,240,FALSE,240,15:33.1
1454,Packaged Food,Lijjat Udad Mini Papad,60,6,6,56,200,FALSE,200,15:33.1
1455,Packaged Food,McCain Herb & Garlic Crazy Fries Masala Mix ,120,5,5,114,400,FALSE,400,15:33.1
1456,Packaged Food,Yoga Bar Multigrain Energy Bar Nuts And Seeds,40,12,4,35,38,FALSE,38,15:33.1
1458,Packaged Food,Veeba Pizza Topping,75,6,4,70,280,FALSE,280,15:33.1
1459,Packaged Food,Switz Paratha Puff,110,4,6,105,400,FALSE,400,15:33.1
1461,Packaged Food,The Whole Truth Double Cocoa Mini Protein Bar No Sugar,55,20,5,44,27,FALSE,27,15:33.1
1462,Packaged Food,Sunfeast Yippee Tricolor Pasta Seasoning,28,17,1,23,65,FALSE,65,15:33.1
1463,Packaged Food,Wingreens Cheesy Chipotle Sauce,99,49,1,50,130,FALSE,130,15:33.1
1464,Packaged Food,Maggi Rich Tomato Ketchup,105,4,2,100,500,FALSE,500,15:33.1
1465,Packaged Food,The Whole Truth Dark Chocolate Peanut Butter - Creamy,235,25,6,174,325,FALSE,325,15:33.1
1466,Packaged Food,Godrej Yummiez Chicken Nuggets,325,9,1,293,500,FALSE,500,15:33.1
1467,Packaged Food,Go Cheese  Spread Plain,99,5,6,94,200,FALSE,200,15:33.1
1468,Packaged Food,Kellogg's Real Almond & Honey Corn Flakes,175,9,6,158,300,FALSE,300,15:33.1
1469,Packaged Food,The Whole Truth Vegan Almond Choco Fudge Energy Bar No Sugar,60,20,6,48,40,FALSE,40,15:33.1
1470,Packaged Food,Prasuma Vegetable Momos,270,0,5,270,24,FALSE,24,15:33.1
1471,Packaged Food,MTR Upma,50,10,6,45,160,FALSE,160,15:33.1
1472,Packaged Food,Ching's Schezwan Masala Instant Noodles,60,0,1,60,240,FALSE,240,15:33.1
1473,Packaged Food,The Whole Truth Cranberry Protein Bar No Sugar,100,26,6,74,52,FALSE,52,15:33.1
1474,Packaged Food,Saffola Yummy Masala Noodles ,20,0,2,20,46,FALSE,46,15:33.1
1475,Packaged Food,Veeba English Mustard,74,6,2,69,300,FALSE,300,15:33.1
1476,Packaged Food,Dabur Hommade Tamarind Paste,48,6,6,45,200,FALSE,200,15:33.1
1477,Packaged Food,Yoga Bar Breakfast Muesli - Almond Caramel (No Added Sugar),325,4,6,309,400,FALSE,400,15:33.1
1478,Packaged Food,The Whole Truth Mini Protein Bar - Peanut Butter No Added Sugar,55,25,6,41,27,FALSE,27,15:33.1
1479,Packaged Food,ITC Master Chef Crispy Chicken Fries ,170,4,3,162,280,FALSE,280,15:33.1
1480,Packaged Food,Kelloggs Corn Flakes,99,13,6,86,250,FALSE,250,15:33.1
1481,Packaged Food,Nissin Cup Noodles Tangy Tomato,50,10,2,45,70,FALSE,70,15:33.1
1482,Packaged Food,Smith & Jones White Pasta Sauce Mix,40,0,3,40,46,FALSE,46,15:33.1
1483,Packaged Food,Sunfeast Yippee! Pasta Treat - Sour Cream Onion,28,10,1,25,65,FALSE,65,15:33.1
1484,Packaged Food,Mothers Recipe Tamrind Date Chutney ,55,9,2,50,200,FALSE,200,15:33.1
1485,Packaged Food,Veeba Mint Mayonnaise,169,8,4,155,300,FALSE,300,15:33.1
1486,Packaged Food,Mccain Emotibites - Crispy Happy Potato Snack,130,0,6,129,415,FALSE,415,15:33.1
1487,Packaged Food,The Whole Truth Energy Bar Choco Cranberry Fudge,60,26,6,44,40,FALSE,40,15:33.1
1488,Packaged Food,Godrej Yummiez Chicken Lucknowi Seekh Kebab,260,10,4,234,400,FALSE,400,15:33.1
1489,Packaged Food,Prasuma Vegetable Momos,150,0,5,150,580,FALSE,10,15:33.1
1490,Packaged Food,Mother's Recipe Mixed Pickle,85,9,2,77,300,FALSE,300,15:33.1
1491,Packaged Food,Sunfeast Yippee! Pasta Treat - Sour Cream Onion,28,17,3,23,65,FALSE,65,15:33.1
1492,Packaged Food,The Whole Truth Peanut Cocoa Protein Bar No Sugar,100,26,6,74,52,FALSE,52,15:33.1
1493,Packaged Food,Yoga Bar Breakfast Muesli - Chocolate & Cranberry ,325,4,6,309,400,FALSE,400,15:33.1
1494,Packaged Food,Sunfeast YiPPee! Magic Masala Noodles,70,10,3,63,405,FALSE,405,15:33.1
1495,Packaged Food,Veeba Sweet Onion Sauce,141,14,4,121,350,FALSE,350,15:33.1
1496,Packaged Food,Quaker Oats Breakfast Cereals - With Flavour Mix Nutritious Rich Source Of Energy,49,8,6,45,200,FALSE,200,15:33.1
1497,Packaged Food,Mother's Recipe Tamarind Paste,50,2,6,49,200,FALSE,200,15:33.1
1498,Packaged Food,Yogabar No Added Sugar Protein Bar Brownie,125,15,4,106,60,FALSE,60,15:33.1
1499,Packaged Food,Bambino Popular Vermicelli ,40,2,3,39,400,FALSE,400,15:33.1
1500,Packaged Food,Ching's Secret Mix Veg Instant Soup,10,0,3,10,15,FALSE,15,15:33.1
1501,Packaged Food,Mother's Recipe Pickle - Red Stuffed Chilli,145,11,3,129,400,FALSE,400,15:33.1
1502,Packaged Food,Kellogg's No Added Sugar Muesli,335,11,6,298,500,FALSE,500,15:33.1
1503,Packaged Food,Veeba Salsa Dip,119,6,6,111,360,FALSE,360,15:33.1
1504,Packaged Food,Veeba Thousand Island Dressing,149,8,6,137,300,FALSE,300,15:33.1
1505,Packaged Food,Baggry's Crunchy Muesli Almond Raisins & Honey,130,0,5,130,200,FALSE,200,15:33.1
1506,Packaged Food,Knorr Chinese Hot And Sour Veg Soup,55,3,1,53,43,FALSE,43,15:33.1
1507,Packaged Food,Go Cheese Spread - Garlic,99,5,6,94,200,FALSE,200,15:33.1
1508,Packaged Food,The Whole Truth Peanut Butter With Dates - Creamy No Sugar,215,9,6,194,325,FALSE,325,15:33.1
1509,Packaged Food,Zorabian Chicken Smoked Ham,205,5,1,194,250,FALSE,250,15:33.1
1510,Packaged Food,Kissan Pineapple Jam,165,9,1,149,500,FALSE,500,15:33.1
1511,Packaged Food,Smith & Jones Masala Noodles,89,0,5,89,480,FALSE,480,15:33.1
1512,Packaged Food,Nestle Nestle Nan Pro Follow-Up Formula,650,0,6,650,400,FALSE,400,15:33.1
1513,Packaged Food,Sunfeast Yippee! Power Up Atta Noodles,96,15,6,81,280,FALSE,280,15:33.1
1514,Packaged Food,McCain Super Wedges,120,7,6,111,400,FALSE,400,15:33.1
1516,Packaged Food,Kellogg's Chocos,130,10,6,117,250,FALSE,250,15:33.1
1517,Packaged Food,Ching's Secret Just Soak - Whole Wheat Veg Hakka Noodle,32,0,3,32,150,FALSE,150,15:33.1
1518,Packaged Food,The Whole Truth Vegan Fig Apricot & Orange Energy Bar No Sugar,60,20,6,48,40,FALSE,40,15:33.1
1519,Packaged Food,Saffola Veggie Twist Masala Oats,195,12,2,171,500,FALSE,500,15:33.1
1520,Packaged Food,ITC Master Chef Classic Aloo Tikki,80,10,3,72,320,FALSE,320,15:33.1
1521,Packaged Food,Smith & Jones Pink Pasta Sauce Mix,40,0,4,40,46,FALSE,46,15:33.1
1522,Packaged Food,Wingreens Farms Chipotle Dip,200,25,1,150,180,FALSE,180,15:33.1
1523,Packaged Food,Kellogg's Real Almond & Honey Corn Flakes,550,5,3,520,1000,FALSE,1,15:33.1
1524,Packaged Food,Kellogg's Crunchy Granola Chocolate & Almonds,330,10,3,294,450,FALSE,450,15:33.1
1525,Packaged Food,Cornitos Cornitos Taco Shells - 6 Inches,160,20,4,128,180,FALSE,180,15:33.1
1526,Packaged Food,Ching's Secret Singapore Curry Instant Noodles,15,0,3,15,60,FALSE,60,15:33.1
1527,Packaged Food,Mother's Recipe Pickle - Mango,125,9,6,113,400,FALSE,500,15:33.1
1528,Packaged Food,Godrej Yummiez Chilli Chicken Sausages ,160,10,3,144,250,FALSE,250,15:33.1
1529,Packaged Food,Pedigree Dentastix  Dog Treat Oral Care for Adult Medium Breed ,175,20,6,140,180,FALSE,180,15:33.1
1530,Packaged Food,Maggi Hot & Sweet - Tomato Chilli Sauce,170,10,1,153,1000,FALSE,1,15:33.1
1531,Packaged Food,Ching's Secret Asian Hot Instant Soup,15,0,3,15,15,FALSE,15,15:33.1
1532,Packaged Food,KelloggÆs Chocos Protein And Fibre Of 1 Roti,499,11,6,444,1200,FALSE,1,15:33.1
1533,Packaged Food,Mother's Recipe Pickle - Mango,149,26,4,109,500,FALSE,500,15:33.1
1534,Packaged Food,Chings Secret Manchurian Instant Noodle,60,0,6,60,240,FALSE,240,15:33.1
1535,Packaged Food,Kellogg's Original Corn Flakes,310,6,6,290,875,FALSE,875,15:33.1
1536,Packaged Food,Ching's Singapore Curry Instant Noodles,60,0,4,60,240,FALSE,240,15:33.1
1537,Packaged Food,Kellogg's Almonds And Cranberries Granola,330,6,6,310,460,FALSE,460,15:33.1
1538,Packaged Food,Nestle Ceregrow Multigrain Cereal with Milk and Fruits - 3 to 6 years,292,0,6,292,300,FALSE,300,15:33.1
1539,Packaged Food,MTR 3 Minute Breakfast - Magic Masala Upma,25,0,6,25,60,FALSE,60,15:33.1
1540,Packaged Food,Smith & Jones Masala Noodles,68,10,5,61,360,FALSE,360,15:33.1
1542,Packaged Food,Godrej Yummiez Chicken Punjabi Tikka ,295,9,6,266,360,FALSE,360,15:33.1
1543,Packaged Food,Kellogg's Corn Flakes,425,9,1,383,1000,FALSE,1,15:33.1
1544,Packaged Food,Kelloggs Chocos,170,5,4,160,385,FALSE,385,15:33.1
1545,Packaged Food,Pedigree Puppy Dry Dog Food Food Chicken & Milk,290,20,6,232,1200,FALSE,1200,15:33.1
1546,Packaged Food,Ching's Secret Lemon Coriander Instant Soup,15,0,5,15,15,FALSE,15,15:33.1
1547,Packaged Food,Nestle Cerelac Baby Cereal With Milk Wheat-Rice Mixed Fruit,261,0,6,261,300,FALSE,300,15:33.1
1548,Packaged Food,Kelloggs Chocos - Moons & Stars,660,40,4,396,1200,FALSE,1,15:33.1
1549,Packaged Food,ITC Master Chef Chicken Galouti Kebab,170,4,2,162,210,FALSE,210,15:33.1
1550,Packaged Food,Yogabar 100% Pure Peanut Butter Creamy & Yummy Unsweetened,229,10,6,206,400,FALSE,400,15:33.1
1551,Packaged Food,Kitchens Of India Palak Paneer,130,30,6,91,285,FALSE,285,15:33.1
1552,Packaged Food,Kelloggs Chocos Fills Double Chocolat,99,11,6,88,175,FALSE,175,15:33.1
1553,Packaged Food,Soulfull Ragi Bites Choco Fills,169,5,4,160,250,FALSE,250,15:33.1
1554,Packaged Food,Figaro Sliced Black Olive ,179,0,6,179,450,FALSE,450,15:33.1
1555,Packaged Food,Veeba Barbeque Sauce,149,8,6,137,330,FALSE,330,15:33.1
1556,Packaged Food,The Whole Truth Vegan Mocha Almond Fudge Energy Bar No Sugar,60,20,6,48,40,FALSE,40,15:33.1
1558,Packaged Food,Pantai Green Curry Paste,150,14,5,128,114,FALSE,114,15:33.1
1559,Packaged Food,Kelloggs Special K,210,8,5,192,435,FALSE,435,15:33.1
1560,Packaged Food,Moi Soi Sichuan Chilli Oil- For Stir Fry Marinade Spread & Dip,280,50,5,140,175,FALSE,175,15:33.1
1561,Packaged Food,Mother's Recipe Madras Appalam,50,10,6,45,100,FALSE,100,15:33.1
1562,Packaged Food,Top Ramen Masala Oat Masala,80,10,6,72,280,FALSE,280,15:33.1
1563,Packaged Food,Saffola Everyday Peppy Tomato Masala Oats,195,12,6,171,500,FALSE,500,15:33.1
1565,Packaged Food,Kitchens Of India Chicken Chettinad,200,30,1,140,285,FALSE,285,15:33.1
1566,Packaged Food,Nestle Cerelac Wheat - Stage 1,190,0,6,190,300,FALSE,300,15:33.1
1567,Packaged Food,Sumeru Aloo Paratha,119,5,6,113,400,FALSE,400,15:33.1
1568,Packaged Food,ITC Master Chef Veggie Pizza Pocket,170,4,4,162,340,FALSE,340,15:33.1
1569,Packaged Food,Wingreens Farms Tangy Cheese Pita Chips & Mexican Salsa Dip,60,15,1,51,70,FALSE,70,15:33.1
1570,Packaged Food,Ching's Secret Manchow Soup,55,0,3,55,55,FALSE,55,15:33.1
1571,Packaged Food,Veeba Carrot & Cucumber Sandwich Spread,85,10,6,76,250,FALSE,250,15:33.1
1572,Packaged Food,Kellogg's Real Almond & Honey Corn Flakes,370,12,3,324,650,FALSE,650,15:33.1
1573,Packaged Food,Kitchens Of India Mughlai Paneer,160,30,4,112,285,FALSE,285,15:33.1
1574,Packaged Food,Ching's Secret Just Soak - Veg Hakka Noodles,30,0,5,30,150,FALSE,150,15:33.1
1575,Packaged Food,Ching's Secret Chowmein Hakka Noodles Masala,60,10,2,54,100,FALSE,100,15:33.1
1576,Packaged Food,The Whole Truth Dark Chocolate Peanut Butter - Crunchy,235,20,5,188,325,FALSE,325,15:33.1
1577,Packaged Food,Mother's Recipe Bhel Puri Chutney,55,9,4,50,200,FALSE,200,15:33.1
1578,Packaged Food,Kelloggs Chocos Moon & Stars,330,10,6,294,680,FALSE,680,15:33.1
1579,Packaged Food,Mother's Recipe Lime Pickle ,120,5,1,114,400,FALSE,400,15:33.1
1580,Packaged Food,Kitchens of India Dal Makhani,110,30,2,77,285,FALSE,285,15:33.1
1581,Packaged Food,Pantai Light Soy Sauce,275,14,5,234,200,FALSE,200,15:33.1
1582,Packaged Food,Ching's Secret Sweet Corn Soup,55,0,6,55,55,FALSE,55,15:33.1
1584,Packaged Food,Cantina Tortilla Dip Sauce Sour Creamy Tex Mex,225,15,5,191,190,FALSE,190,15:33.1
1585,Packaged Food,Dabur Hommade - Rajasthan Ki Garlic Chutne,65,6,6,61,200,FALSE,200,15:33.1
1586,Packaged Food,MTR Seviyan Vermicelli ,42,0,2,42,400,FALSE,400,15:33.1
1587,Packaged Food,Pantai Oyster Sauce,275,14,4,234,200,FALSE,200,15:33.1
1588,Packaged Food,Go Cheese Spread - Four Pepper (Soft & Creamy),99,5,6,94,200,FALSE,200,15:33.1
1589,Packaged Food,MTR Ready To Eat Paneer Butter Masala,135,9,2,122,300,FALSE,300,15:33.1
1590,Packaged Food,Nestle Lactogen Stage 2 Follow-up Formula Powder,340,0,2,340,400,FALSE,400,15:33.1
1591,Packaged Food,Kellogg's Crunchy Bites Chocos,190,10,6,171,375,FALSE,375,15:33.1
1592,Packaged Food,Veeba Hot Sweet Tomato Chilli Sauce,104,20,3,83,500,FALSE,500,15:33.1
1593,Packaged Food,Borges Durum Wheat Pasta Superior Quality,250,40,6,149,500,FALSE,500,15:33.1
1594,Packaged Food,Funfoods Peanut Butter Crunchy,169,7,1,156,400,FALSE,400,15:33.1
1595,Packaged Food,Pantai Red Curry Paste,60,0,4,60,50,FALSE,50,15:33.1
1596,Packaged Food,ITC Master Chef Chicken Seekh Kabab,325,0,6,325,500,FALSE,500,15:33.1
1597,Packaged Food,Del Monte Pizza & Pasta Sauce Spout Pack,99,0,3,99,400,FALSE,400,15:33.1
1598,Packaged Food,Pantai Sriracha Red Chilli Sauce,225,15,6,191,200,FALSE,200,15:33.1
1599,Packaged Food,Hershey's Cocoa Spread,295,0,3,295,350,FALSE,350,15:33.1
1600,Packaged Food,Maggi Ghee Tadka Upma Express Pouch,25,0,6,25,65,FALSE,65,15:33.1
1601,Packaged Food,Ching's Secret Manchurian Noodles,91,0,5,91,360,FALSE,360,15:33.1
1602,Packaged Food,Kellogg's All Bran Wheat Flakes,220,6,5,205,425,FALSE,425,15:33.1
1603,Packaged Food,Yummiez Chicken Breakfast Sausages,150,0,3,150,250,FALSE,250,15:33.1
1604,Packaged Food,Pantai Red Curry Paste,150,14,3,128,114,FALSE,114,15:33.1
1605,Packaged Food,Bagrrys Muesli Crunchy Fruit & Nut With Cranberries,330,10,6,297,400,FALSE,400,15:33.1
1606,Packaged Food,Quaker Oats Pouch,276,10,6,248,1500,FALSE,1,15:33.1
1607,Packaged Food,Prasuma Momos -  Cheesy Spicy Veg,295,0,6,295,24,FALSE,24,15:33.1
1608,Packaged Food,Veeba Sriracha Chilli Garlic Sauce,149,8,5,137,320,FALSE,320,15:33.1
1609,Packaged Food,Ching's Secret Just Soak - Veg Hakka Noodles,115,0,6,115,600,FALSE,600,15:33.1
1610,Packaged Food,Moi Soi Kung Pao Sauce - For Stir Fry Marinade Spread & Dip,280,50,5,140,175,FALSE,175,15:33.1
1611,Packaged Food,Figaro Plain Green Olive ,179,0,6,179,450,FALSE,450,15:33.1
1612,Packaged Food,Mother's Recipe Gujrati Gorkeri Pickle,140,10,3,126,500,FALSE,500,15:33.1
1613,Packaged Food,Kellogg's Muesli 20% Nuts Delight,320,0,6,320,500,FALSE,500,15:33.1
1614,Packaged Food,Borges Farfalle Durum Wheat Pasta ,250,0,5,250,500,FALSE,500,15:33.1
1615,Packaged Food,Kellogg's Chocos,299,10,4,269,700,FALSE,700,15:33.1
1616,Packaged Food,Nestle Nan Pro 4 Follow Up Formula Powder For Older Infants ,620,0,1,620,400,FALSE,400,15:33.1
1617,Packaged Food,Veeba Truly Tomato Ketchup,99,20,6,79,500,FALSE,500,15:33.1
1618,Packaged Food,Ching's Secret Green Chilli Sauce,85,4,1,81,680,FALSE,680,15:33.1
1619,Packaged Food,MTR Roasted Vermicelli ,55,0,1,55,400,FALSE,400,15:33.1
1620,Packaged Food,Mother's Recipe Punjabi Teekha Mang Pickle,120,10,4,108,400,FALSE,400,15:33.1
1621,Packaged Food,Ching's Secret Hot Garlic Instant Noodles,114,0,6,114,480,FALSE,480,15:33.1
1622,Packaged Food,Kellogg's Real Honey Corn Flakes,290,7,5,267,630,FALSE,630,15:33.1
1623,Packaged Food,ITC Master Chef Lebanese Falafel Kebab,130,4,4,124,230,FALSE,230,15:33.1
1624,Packaged Food,Kelloggs Chocos Fills Double Chocolaty,185,10,5,165,250,FALSE,250,15:33.1
1625,Packaged Food,Organic India Apple Cider Vinegar,595,9,2,536,500,FALSE,500,15:33.1
1626,Packaged Food,Masala Oats Masala & Coriander ,195,9,5,176,500,FALSE,500,15:33.1
1627,Packaged Food,Ching's Secret  Noodles - Pad Thai Lemongras,200,0,5,200,130,FALSE,130,15:33.1
1628,Packaged Food,Bagrrys Fruit and Nut Muesli with Cranberries,499,0,5,499,750,FALSE,750,15:33.1
1629,Packaged Food,Kitchens Of India Yellow Dal Tadka,110,30,6,77,285,FALSE,285,15:33.1
1630,Packaged Food,Soulfull Vanilla Fills - Ragi Bites,169,5,6,160,250,FALSE,250,15:33.1
1631,Packaged Food,Pantai Teriyaki Sauce with Garlic,325,15,6,276,200,FALSE,200,15:33.1
1632,Packaged Food,Whiskas Adult Pocket Tuna Cat Food,410,0,1,410,1200,FALSE,1,15:33.1
1633,Packaged Food,Kitchens Of India Chicken Darbari ,200,30,4,140,285,FALSE,285,15:33.1
1634,Packaged Food,Soulfull Millet Muesli Fruit & Nut Almonds & Real Fruits,299,10,6,269,400,FALSE,400,15:33.1
1635,Packaged Food,Smith & Jones Red Pasta Sauce Mix,40,0,6,40,46,FALSE,46,15:33.1
1636,Packaged Food,Kellogg's Muesli Nuts Delight,425,9,3,383,750,FALSE,750,15:33.1
1637,Packaged Food,Kitchens of India Dal Bukhara Gravy Mix,110,30,6,77,285,FALSE,285,15:33.1
1638,Packaged Food,The Whole Truth Peanut Butter - Sweetened & Crunchy,215,20,6,172,325,FALSE,325,15:33.1
1639,Packaged Food,Remia Mayonnaise,230,0,6,230,241,FALSE,241,15:33.1
1640,Packaged Food,Ching's Secret Green Chilli Sauce,105,0,6,105,425,FALSE,425,15:33.1
1641,Packaged Food,Bagrrys Fruit N Fibre Muesli - Strawberry,595,0,1,595,1000,FALSE,1,15:33.1
1642,Packaged Food,Ching's Secret Tomato Oats Instant Soup,15,0,3,15,20,FALSE,20,15:33.1
1643,Packaged Food,Kellogg's Special K Original Corn Flakes,140,5,1,133,290,FALSE,290,15:33.1
1644,Packaged Food,Moi Soi  Black Bean Sauce - Dip Spread Stir Fry & Marinade,280,50,5,140,175,FALSE,175,15:33.1
1645,Packaged Food,Tong Garden Wasabi Green Peas,175,4,6,167,150,FALSE,150,15:33.1
1646,Packaged Food,Ching's Secret Red Chilli Sauce,105,0,4,105,440,FALSE,440,15:33.1
1647,Packaged Food,Ching's Instant Hot and Sour Soup,55,0,5,55,55,FALSE,55,15:33.1
1648,Packaged Food,Ching's Secret Noodles - Pad Thai Original,200,0,6,200,130,FALSE,130,15:33.1
1649,Packaged Food,Aashirvaad Instant Meals - Khatta Meetha Pohaa With Millets,55,30,5,38,80,FALSE,80,15:33.1
1650,Packaged Food,Del Monte Black Sliced Olives,250,0,1,250,450,FALSE,450,15:33.1
1651,Packaged Food,Kitchens Of India Murgh Methi,220,30,5,154,285,FALSE,285,15:33.1
1652,Packaged Food,Nestle Cerelac 5 Grains & Fruits Cereal,288,0,6,288,300,FALSE,300,15:33.1
1653,Packaged Food,The Whole Truth - 5 Grain Muesli No Added Sugar,325,20,6,260,350,FALSE,350,15:33.1
1654,Packaged Food,Ching's Secret  Pad Thai Noodles Green Curry,200,0,6,200,130,FALSE,130,15:33.1
1655,Packaged Food,Aashirvaad Suji Halwa With Jaggery,75,0,6,75,70,FALSE,70,15:33.1
1656,Packaged Food,Mother's Recipe Mango Pickle ,120,0,1,120,400,FALSE,400,15:33.1
1657,Packaged Food,Ching's Secret Pad Thai Noodles - Extra Hot Thai Chilli,200,0,6,200,130,FALSE,130,15:33.1
1658,Packaged Food,Kellogg's Special K Original Corn Flakes,399,11,6,355,900,FALSE,900,15:33.1
1659,Packaged Food,Knorr Sweet Corn Chicken Soup,55,0,2,55,42,FALSE,42,15:33.1
1660,Packaged Food,Ching's Secret Tomato Soup,55,0,6,55,55,FALSE,55,15:33.1
1661,Packaged Food,Funfoods Peanut Butter Creamy,169,0,1,169,400,FALSE,400,15:33.1
1662,Packaged Food,Japanese Choice Udon Noodles,295,9,6,266,250,FALSE,250,15:33.1
1663,Packaged Food,Kelloggs Muesli - With 22% Fruit Magic,320,10,5,288,500,FALSE,500,15:33.1
1664,Packaged Food,Dabur Hommade - Kalonji Tamatar Ki Chutney,65,6,6,61,200,FALSE,200,15:33.1
1665,Packaged Food,Kitchens Of India Dal Makhani,110,30,1,77,285,FALSE,285,15:33.1
1666,Packaged Food,Aashirvaad Suji Halwa With Jaggery,55,30,6,38,80,FALSE,80,15:33.1
1667,Packaged Food,Del Monte Green Chili Sauce,55,0,3,55,190,FALSE,190,15:33.1
1668,Packaged Food,Pedigree Dog Food Adult Chicken & Veg,660,10,1,594,3000,FALSE,3,15:33.1
1669,Packaged Food,Kellogg's Original Corn Flakes,185,5,6,175,475,FALSE,475,15:33.1
1670,Packaged Food,Pedigree Puppy Dry Dog Food Food Chicken & Milk,690,6,2,648,3000,FALSE,3,15:33.1
1671,Packaged Food,Kitchens Of India Rajma Masala,110,30,5,77,285,FALSE,285,15:33.1
1672,Packaged Food,Kitchen Of India Ready-To-Eat Pindi Channa,110,30,2,77,285,FALSE,285,15:33.1
1673,Packaged Food,Figaro Pitted Black Olive ,179,0,6,179,450,FALSE,450,15:33.1
1674,Packaged Food,Cantina Tabasco Red Sauce,140,15,6,119,60,FALSE,60,15:33.1
1675,Packaged Food,Mother's Recipe Pickle - Mixed,149,26,6,109,500,FALSE,500,15:33.1
1676,Packaged Food,Nestle Cerelac Baby Cereal with Milk 5 Grains & Vegetables from 18 to 24 Month,279,0,5,279,300,FALSE,300,15:33.1
1677,Packaged Food,Mother's Recipe Tamarind Paste,50,2,2,49,200,FALSE,200,15:33.1
1678,Packaged Food,Pedigree Meat Jerky Adult Dog Treat Barbecued Chicken,140,20,6,112,80,FALSE,80,15:33.1
1679,Packaged Food,Veeba Peri Peri Sauce,161,0,6,161,300,FALSE,300,15:33.1
1680,Packaged Food,Pantai Sriracha Yellow Chilli Sauce,225,15,6,191,200,FALSE,200,15:33.1
1681,Packaged Food,Praakritik Organic Jumbo Rolled Oats,190,11,6,169,500,FALSE,500,15:33.1
1682,Packaged Food,Ching's Secret Just Soak - Whole Wheat Veg Hakka Noodles,123,0,6,123,600,FALSE,600,15:33.1
1683,Packaged Food,Pantai Spring Roll Sauce,275,10,6,245,200,FALSE,200,15:33.1
1684,Packaged Food,MTR Vermicelli Payasam,75,0,6,75,180,FALSE,180,15:33.1
1685,Packaged Food,Bagrrys Corn Flakes,350,0,6,350,880,FALSE,800,15:33.1
1686,Packaged Food,MTR Ready To Eat Palak Paneer ,135,11,6,120,300,FALSE,300,15:33.1
1687,Packaged Food,Del Monte Red Chili Sauce,55,0,5,55,190,FALSE,190,15:33.1
1688,Packaged Food,Kitchens of India Mutter Paneer Mix,120,30,4,84,285,FALSE,285,15:33.1
1689,Packaged Food,Pantai Green Curry Paste,60,6,6,56,50,FALSE,50,15:33.1
1690,Packaged Food,The Laughing Cow Cheese Spread Plain,110,0,6,110,180,FALSE,180,15:33.1
1691,Packaged Food,MTR Dal Fry,110,0,5,110,300,FALSE,300,15:33.1
1692,Packaged Food,Pantai Fish Sauce,275,14,6,234,200,FALSE,200,15:33.1
1693,Packaged Food,Cantina Beans Mexican Beans,250,14,6,213,410,FALSE,410,15:33.1
1694,Packaged Food,Ching's Secret Manchurian Instant Noodle,114,0,6,114,480,FALSE,480,15:33.1
1695,Packaged Food,Remia Salad Italian Dressing ,230,0,6,230,250,FALSE,250,15:33.1
1696,Packaged Food,Yummiez Veg Cheese Fingers Pouch,230,0,4,230,400,FALSE,400,15:33.1
1697,Packaged Food,MTR Dal Makhani,110,0,4,110,300,FALSE,300,15:33.1
1698,Packaged Food,MTR Ready to Eat Pav Bhaji,110,0,6,110,300,FALSE,300,15:33.1
1699,Packaged Food,Weikfield Tomato Salsa Instant Pasta,25,0,1,25,77,FALSE,77,15:33.1
1700,Packaged Food,NestlT CERELAC Baby Cereal with Milk,272,0,1,272,300,FALSE,300,15:33.1
1701,Packaged Food,Remia Salad Caesar Dressing,250,0,6,250,250,FALSE,250,15:33.1
1702,Packaged Food,Bagrrys Fruit N Fibre Muesli Mixed Fruit,330,0,6,330,500,FALSE,500,15:33.1
1703,Packaged Food,MTR Paneer Butter Masala & Veg Pulao,175,9,4,158,375,FALSE,375,15:33.1
1704,Packaged Food,Sundrop Cocoa Nut Hazelnut Chocolatey Spread,120,0,6,120,160,FALSE,160,15:33.1
1705,Packaged Food,Moi Soi Manchurian Sauce - For Stir Fry Marinade Spread & Dip,280,50,6,140,175,FALSE,175,15:33.1
1706,Packaged Food,Pedigree Dog Food Adult Meat & Rice,660,7,2,608,3000,FALSE,3,15:33.1
1707,Packaged Food,Pantai Sriracha Green Chilli Sauce,225,15,6,191,200,FALSE,200,15:33.1
1708,Packaged Food,Pantai Chilli Garlic Sauce,275,14,6,234,200,FALSE,200,15:33.1
1709,Packaged Food,Pantai Dark Soy Sauce,275,14,6,234,200,FALSE,200,15:33.1
1710,Packaged Food,Yoga Bar Peanut Butter Dark Chocolate Jar,249,0,4,249,400,FALSE,400,15:33.1
1711,Packaged Food,Cantina Tabasco Green Sauce,140,15,6,119,60,FALSE,60,15:33.1
1712,Packaged Food,Pantai Pad Thai Sauce (Non-Veg),325,9,5,293,200,FALSE,200,15:33.1
1713,Packaged Food,Pantai Sweet Chilli Sauce,275,14,6,234,200,FALSE,200,15:33.1
1714,Packaged Food,Ching's Secret Schezwan Instant Noodle,114,0,6,114,480,FALSE,480,15:33.1
1715,Packaged Food,Yummiez Chicken Garlic Fingers Pouch,250,0,5,250,400,FALSE,400,15:33.1
1716,Packaged Food,Pediasure Premium Chocolate Powdered Health Drink,610,0,2,610,400,FALSE,400,15:33.1
1717,Packaged Food,Chings Secret Hot Garlic Instant Noodles,91,0,6,91,60,FALSE,60,15:33.1
1718,Packaged Food,Godrej Yummiez Cheese Corn Nuggets ,230,0,4,230,400,FALSE,400,15:33.1
1719,Packaged Food,Pantai Hot Chilli Sauce,275,14,6,234,200,FALSE,200,15:33.1
1720,Packaged Food,Knorr International Mexican Tomato Corn Soup ,65,6,3,61,52,FALSE,52,15:33.1
1721,Packaged Food,Bagrry's Fruit Fibre Muesli Mixed Fruit ,595,0,5,595,1000,FALSE,1,15:33.1
1722,Packaged Food,MTR Roasted Vermicelli ,105,0,4,105,850,FALSE,850,15:33.1
1723,Packaged Food,Maggi 2-Minute Instant Noodles - Masala,44,0,0,44,280,TRUE,280,15:33.1
1725,Packaged Food,Kellogg's Chocos Combo Pack,60,6,0,56,156,TRUE,156,15:33.1
1726,Packaged Food,Kissan Mixed Fruit Jam ,155,0,0,155,500,TRUE,500,15:33.1
1727,Packaged Food,Lijjat Urad Papad,60,5,0,57,200,TRUE,200,15:33.1
1728,Packaged Food,Amul Cheese Spread Yummy Plain,85,0,0,85,200,TRUE,200,15:33.1
1729,Packaged Food,Mother's Recipe Ginger And Garlic Paste,50,24,0,38,200,TRUE,200,15:33.1
1730,Packaged Food,Maggi Magic Cubes Chicken,40,2,0,39,40,TRUE,40,15:33.1
1731,Packaged Food,Pedigree Puppy Chicken Chunks in Gravy ,35,2,0,34,70,TRUE,70,15:33.1
1732,Packaged Food,The Whole Truth Peanut Butter - Unsweetened & Crunchy,185,20,0,148,325,TRUE,325,15:33.1
1733,Packaged Food,Ching's Chow Mein Hakka Noodles Masala,10,0,0,10,20,TRUE,20,15:33.1
1734,Packaged Food,Safal Frozen Mixed Vegetables,60,5,0,57,500,TRUE,500,15:33.1
1735,Packaged Food,Safal Frozen Corn,41,4,0,39,200,TRUE,200,15:33.1
1736,Packaged Food,Amul Cheese Spread Spicy Garlic,85,3,0,82,200,TRUE,200,15:33.1
1737,Packaged Food,Ching's Secret Veg Hakka Noodles,107,0,0,107,600,TRUE,600,15:33.1
1738,Packaged Food,Saffola Oats 100 % Natural,15,0,0,15,38,TRUE,38,15:33.1
1739,Packaged Food,Lijjat Moong Papad,60,5,0,57,200,TRUE,200,15:33.1
1740,Packaged Food,Mothers Recipe Papad - Sabudana With Rock Salt,31,9,0,28,70,TRUE,70,15:33.1
1741,Packaged Food,Maggi Chilly Chow Cuppa Noodles,50,0,0,50,70,TRUE,70,15:33.1
1742,Packaged Food,Veeba Favourites Eggless Burger Mayonnaise,69,8,0,63,250,TRUE,250,15:33.1
1743,Packaged Food,Sunfeast Yippee! Magic Masala Noodles,48,6,0,45,240,TRUE,240,15:33.1
1744,Packaged Food,Top Ramen Masala,91,9,0,82,560,TRUE,560,15:33.1
1745,Packaged Food,Kelloggs Corn Flakes With Real Strawberry Pure,265,10,0,236,575,TRUE,575,15:33.1
1746,Packaged Food,Mother's Recipe Potato Papad,31,9,0,28,70,TRUE,75,15:33.1
1747,Packaged Food,Mothers Recipe Rice Papad Ajwain,24,0,0,24,75,TRUE,75,15:33.1
1748,Packaged Food,Chef's Basket Durum Wheat Penne Pasta,160,50,0,80,500,TRUE,500,15:33.1
1749,Packaged Food,Dabur Hommade - Imli Sauce Saunth,20,10,0,18,100,TRUE,100,15:33.1
1750,Packaged Food,Zorabian Chicken Kheema Parathas,190,0,0,190,300,TRUE,300,15:33.1
1751,Packaged Food,Sunfeast Pasta Treat Pack of Tomato Cheese,28,17,0,23,65,TRUE,65,15:33.1
1752,Packaged Food,Safal Frozen - Sweet Corn,160,5,0,152,1000,TRUE,1,15:33.1
1753,Packaged Food,MTR Vegetable Upma,25,0,0,25,60,TRUE,60,15:33.1
1754,Packaged Food,Del Monte Original Blend Tomato Ketchup Pouch,120,7,0,111,950,TRUE,950,15:33.1
1755,Packaged Food,Del Monte Natural Vinegar ,55,3,0,53,180,TRUE,180,15:33.1
1756,Packaged Food,Del Monte Eggless Mayo,135,6,0,126,500,TRUE,500,15:33.1
1757,Packaged Food,ITC Master Chef Cheesy Corn Triangles,160,5,0,152,320,TRUE,320,15:33.1
1758,Packaged Food,Mother's Recipe Mixed Pickle ,115,4,0,110,400,TRUE,400,15:33.1
1759,Packaged Food,Godrej Yummiez Chicken Breakfast Salami,150,4,0,143,250,TRUE,250,15:33.1
1760,Packaged Food,Hershey's Cocoa + Almond Spread,295,9,0,266,350,TRUE,350,15:33.1
1761,Packaged Food,Maggi Special Masala Spicy Yummy Noodles,72,0,0,72,280,TRUE,280,15:33.1
1762,Packaged Food,Del Monte Schezwan Sauce,55,0,0,55,190,TRUE,190,15:33.1
1763,Packaged Food,Yummiez Green Peas,135,0,0,135,500,TRUE,500,15:33.1
1764,Packaged Food,Yummiez Green Peas,250,0,0,250,1000,TRUE,1,15:33.1
1765,Packaged Food,Yummiez American Sweet Corn,85,0,0,85,400,TRUE,400,15:33.1
1766,Packaged Food,Dr Oetker Cucumber & Carrot Sandwich Spread Veg,79,0,0,79,250,TRUE,250,15:33.1
1767,Packaged Food,Del Monte Pitted Green Olives,250,0,0,250,450,TRUE,450,15:33.1
1768,Ice Cream & Desserts,Maggi 2 Minute Masala Noodles,12,0,6,12,70,FALSE,70,15:33.1
1769,Ice Cream & Desserts,iD Idli & Dosa Batter ,80,15,6,68,1000,FALSE,1,15:33.1
1770,Ice Cream & Desserts,iD Malabar Parota ,80,10,4,72,400,FALSE,400,15:33.1
1771,Ice Cream & Desserts,iD Wheat Lachha Paratha,80,12,6,70,400,FALSE,400,15:33.1
1772,Ice Cream & Desserts,McCain Aloo Tikki,110,4,6,105,400,FALSE,400,15:33.1
1773,Ice Cream & Desserts,McCain Smiles Cripsy Happy Potatoes,120,5,6,114,415,FALSE,415,15:33.1
1774,Ice Cream & Desserts,McCain Veggie Burger Patty,115,3,6,111,360,FALSE,360,15:33.1
1775,Ice Cream & Desserts,McCain Veggie Fingers,117,5,6,111,400,FALSE,400,15:33.1
1776,Ice Cream & Desserts,Amul Delicious Fat Spread - Cholesterol Free,18,5,6,17,100,FALSE,100,15:33.1
1777,Ice Cream & Desserts,Whiskas Wetá Meal (Adult - Cat Food)á Chicken in Gravy,35,2,2,34,85,FALSE,85,15:33.1
1778,Ice Cream & Desserts,McCain Chilli Garlic Potato Bites Crunchy Potato Nuggets,125,5,1,118,420,FALSE,420,15:33.1
1779,Ice Cream & Desserts,Ching's Secret Instant Hot Garlic Noodles,15,0,3,15,60,FALSE,60,15:33.1
1780,Ice Cream & Desserts,Veeba Eggless Mayonnaise,79,11,5,70,250,FALSE,250,15:33.1
1781,Ice Cream & Desserts,Ching's Secret Instant Schezwan Noodles,15,0,6,15,60,FALSE,60,15:33.1
1782,Ice Cream & Desserts,Veeba Pasta And Pizza Sauce,75,13,5,65,280,FALSE,280,15:33.1
1783,Ice Cream & Desserts,Top Ramen  Noodles Curry Veg Pouch,20,0,1,20,70,FALSE,70,15:33.1
1784,Ice Cream & Desserts,Saffola Veggie Twist Masala Oats,15,0,6,15,38,FALSE,38,15:33.1
1785,Ice Cream & Desserts,Unibic Almond & Oats Protein Bar,40,17,4,33,30,FALSE,30,15:33.1
1786,Ice Cream & Desserts,Quaker Oats,79,0,2,79,400,FALSE,400,15:33.1
1787,Ice Cream & Desserts,Amul Delicious Fat Spread - Cholesterol Free,88,2,2,86,500,FALSE,500,15:33.1
1788,Ice Cream & Desserts,McCain French Fries,120,5,1,114,420,FALSE,420,15:33.1
1789,Ice Cream & Desserts,Ching's Secret Manchow Instant Soup,10,0,1,10,15,FALSE,15,15:33.1
1790,Ice Cream & Desserts,McCain Potato Cheese Shotz,130,4,6,124,250,FALSE,250,15:33.1
1791,Ice Cream & Desserts,McCain Masala - Fries,120,5,3,114,375,FALSE,375,15:33.1
1792,Ice Cream & Desserts,Ching's Secret Schezwan Fried Rice Masala,15,0,6,15,20,FALSE,20,15:33.1
1793,Ice Cream & Desserts,McCain New Mini Samosa with Cheese Pizza Style Filling,120,1,3,118,240,FALSE,240,15:33.1
1794,Ice Cream & Desserts,McCain Chilli Cheesy Nuggets,130,4,1,124,250,FALSE,250,15:33.1
1796,Ice Cream & Desserts,Chings Instant Soup - Hot & Sour,10,0,1,10,15,FALSE,15,15:33.1
1797,Ice Cream & Desserts,Amul Spray Infant Milk Food,197,2,6,193,500,FALSE,500,15:33.1
1798,Ice Cream & Desserts,McCain Smiles - Pudina Chatka,120,5,3,114,375,FALSE,375,15:33.1
1799,Ice Cream & Desserts,McCain French Fries Crisp & Delicious,175,4,3,167,750,FALSE,750,15:33.1
1800,Ice Cream & Desserts,Ferrero Nutella Hazelnut Spread,220,5,2,207,180,FALSE,180,15:33.1
1801,Ice Cream & Desserts,Lijjat Garlic Papad,60,5,5,57,200,FALSE,200,15:33.1
1802,Ice Cream & Desserts,Switz Samosa Dough Sheets,90,4,6,86,50,FALSE,50,15:33.1
1803,Ice Cream & Desserts,Amul Cheese Spread Creamy,85,5,6,80,180,FALSE,180,15:33.1
1804,Ice Cream & Desserts,Maggi Imli Sauce Pichkoo,22,0,6,22,90,FALSE,90,15:33.1
1805,Ice Cream & Desserts,Whiskas Kitten (2-12 months) Dry Cat Food Food Ocean Fish,385,9,5,347,1100,FALSE,1100,15:33.1
1806,Ice Cream & Desserts,Chings Instant Soup - Sweet Corn Veg,10,0,2,10,15,FALSE,15,15:33.1
1807,Ice Cream & Desserts,Whiskas Wetá Meal (Kitten - Cat Food)á Chicken in Gravy,35,5,2,33,85,FALSE,85,15:33.1
1808,Ice Cream & Desserts,McCain Crazy Fries Masala MixHot 'n' Tangy,120,5,6,114,400,FALSE,400,15:33.1
1809,Ice Cream & Desserts,The Whole Truth Double Cocoa Protein Bar No Sugar,100,10,6,90,52,FALSE,52,15:33.1
1810,Ice Cream & Desserts,Amul Happy Treats French Fries,68,4,1,65,425,FALSE,425,15:33.1
1811,Ice Cream & Desserts,Ferrero Nutella Hazeulnut Spread,380,6,5,357,350,FALSE,350,15:33.1
1812,Ice Cream & Desserts,Veeba Chipolte Southwest Dressing,161,7,4,149,300,FALSE,300,15:33.1
1813,Ice Cream & Desserts,Ching's Secret Manchow Noodles Instant Soup,15,0,6,15,20,FALSE,20,15:33.1
1814,Ice Cream & Desserts,Yoga Bar Breakfast Protein Bar - Blueberry Pie,50,12,1,44,50,FALSE,50,15:33.1
1815,Ice Cream & Desserts,Quaker Oats,199,7,6,184,1000,FALSE,1,15:33.1
1816,Ice Cream & Desserts,The Whole Truth Mini Protein Bar - Coconut Cocoa No Added Sugar,55,25,6,41,27,FALSE,27,15:33.1
1817,Ice Cream & Desserts,Switz Spring Roll Dough Sheets,90,4,6,86,1160,FALSE,20,15:33.1
1818,Ice Cream & Desserts,Unibic Fruit & Nut Real Cranberries & Almonds Protein Bar,40,17,6,33,30,FALSE,30,15:33.1
1819,Ice Cream & Desserts,Ching's Secret Tomato Instant Soup,10,0,1,10,16,FALSE,15,15:33.1
1820,Ice Cream & Desserts,Chef's Basket Durum Wheat Elbow Pasta,160,50,6,80,500,FALSE,500,15:33.1
1821,Ice Cream & Desserts,Sunfeast Yippee! Mood Masala Noodles,60,28,3,43,260,FALSE,260,15:33.1
1822,Ice Cream & Desserts,MTR Breakfast Khatta Meetha Poha Mix,25,20,6,20,60,FALSE,60,15:33.1
1823,Ice Cream & Desserts,Kellogg's Crunchy Fruit & Nut Breakfast Cereals Muesli,445,9,6,401,750,FALSE,750,15:33.1
1824,Ice Cream & Desserts,Ching's Secret Chilli Vinegar,50,0,4,50,170,FALSE,170,15:33.1
1825,Ice Cream & Desserts,Ching's Red Chilli Sauce,55,0,6,55,200,FALSE,200,15:33.1
1826,Ice Cream & Desserts,Amul Lite Spread,40,2,5,39,100,FALSE,100,15:33.1
1827,Ice Cream & Desserts,Borges Durum Wheat Fusilli Pasta ,250,0,3,250,500,FALSE,500,15:33.1
1828,Ice Cream & Desserts,The Whole Truth Cranberry Mini Protein Bar No Sugar,55,20,6,44,27,FALSE,27,15:33.1
1829,Ice Cream & Desserts,The Whole Truth Mini Protein Bar - Coffee Cocoa No Added Sugar,55,20,6,44,27,FALSE,27,15:33.1
1830,Ice Cream & Desserts,Maggi Hot & Sweet Tomato Chilli Sauce,115,0,1,115,500,FALSE,500,15:33.1
1831,Ice Cream & Desserts,Sunfeast YiPPee! Noodles - Magic Masala,96,5,4,91,540,FALSE,540,15:33.1
1832,Ice Cream & Desserts,Chef's Basket Durum Wheat Fusilli Pasta,160,50,6,80,500,FALSE,500,15:33.1
1833,Ice Cream & Desserts,Top Ramen Chicken Noodles,60,10,1,54,280,FALSE,280,15:33.1
1834,Ice Cream & Desserts,Veeba Cheese and Chilli Sandwich Spread,89,11,6,79,275,FALSE,275,15:33.1
1835,Ice Cream & Desserts,ChingÆs Secret Chowmein Hakka Noodles Masala ,44,0,2,44,60,FALSE,60,15:33.1
1836,Ice Cream & Desserts,Safal Frozen - Mixed Vegetables,110,4,2,105,1000,FALSE,1,15:33.1
1837,Ice Cream & Desserts,MTR 3 Min Poha,25,0,6,25,60,FALSE,60,15:33.1
1838,Ice Cream & Desserts,Ching's Manchurian Instant Noodles,15,0,5,15,60,FALSE,60,15:33.1
1839,Ice Cream & Desserts,The Whole Truth Peanut Cocoa Mini Protein Bar No Sugar ,55,25,6,41,27,FALSE,27,15:33.1
1840,Ice Cream & Desserts,Gits Pav Bhaji Ready to Eat,110,22,6,85,300,FALSE,300,15:33.1
1841,Ice Cream & Desserts,McCain New Mini Samosa with Cheese Corn Style Filling,120,1,2,118,240,FALSE,240,15:33.1
1842,Ice Cream & Desserts,Lijjat Udad Mini Papad,60,6,6,56,200,FALSE,200,15:33.1
1843,Ice Cream & Desserts,McCain Herb & Garlic Crazy Fries Masala Mix ,120,5,5,114,400,FALSE,400,15:33.1
1844,Ice Cream & Desserts,Yoga Bar Multigrain Energy Bar Nuts And Seeds,40,12,4,35,38,FALSE,38,15:33.1
1846,Ice Cream & Desserts,Veeba Pizza Topping,75,6,4,70,280,FALSE,280,15:33.1
1847,Ice Cream & Desserts,Switz Paratha Puff,110,4,6,105,400,FALSE,400,15:33.1
1849,Ice Cream & Desserts,The Whole Truth Double Cocoa Mini Protein Bar No Sugar,55,20,5,44,27,FALSE,27,15:33.1
1850,Ice Cream & Desserts,Sunfeast Yippee Tricolor Pasta Seasoning,28,17,1,23,65,FALSE,65,15:33.1
1851,Ice Cream & Desserts,Wingreens Cheesy Chipotle Sauce,99,49,1,50,130,FALSE,130,15:33.1
1852,Ice Cream & Desserts,Maggi Rich Tomato Ketchup,105,4,2,100,500,FALSE,500,15:33.1
1853,Ice Cream & Desserts,The Whole Truth Dark Chocolate Peanut Butter - Creamy,235,25,6,174,325,FALSE,325,15:33.1
1854,Ice Cream & Desserts,Godrej Yummiez Chicken Nuggets,325,9,1,293,500,FALSE,500,15:33.1
1855,Ice Cream & Desserts,Go Cheese  Spread Plain,99,5,6,94,200,FALSE,200,15:33.1
1856,Ice Cream & Desserts,Kellogg's Real Almond & Honey Corn Flakes,175,9,6,158,300,FALSE,300,15:33.1
1857,Ice Cream & Desserts,The Whole Truth Vegan Almond Choco Fudge Energy Bar No Sugar,60,20,6,48,40,FALSE,40,15:33.1
1858,Ice Cream & Desserts,Prasuma Vegetable Momos,270,0,5,270,24,FALSE,24,15:33.1
1859,Ice Cream & Desserts,MTR Upma,50,10,6,45,160,FALSE,160,15:33.1
1860,Ice Cream & Desserts,Ching's Schezwan Masala Instant Noodles,60,0,1,60,240,FALSE,240,15:33.1
1861,Ice Cream & Desserts,The Whole Truth Cranberry Protein Bar No Sugar,100,26,6,74,52,FALSE,52,15:33.1
1862,Ice Cream & Desserts,Saffola Yummy Masala Noodles ,20,0,2,20,46,FALSE,46,15:33.1
1863,Ice Cream & Desserts,Veeba English Mustard,74,6,2,69,300,FALSE,300,15:33.1
1864,Ice Cream & Desserts,Dabur Hommade Tamarind Paste,48,6,6,45,200,FALSE,200,15:33.1
1865,Ice Cream & Desserts,Yoga Bar Breakfast Muesli - Almond Caramel (No Added Sugar),325,4,6,309,400,FALSE,400,15:33.1
1866,Ice Cream & Desserts,The Whole Truth Mini Protein Bar - Peanut Butter No Added Sugar,55,25,6,41,27,FALSE,27,15:33.1
1867,Ice Cream & Desserts,ITC Master Chef Crispy Chicken Fries ,170,4,3,162,280,FALSE,280,15:33.1
1868,Ice Cream & Desserts,Kelloggs Corn Flakes,99,13,6,86,250,FALSE,250,15:33.1
1869,Ice Cream & Desserts,Nissin Cup Noodles Tangy Tomato,50,10,2,45,70,FALSE,70,15:33.1
1870,Ice Cream & Desserts,Smith & Jones White Pasta Sauce Mix,40,0,3,40,46,FALSE,46,15:33.1
1871,Ice Cream & Desserts,Sunfeast Yippee! Pasta Treat - Sour Cream Onion,28,10,1,25,65,FALSE,65,15:33.1
1872,Ice Cream & Desserts,Mothers Recipe Tamrind Date Chutney ,55,9,2,50,200,FALSE,200,15:33.1
1873,Ice Cream & Desserts,Veeba Mint Mayonnaise,169,8,4,155,300,FALSE,300,15:33.1
1874,Ice Cream & Desserts,Mccain Emotibites - Crispy Happy Potato Snack,130,0,6,129,415,FALSE,415,15:33.1
1875,Ice Cream & Desserts,The Whole Truth Energy Bar Choco Cranberry Fudge,60,26,6,44,40,FALSE,40,15:33.1
1876,Ice Cream & Desserts,Godrej Yummiez Chicken Lucknowi Seekh Kebab,260,10,4,234,400,FALSE,400,15:33.1
1877,Ice Cream & Desserts,Prasuma Vegetable Momos,150,0,5,150,580,FALSE,10,15:33.1
1878,Ice Cream & Desserts,Mother's Recipe Mixed Pickle,85,9,2,77,300,FALSE,300,15:33.1
1879,Ice Cream & Desserts,Sunfeast Yippee! Pasta Treat - Sour Cream Onion,28,17,3,23,65,FALSE,65,15:33.1
1880,Ice Cream & Desserts,The Whole Truth Peanut Cocoa Protein Bar No Sugar,100,26,6,74,52,FALSE,52,15:33.1
1881,Ice Cream & Desserts,Yoga Bar Breakfast Muesli - Chocolate & Cranberry ,325,4,6,309,400,FALSE,400,15:33.1
1882,Ice Cream & Desserts,Sunfeast YiPPee! Magic Masala Noodles,70,10,3,63,405,FALSE,405,15:33.1
1883,Ice Cream & Desserts,Veeba Sweet Onion Sauce,141,14,4,121,350,FALSE,350,15:33.1
1884,Ice Cream & Desserts,Quaker Oats Breakfast Cereals - With Flavour Mix Nutritious Rich Source Of Energy,49,8,6,45,200,FALSE,200,15:33.1
1885,Ice Cream & Desserts,Mother's Recipe Tamarind Paste,50,2,6,49,200,FALSE,200,15:33.1
1886,Ice Cream & Desserts,Yogabar No Added Sugar Protein Bar Brownie,125,15,4,106,60,FALSE,60,15:33.1
1887,Ice Cream & Desserts,Bambino Popular Vermicelli ,40,2,3,39,400,FALSE,400,15:33.1
1888,Ice Cream & Desserts,Ching's Secret Mix Veg Instant Soup,10,0,3,10,15,FALSE,15,15:33.1
1889,Ice Cream & Desserts,Mother's Recipe Pickle - Red Stuffed Chilli,145,11,3,129,400,FALSE,400,15:33.1
1890,Ice Cream & Desserts,Kellogg's No Added Sugar Muesli,335,11,6,298,500,FALSE,500,15:33.1
1891,Ice Cream & Desserts,Veeba Salsa Dip,119,6,6,111,360,FALSE,360,15:33.1
1892,Ice Cream & Desserts,Veeba Thousand Island Dressing,149,8,6,137,300,FALSE,300,15:33.1
1893,Ice Cream & Desserts,Baggry's Crunchy Muesli Almond Raisins & Honey,130,0,5,130,200,FALSE,200,15:33.1
1894,Ice Cream & Desserts,Knorr Chinese Hot And Sour Veg Soup,55,3,1,53,43,FALSE,43,15:33.1
1895,Ice Cream & Desserts,Go Cheese Spread - Garlic,99,5,6,94,200,FALSE,200,15:33.1
1896,Ice Cream & Desserts,The Whole Truth Peanut Butter With Dates - Creamy No Sugar,215,9,6,194,325,FALSE,325,15:33.1
1897,Ice Cream & Desserts,Zorabian Chicken Smoked Ham,205,5,1,194,250,FALSE,250,15:33.1
1898,Ice Cream & Desserts,Kissan Pineapple Jam,165,9,1,149,500,FALSE,500,15:33.1
1899,Ice Cream & Desserts,Smith & Jones Masala Noodles,89,0,5,89,480,FALSE,480,15:33.1
1900,Ice Cream & Desserts,Nestle Nestle Nan Pro Follow-Up Formula,650,0,6,650,400,FALSE,400,15:33.1
1901,Ice Cream & Desserts,Sunfeast Yippee! Power Up Atta Noodles,96,15,6,81,280,FALSE,280,15:33.1
1902,Ice Cream & Desserts,McCain Super Wedges,120,7,6,111,400,FALSE,400,15:33.1
1904,Ice Cream & Desserts,Kellogg's Chocos,130,10,6,117,250,FALSE,250,15:33.1
1905,Ice Cream & Desserts,Ching's Secret Just Soak - Whole Wheat Veg Hakka Noodle,32,0,3,32,150,FALSE,150,15:33.1
1906,Ice Cream & Desserts,The Whole Truth Vegan Fig Apricot & Orange Energy Bar No Sugar,60,20,6,48,40,FALSE,40,15:33.1
1907,Ice Cream & Desserts,Saffola Veggie Twist Masala Oats,195,12,2,171,500,FALSE,500,15:33.1
1908,Ice Cream & Desserts,ITC Master Chef Classic Aloo Tikki,80,10,3,72,320,FALSE,320,15:33.1
1909,Ice Cream & Desserts,Smith & Jones Pink Pasta Sauce Mix,40,0,4,40,46,FALSE,46,15:33.1
1910,Ice Cream & Desserts,Wingreens Farms Chipotle Dip,200,25,1,150,180,FALSE,180,15:33.1
1911,Ice Cream & Desserts,Kellogg's Real Almond & Honey Corn Flakes,550,5,3,520,1000,FALSE,1,15:33.1
1912,Ice Cream & Desserts,Kellogg's Crunchy Granola Chocolate & Almonds,330,10,3,294,450,FALSE,450,15:33.1
1913,Ice Cream & Desserts,Cornitos Cornitos Taco Shells - 6 Inches,160,20,4,128,180,FALSE,180,15:33.1
1914,Ice Cream & Desserts,Ching's Secret Singapore Curry Instant Noodles,15,0,3,15,60,FALSE,60,15:33.1
1915,Ice Cream & Desserts,Mother's Recipe Pickle - Mango,125,9,6,113,400,FALSE,500,15:33.1
1916,Ice Cream & Desserts,Godrej Yummiez Chilli Chicken Sausages ,160,10,3,144,250,FALSE,250,15:33.1
1917,Ice Cream & Desserts,Pedigree Dentastix  Dog Treat Oral Care for Adult Medium Breed ,175,20,6,140,180,FALSE,180,15:33.1
1918,Ice Cream & Desserts,Maggi Hot & Sweet - Tomato Chilli Sauce,170,10,1,153,1000,FALSE,1,15:33.1
1919,Ice Cream & Desserts,Ching's Secret Asian Hot Instant Soup,15,0,3,15,15,FALSE,15,15:33.1
1920,Ice Cream & Desserts,KelloggÆs Chocos Protein And Fibre Of 1 Roti,499,11,6,444,1200,FALSE,1,15:33.1
1921,Ice Cream & Desserts,Mother's Recipe Pickle - Mango,149,26,4,109,500,FALSE,500,15:33.1
1922,Ice Cream & Desserts,Chings Secret Manchurian Instant Noodle,60,0,6,60,240,FALSE,240,15:33.1
1923,Ice Cream & Desserts,Kellogg's Original Corn Flakes,310,6,6,290,875,FALSE,875,15:33.1
1924,Ice Cream & Desserts,Ching's Singapore Curry Instant Noodles,60,0,4,60,240,FALSE,240,15:33.1
1925,Ice Cream & Desserts,Kellogg's Almonds And Cranberries Granola,330,6,6,310,460,FALSE,460,15:33.1
1926,Ice Cream & Desserts,Nestle Ceregrow Multigrain Cereal with Milk and Fruits - 3 to 6 years,292,0,6,292,300,FALSE,300,15:33.1
1927,Ice Cream & Desserts,MTR 3 Minute Breakfast - Magic Masala Upma,25,0,6,25,60,FALSE,60,15:33.1
1928,Ice Cream & Desserts,Smith & Jones Masala Noodles,68,10,5,61,360,FALSE,360,15:33.1
1930,Ice Cream & Desserts,Godrej Yummiez Chicken Punjabi Tikka ,295,9,6,266,360,FALSE,360,15:33.1
1931,Ice Cream & Desserts,Kellogg's Corn Flakes,425,9,1,383,1000,FALSE,1,15:33.1
1932,Ice Cream & Desserts,Kelloggs Chocos,170,5,4,160,385,FALSE,385,15:33.1
1933,Ice Cream & Desserts,Pedigree Puppy Dry Dog Food Food Chicken & Milk,290,20,6,232,1200,FALSE,1200,15:33.1
1934,Ice Cream & Desserts,Ching's Secret Lemon Coriander Instant Soup,15,0,5,15,15,FALSE,15,15:33.1
1935,Ice Cream & Desserts,Nestle Cerelac Baby Cereal With Milk Wheat-Rice Mixed Fruit,261,0,6,261,300,FALSE,300,15:33.1
1936,Ice Cream & Desserts,Kelloggs Chocos - Moons & Stars,660,40,4,396,1200,FALSE,1,15:33.1
1937,Ice Cream & Desserts,ITC Master Chef Chicken Galouti Kebab,170,4,2,162,210,FALSE,210,15:33.1
1938,Ice Cream & Desserts,Yogabar 100% Pure Peanut Butter Creamy & Yummy Unsweetened,229,10,6,206,400,FALSE,400,15:33.1
1939,Ice Cream & Desserts,Kitchens Of India Palak Paneer,130,30,6,91,285,FALSE,285,15:33.1
1940,Ice Cream & Desserts,Kelloggs Chocos Fills Double Chocolat,99,11,6,88,175,FALSE,175,15:33.1
1941,Ice Cream & Desserts,Soulfull Ragi Bites Choco Fills,169,5,4,160,250,FALSE,250,15:33.1
1942,Ice Cream & Desserts,Figaro Sliced Black Olive ,179,0,6,179,450,FALSE,450,15:33.1
1943,Ice Cream & Desserts,Veeba Barbeque Sauce,149,8,6,137,330,FALSE,330,15:33.1
1944,Ice Cream & Desserts,The Whole Truth Vegan Mocha Almond Fudge Energy Bar No Sugar,60,20,6,48,40,FALSE,40,15:33.1
1946,Ice Cream & Desserts,Pantai Green Curry Paste,150,14,5,128,114,FALSE,114,15:33.1
1947,Ice Cream & Desserts,Kelloggs Special K,210,8,5,192,435,FALSE,435,15:33.1
1948,Ice Cream & Desserts,Moi Soi Sichuan Chilli Oil- For Stir Fry Marinade Spread & Dip,280,50,5,140,175,FALSE,175,15:33.1
1949,Ice Cream & Desserts,Mother's Recipe Madras Appalam,50,10,6,45,100,FALSE,100,15:33.1
1950,Ice Cream & Desserts,Top Ramen Masala Oat Masala,80,10,6,72,280,FALSE,280,15:33.1
1951,Ice Cream & Desserts,Saffola Everyday Peppy Tomato Masala Oats,195,12,6,171,500,FALSE,500,15:33.1
1953,Ice Cream & Desserts,Kitchens Of India Chicken Chettinad,200,30,1,140,285,FALSE,285,15:33.1
1954,Ice Cream & Desserts,Nestle Cerelac Wheat - Stage 1,190,0,6,190,300,FALSE,300,15:33.1
1955,Ice Cream & Desserts,Sumeru Aloo Paratha,119,5,6,113,400,FALSE,400,15:33.1
1956,Ice Cream & Desserts,ITC Master Chef Veggie Pizza Pocket,170,4,4,162,340,FALSE,340,15:33.1
1957,Ice Cream & Desserts,Wingreens Farms Tangy Cheese Pita Chips & Mexican Salsa Dip,60,15,1,51,70,FALSE,70,15:33.1
1958,Ice Cream & Desserts,Ching's Secret Manchow Soup,55,0,3,55,55,FALSE,55,15:33.1
1959,Ice Cream & Desserts,Veeba Carrot & Cucumber Sandwich Spread,85,10,6,76,250,FALSE,250,15:33.1
1960,Ice Cream & Desserts,Kellogg's Real Almond & Honey Corn Flakes,370,12,3,324,650,FALSE,650,15:33.1
1961,Ice Cream & Desserts,Kitchens Of India Mughlai Paneer,160,30,4,112,285,FALSE,285,15:33.1
1962,Ice Cream & Desserts,Ching's Secret Just Soak - Veg Hakka Noodles,30,0,5,30,150,FALSE,150,15:33.1
1963,Ice Cream & Desserts,Ching's Secret Chowmein Hakka Noodles Masala,60,10,2,54,100,FALSE,100,15:33.1
1964,Ice Cream & Desserts,The Whole Truth Dark Chocolate Peanut Butter - Crunchy,235,20,5,188,325,FALSE,325,15:33.1
1965,Ice Cream & Desserts,Mother's Recipe Bhel Puri Chutney,55,9,4,50,200,FALSE,200,15:33.1
1966,Ice Cream & Desserts,Kelloggs Chocos Moon & Stars,330,10,6,294,680,FALSE,680,15:33.1
1967,Ice Cream & Desserts,Mother's Recipe Lime Pickle ,120,5,1,114,400,FALSE,400,15:33.1
1968,Ice Cream & Desserts,Kitchens of India Dal Makhani,110,30,2,77,285,FALSE,285,15:33.1
1969,Ice Cream & Desserts,Pantai Light Soy Sauce,275,14,5,234,200,FALSE,200,15:33.1
1970,Ice Cream & Desserts,Ching's Secret Sweet Corn Soup,55,0,6,55,55,FALSE,55,15:33.1
1972,Ice Cream & Desserts,Cantina Tortilla Dip Sauce Sour Creamy Tex Mex,225,15,5,191,190,FALSE,190,15:33.1
1973,Ice Cream & Desserts,Dabur Hommade - Rajasthan Ki Garlic Chutne,65,6,6,61,200,FALSE,200,15:33.1
1974,Ice Cream & Desserts,MTR Seviyan Vermicelli ,42,0,2,42,400,FALSE,400,15:33.1
1975,Ice Cream & Desserts,Pantai Oyster Sauce,275,14,4,234,200,FALSE,200,15:33.1
1976,Ice Cream & Desserts,Go Cheese Spread - Four Pepper (Soft & Creamy),99,5,6,94,200,FALSE,200,15:33.1
1977,Ice Cream & Desserts,MTR Ready To Eat Paneer Butter Masala,135,9,2,122,300,FALSE,300,15:33.1
1978,Ice Cream & Desserts,Nestle Lactogen Stage 2 Follow-up Formula Powder,340,0,2,340,400,FALSE,400,15:33.1
1979,Ice Cream & Desserts,Kellogg's Crunchy Bites Chocos,190,10,6,171,375,FALSE,375,15:33.1
1980,Ice Cream & Desserts,Veeba Hot Sweet Tomato Chilli Sauce,104,20,3,83,500,FALSE,500,15:33.1
1981,Ice Cream & Desserts,Borges Durum Wheat Pasta Superior Quality,250,40,6,149,500,FALSE,500,15:33.1
1982,Ice Cream & Desserts,Funfoods Peanut Butter Crunchy,169,7,1,156,400,FALSE,400,15:33.1
1983,Ice Cream & Desserts,Pantai Red Curry Paste,60,0,4,60,50,FALSE,50,15:33.1
1984,Ice Cream & Desserts,ITC Master Chef Chicken Seekh Kabab,325,0,6,325,500,FALSE,500,15:33.1
1985,Ice Cream & Desserts,Del Monte Pizza & Pasta Sauce Spout Pack,99,0,3,99,400,FALSE,400,15:33.1
1986,Ice Cream & Desserts,Pantai Sriracha Red Chilli Sauce,225,15,6,191,200,FALSE,200,15:33.1
1987,Ice Cream & Desserts,Hershey's Cocoa Spread,295,0,3,295,350,FALSE,350,15:33.1
1988,Ice Cream & Desserts,Maggi Ghee Tadka Upma Express Pouch,25,0,6,25,65,FALSE,65,15:33.1
1989,Ice Cream & Desserts,Ching's Secret Manchurian Noodles,91,0,5,91,360,FALSE,360,15:33.1
1990,Ice Cream & Desserts,Kellogg's All Bran Wheat Flakes,220,6,5,205,425,FALSE,425,15:33.1
1991,Ice Cream & Desserts,Yummiez Chicken Breakfast Sausages,150,0,3,150,250,FALSE,250,15:33.1
1992,Ice Cream & Desserts,Pantai Red Curry Paste,150,14,3,128,114,FALSE,114,15:33.1
1993,Ice Cream & Desserts,Bagrrys Muesli Crunchy Fruit & Nut With Cranberries,330,10,6,297,400,FALSE,400,15:33.1
1994,Ice Cream & Desserts,Quaker Oats Pouch,276,10,6,248,1500,FALSE,1,15:33.1
1995,Ice Cream & Desserts,Prasuma Momos -  Cheesy Spicy Veg,295,0,6,295,24,FALSE,24,15:33.1
1996,Ice Cream & Desserts,Veeba Sriracha Chilli Garlic Sauce,149,8,5,137,320,FALSE,320,15:33.1
1997,Ice Cream & Desserts,Ching's Secret Just Soak - Veg Hakka Noodles,115,0,6,115,600,FALSE,600,15:33.1
1998,Ice Cream & Desserts,Moi Soi Kung Pao Sauce - For Stir Fry Marinade Spread & Dip,280,50,5,140,175,FALSE,175,15:33.1
1999,Ice Cream & Desserts,Figaro Plain Green Olive ,179,0,6,179,450,FALSE,450,15:33.1
2000,Ice Cream & Desserts,Mother's Recipe Gujrati Gorkeri Pickle,140,10,3,126,500,FALSE,500,15:33.1
2001,Ice Cream & Desserts,Kellogg's Muesli 20% Nuts Delight,320,0,6,320,500,FALSE,500,15:33.1
2002,Ice Cream & Desserts,Borges Farfalle Durum Wheat Pasta ,250,0,5,250,500,FALSE,500,15:33.1
2003,Ice Cream & Desserts,Kellogg's Chocos,299,10,4,269,700,FALSE,700,15:33.1
2004,Ice Cream & Desserts,Nestle Nan Pro 4 Follow Up Formula Powder For Older Infants ,620,0,1,620,400,FALSE,400,15:33.1
2005,Ice Cream & Desserts,Veeba Truly Tomato Ketchup,99,20,6,79,500,FALSE,500,15:33.1
2006,Ice Cream & Desserts,Ching's Secret Green Chilli Sauce,85,4,1,81,680,FALSE,680,15:33.1
2007,Ice Cream & Desserts,MTR Roasted Vermicelli ,55,0,1,55,400,FALSE,400,15:33.1
2008,Ice Cream & Desserts,Mother's Recipe Punjabi Teekha Mang Pickle,120,10,4,108,400,FALSE,400,15:33.1
2009,Ice Cream & Desserts,Ching's Secret Hot Garlic Instant Noodles,114,0,6,114,480,FALSE,480,15:33.1
2010,Ice Cream & Desserts,Kellogg's Real Honey Corn Flakes,290,7,5,267,630,FALSE,630,15:33.1
2011,Ice Cream & Desserts,ITC Master Chef Lebanese Falafel Kebab,130,4,4,124,230,FALSE,230,15:33.1
2012,Ice Cream & Desserts,Kelloggs Chocos Fills Double Chocolaty,185,10,5,165,250,FALSE,250,15:33.1
2013,Ice Cream & Desserts,Organic India Apple Cider Vinegar,595,9,2,536,500,FALSE,500,15:33.1
2014,Ice Cream & Desserts,Masala Oats Masala & Coriander ,195,9,5,176,500,FALSE,500,15:33.1
2015,Ice Cream & Desserts,Ching's Secret  Noodles - Pad Thai Lemongras,200,0,5,200,130,FALSE,130,15:33.1
2016,Ice Cream & Desserts,Bagrrys Fruit and Nut Muesli with Cranberries,499,0,5,499,750,FALSE,750,15:33.1
2017,Ice Cream & Desserts,Kitchens Of India Yellow Dal Tadka,110,30,6,77,285,FALSE,285,15:33.1
2018,Ice Cream & Desserts,Soulfull Vanilla Fills - Ragi Bites,169,5,6,160,250,FALSE,250,15:33.1
2019,Ice Cream & Desserts,Pantai Teriyaki Sauce with Garlic,325,15,6,276,200,FALSE,200,15:33.1
2020,Ice Cream & Desserts,Whiskas Adult Pocket Tuna Cat Food,410,0,1,410,1200,FALSE,1,15:33.1
2021,Ice Cream & Desserts,Kitchens Of India Chicken Darbari ,200,30,4,140,285,FALSE,285,15:33.1
2022,Ice Cream & Desserts,Soulfull Millet Muesli Fruit & Nut Almonds & Real Fruits,299,10,6,269,400,FALSE,400,15:33.1
2023,Ice Cream & Desserts,Smith & Jones Red Pasta Sauce Mix,40,0,6,40,46,FALSE,46,15:33.1
2024,Ice Cream & Desserts,Kellogg's Muesli Nuts Delight,425,9,3,383,750,FALSE,750,15:33.1
2025,Ice Cream & Desserts,Kitchens of India Dal Bukhara Gravy Mix,110,30,6,77,285,FALSE,285,15:33.1
2026,Ice Cream & Desserts,The Whole Truth Peanut Butter - Sweetened & Crunchy,215,20,6,172,325,FALSE,325,15:33.1
2027,Ice Cream & Desserts,Remia Mayonnaise,230,0,6,230,241,FALSE,241,15:33.1
2028,Ice Cream & Desserts,Ching's Secret Green Chilli Sauce,105,0,6,105,425,FALSE,425,15:33.1
2029,Ice Cream & Desserts,Bagrrys Fruit N Fibre Muesli - Strawberry,595,0,1,595,1000,FALSE,1,15:33.1
2030,Ice Cream & Desserts,Ching's Secret Tomato Oats Instant Soup,15,0,3,15,20,FALSE,20,15:33.1
2031,Ice Cream & Desserts,Kellogg's Special K Original Corn Flakes,140,5,1,133,290,FALSE,290,15:33.1
2032,Ice Cream & Desserts,Moi Soi  Black Bean Sauce - Dip Spread Stir Fry & Marinade,280,50,5,140,175,FALSE,175,15:33.1
2033,Ice Cream & Desserts,Tong Garden Wasabi Green Peas,175,4,6,167,150,FALSE,150,15:33.1
2034,Ice Cream & Desserts,Ching's Secret Red Chilli Sauce,105,0,4,105,440,FALSE,440,15:33.1
2035,Ice Cream & Desserts,Ching's Instant Hot and Sour Soup,55,0,5,55,55,FALSE,55,15:33.1
2036,Ice Cream & Desserts,Ching's Secret Noodles - Pad Thai Original,200,0,6,200,130,FALSE,130,15:33.1
2037,Ice Cream & Desserts,Aashirvaad Instant Meals - Khatta Meetha Pohaa With Millets,55,30,5,38,80,FALSE,80,15:33.1
2038,Ice Cream & Desserts,Del Monte Black Sliced Olives,250,0,1,250,450,FALSE,450,15:33.1
2039,Ice Cream & Desserts,Kitchens Of India Murgh Methi,220,30,5,154,285,FALSE,285,15:33.1
2040,Ice Cream & Desserts,Nestle Cerelac 5 Grains & Fruits Cereal,288,0,6,288,300,FALSE,300,15:33.1
2041,Ice Cream & Desserts,The Whole Truth - 5 Grain Muesli No Added Sugar,325,20,6,260,350,FALSE,350,15:33.1
2042,Ice Cream & Desserts,Ching's Secret  Pad Thai Noodles Green Curry,200,0,6,200,130,FALSE,130,15:33.1
2043,Ice Cream & Desserts,Aashirvaad Suji Halwa With Jaggery,75,0,6,75,70,FALSE,70,15:33.1
2044,Ice Cream & Desserts,Mother's Recipe Mango Pickle ,120,0,1,120,400,FALSE,400,15:33.1
2045,Ice Cream & Desserts,Ching's Secret Pad Thai Noodles - Extra Hot Thai Chilli,200,0,6,200,130,FALSE,130,15:33.1
2046,Ice Cream & Desserts,Kellogg's Special K Original Corn Flakes,399,11,6,355,900,FALSE,900,15:33.1
2047,Ice Cream & Desserts,Knorr Sweet Corn Chicken Soup,55,0,2,55,42,FALSE,42,15:33.1
2048,Ice Cream & Desserts,Ching's Secret Tomato Soup,55,0,6,55,55,FALSE,55,15:33.1
2049,Ice Cream & Desserts,Funfoods Peanut Butter Creamy,169,0,1,169,400,FALSE,400,15:33.1
2050,Ice Cream & Desserts,Japanese Choice Udon Noodles,295,9,6,266,250,FALSE,250,15:33.1
2051,Ice Cream & Desserts,Kelloggs Muesli - With 22% Fruit Magic,320,10,5,288,500,FALSE,500,15:33.1
2052,Ice Cream & Desserts,Dabur Hommade - Kalonji Tamatar Ki Chutney,65,6,6,61,200,FALSE,200,15:33.1
2053,Ice Cream & Desserts,Kitchens Of India Dal Makhani,110,30,1,77,285,FALSE,285,15:33.1
2054,Ice Cream & Desserts,Aashirvaad Suji Halwa With Jaggery,55,30,6,38,80,FALSE,80,15:33.1
2055,Ice Cream & Desserts,Del Monte Green Chili Sauce,55,0,3,55,190,FALSE,190,15:33.1
2056,Ice Cream & Desserts,Pedigree Dog Food Adult Chicken & Veg,660,10,1,594,3000,FALSE,3,15:33.1
2057,Ice Cream & Desserts,Kellogg's Original Corn Flakes,185,5,6,175,475,FALSE,475,15:33.1
2058,Ice Cream & Desserts,Pedigree Puppy Dry Dog Food Food Chicken & Milk,690,6,2,648,3000,FALSE,3,15:33.1
2059,Ice Cream & Desserts,Kitchens Of India Rajma Masala,110,30,5,77,285,FALSE,285,15:33.1
2060,Ice Cream & Desserts,Kitchen Of India Ready-To-Eat Pindi Channa,110,30,2,77,285,FALSE,285,15:33.1
2061,Ice Cream & Desserts,Figaro Pitted Black Olive ,179,0,6,179,450,FALSE,450,15:33.1
2062,Ice Cream & Desserts,Cantina Tabasco Red Sauce,140,15,6,119,60,FALSE,60,15:33.1
2063,Ice Cream & Desserts,Mother's Recipe Pickle - Mixed,149,26,6,109,500,FALSE,500,15:33.1
2064,Ice Cream & Desserts,Nestle Cerelac Baby Cereal with Milk 5 Grains & Vegetables from 18 to 24 Month,279,0,5,279,300,FALSE,300,15:33.1
2065,Ice Cream & Desserts,Mother's Recipe Tamarind Paste,50,2,2,49,200,FALSE,200,15:33.1
2066,Ice Cream & Desserts,Pedigree Meat Jerky Adult Dog Treat Barbecued Chicken,140,20,6,112,80,FALSE,80,15:33.1
2067,Ice Cream & Desserts,Veeba Peri Peri Sauce,161,0,6,161,300,FALSE,300,15:33.1
2068,Ice Cream & Desserts,Pantai Sriracha Yellow Chilli Sauce,225,15,6,191,200,FALSE,200,15:33.1
2069,Ice Cream & Desserts,Praakritik Organic Jumbo Rolled Oats,190,11,6,169,500,FALSE,500,15:33.1
2070,Ice Cream & Desserts,Ching's Secret Just Soak - Whole Wheat Veg Hakka Noodles,123,0,6,123,600,FALSE,600,15:33.1
2071,Ice Cream & Desserts,Pantai Spring Roll Sauce,275,10,6,245,200,FALSE,200,15:33.1
2072,Ice Cream & Desserts,MTR Vermicelli Payasam,75,0,6,75,180,FALSE,180,15:33.1
2073,Ice Cream & Desserts,Bagrrys Corn Flakes,350,0,6,350,880,FALSE,800,15:33.1
2074,Ice Cream & Desserts,MTR Ready To Eat Palak Paneer ,135,11,6,120,300,FALSE,300,15:33.1
2075,Ice Cream & Desserts,Del Monte Red Chili Sauce,55,0,5,55,190,FALSE,190,15:33.1
2076,Ice Cream & Desserts,Kitchens of India Mutter Paneer Mix,120,30,4,84,285,FALSE,285,15:33.1
2077,Ice Cream & Desserts,Pantai Green Curry Paste,60,6,6,56,50,FALSE,50,15:33.1
2078,Ice Cream & Desserts,The Laughing Cow Cheese Spread Plain,110,0,6,110,180,FALSE,180,15:33.1
2079,Ice Cream & Desserts,MTR Dal Fry,110,0,5,110,300,FALSE,300,15:33.1
2080,Ice Cream & Desserts,Pantai Fish Sauce,275,14,6,234,200,FALSE,200,15:33.1
2081,Ice Cream & Desserts,Cantina Beans Mexican Beans,250,14,6,213,410,FALSE,410,15:33.1
2082,Ice Cream & Desserts,Ching's Secret Manchurian Instant Noodle,114,0,6,114,480,FALSE,480,15:33.1
2083,Ice Cream & Desserts,Remia Salad Italian Dressing ,230,0,6,230,250,FALSE,250,15:33.1
2084,Ice Cream & Desserts,Yummiez Veg Cheese Fingers Pouch,230,0,4,230,400,FALSE,400,15:33.1
2085,Ice Cream & Desserts,MTR Dal Makhani,110,0,4,110,300,FALSE,300,15:33.1
2086,Ice Cream & Desserts,MTR Ready to Eat Pav Bhaji,110,0,6,110,300,FALSE,300,15:33.1
2087,Ice Cream & Desserts,Weikfield Tomato Salsa Instant Pasta,25,0,1,25,77,FALSE,77,15:33.1
2088,Ice Cream & Desserts,NestlT CERELAC Baby Cereal with Milk,272,0,1,272,300,FALSE,300,15:33.1
2089,Ice Cream & Desserts,Remia Salad Caesar Dressing,250,0,6,250,250,FALSE,250,15:33.1
2090,Ice Cream & Desserts,Bagrrys Fruit N Fibre Muesli Mixed Fruit,330,0,6,330,500,FALSE,500,15:33.1
2091,Ice Cream & Desserts,MTR Paneer Butter Masala & Veg Pulao,175,9,4,158,375,FALSE,375,15:33.1
2092,Ice Cream & Desserts,Sundrop Cocoa Nut Hazelnut Chocolatey Spread,120,0,6,120,160,FALSE,160,15:33.1
2093,Ice Cream & Desserts,Moi Soi Manchurian Sauce - For Stir Fry Marinade Spread & Dip,280,50,6,140,175,FALSE,175,15:33.1
2094,Ice Cream & Desserts,Pedigree Dog Food Adult Meat & Rice,660,7,2,608,3000,FALSE,3,15:33.1
2095,Ice Cream & Desserts,Pantai Sriracha Green Chilli Sauce,225,15,6,191,200,FALSE,200,15:33.1
2096,Ice Cream & Desserts,Pantai Chilli Garlic Sauce,275,14,6,234,200,FALSE,200,15:33.1
2097,Ice Cream & Desserts,Pantai Dark Soy Sauce,275,14,6,234,200,FALSE,200,15:33.1
2098,Ice Cream & Desserts,Yoga Bar Peanut Butter Dark Chocolate Jar,249,0,4,249,400,FALSE,400,15:33.1
2099,Ice Cream & Desserts,Cantina Tabasco Green Sauce,140,15,6,119,60,FALSE,60,15:33.1
2100,Ice Cream & Desserts,Pantai Pad Thai Sauce (Non-Veg),325,9,5,293,200,FALSE,200,15:33.1
2101,Ice Cream & Desserts,Pantai Sweet Chilli Sauce,275,14,6,234,200,FALSE,200,15:33.1
2102,Ice Cream & Desserts,Ching's Secret Schezwan Instant Noodle,114,0,6,114,480,FALSE,480,15:33.1
2103,Ice Cream & Desserts,Yummiez Chicken Garlic Fingers Pouch,250,0,5,250,400,FALSE,400,15:33.1
2104,Ice Cream & Desserts,Pediasure Premium Chocolate Powdered Health Drink,610,0,2,610,400,FALSE,400,15:33.1
2105,Ice Cream & Desserts,Chings Secret Hot Garlic Instant Noodles,91,0,6,91,60,FALSE,60,15:33.1
2106,Ice Cream & Desserts,Godrej Yummiez Cheese Corn Nuggets ,230,0,4,230,400,FALSE,400,15:33.1
2107,Ice Cream & Desserts,Pantai Hot Chilli Sauce,275,14,6,234,200,FALSE,200,15:33.1
2108,Ice Cream & Desserts,Knorr International Mexican Tomato Corn Soup ,65,6,3,61,52,FALSE,52,15:33.1
2109,Ice Cream & Desserts,Bagrry's Fruit Fibre Muesli Mixed Fruit ,595,0,5,595,1000,FALSE,1,15:33.1
2110,Ice Cream & Desserts,MTR Roasted Vermicelli ,105,0,4,105,850,FALSE,850,15:33.1
2111,Ice Cream & Desserts,Maggi 2-Minute Instant Noodles - Masala,44,0,0,44,280,TRUE,280,15:33.1
2113,Ice Cream & Desserts,Kellogg's Chocos Combo Pack,60,6,0,56,156,TRUE,156,15:33.1
2114,Ice Cream & Desserts,Kissan Mixed Fruit Jam ,155,0,0,155,500,TRUE,500,15:33.1
2115,Ice Cream & Desserts,Lijjat Urad Papad,60,5,0,57,200,TRUE,200,15:33.1
2116,Ice Cream & Desserts,Amul Cheese Spread Yummy Plain,85,0,0,85,200,TRUE,200,15:33.1
2117,Ice Cream & Desserts,Mother's Recipe Ginger And Garlic Paste,50,24,0,38,200,TRUE,200,15:33.1
2118,Ice Cream & Desserts,Maggi Magic Cubes Chicken,40,2,0,39,40,TRUE,40,15:33.1
2119,Ice Cream & Desserts,Pedigree Puppy Chicken Chunks in Gravy ,35,2,0,34,70,TRUE,70,15:33.1
2120,Ice Cream & Desserts,The Whole Truth Peanut Butter - Unsweetened & Crunchy,185,20,0,148,325,TRUE,325,15:33.1
2121,Ice Cream & Desserts,Ching's Chow Mein Hakka Noodles Masala,10,0,0,10,20,TRUE,20,15:33.1
2122,Ice Cream & Desserts,Safal Frozen Mixed Vegetables,60,5,0,57,500,TRUE,500,15:33.1
2123,Ice Cream & Desserts,Safal Frozen Corn,41,4,0,39,200,TRUE,200,15:33.1
2124,Ice Cream & Desserts,Amul Cheese Spread Spicy Garlic,85,3,0,82,200,TRUE,200,15:33.1
2125,Ice Cream & Desserts,Ching's Secret Veg Hakka Noodles,107,0,0,107,600,TRUE,600,15:33.1
2126,Ice Cream & Desserts,Saffola Oats 100 % Natural,15,0,0,15,38,TRUE,38,15:33.1
2127,Ice Cream & Desserts,Lijjat Moong Papad,60,5,0,57,200,TRUE,200,15:33.1
2128,Ice Cream & Desserts,Mothers Recipe Papad - Sabudana With Rock Salt,31,9,0,28,70,TRUE,70,15:33.1
2129,Ice Cream & Desserts,Maggi Chilly Chow Cuppa Noodles,50,0,0,50,70,TRUE,70,15:33.1
2130,Ice Cream & Desserts,Veeba Favourites Eggless Burger Mayonnaise,69,8,0,63,250,TRUE,250,15:33.1
2131,Ice Cream & Desserts,Sunfeast Yippee! Magic Masala Noodles,48,6,0,45,240,TRUE,240,15:33.1
2132,Ice Cream & Desserts,Top Ramen Masala,91,9,0,82,560,TRUE,560,15:33.1
2133,Ice Cream & Desserts,Kelloggs Corn Flakes With Real Strawberry Pure,265,10,0,236,575,TRUE,575,15:33.1
2134,Ice Cream & Desserts,Mother's Recipe Potato Papad,31,9,0,28,70,TRUE,75,15:33.1
2135,Ice Cream & Desserts,Mothers Recipe Rice Papad Ajwain,24,0,0,24,75,TRUE,75,15:33.1
2136,Ice Cream & Desserts,Chef's Basket Durum Wheat Penne Pasta,160,50,0,80,500,TRUE,500,15:33.1
2137,Ice Cream & Desserts,Dabur Hommade - Imli Sauce Saunth,20,10,0,18,100,TRUE,100,15:33.1
2138,Ice Cream & Desserts,Zorabian Chicken Kheema Parathas,190,0,0,190,300,TRUE,300,15:33.1
2139,Ice Cream & Desserts,Sunfeast Pasta Treat Pack of Tomato Cheese,28,17,0,23,65,TRUE,65,15:33.1
2140,Ice Cream & Desserts,Safal Frozen - Sweet Corn,160,5,0,152,1000,TRUE,1,15:33.1
2141,Ice Cream & Desserts,MTR Vegetable Upma,25,0,0,25,60,TRUE,60,15:33.1
2142,Ice Cream & Desserts,Del Monte Original Blend Tomato Ketchup Pouch,120,7,0,111,950,TRUE,950,15:33.1
2143,Ice Cream & Desserts,Del Monte Natural Vinegar ,55,3,0,53,180,TRUE,180,15:33.1
2144,Ice Cream & Desserts,Del Monte Eggless Mayo,135,6,0,126,500,TRUE,500,15:33.1
2145,Ice Cream & Desserts,ITC Master Chef Cheesy Corn Triangles,160,5,0,152,320,TRUE,320,15:33.1
2146,Ice Cream & Desserts,Mother's Recipe Mixed Pickle ,115,4,0,110,400,TRUE,400,15:33.1
2147,Ice Cream & Desserts,Godrej Yummiez Chicken Breakfast Salami,150,4,0,143,250,TRUE,250,15:33.1
2148,Ice Cream & Desserts,Hershey's Cocoa + Almond Spread,295,9,0,266,350,TRUE,350,15:33.1
2149,Ice Cream & Desserts,Maggi Special Masala Spicy Yummy Noodles,72,0,0,72,280,TRUE,280,15:33.1
2150,Ice Cream & Desserts,Del Monte Schezwan Sauce,55,0,0,55,190,TRUE,190,15:33.1
2151,Ice Cream & Desserts,Yummiez Green Peas,135,0,0,135,500,TRUE,500,15:33.1
2152,Ice Cream & Desserts,Yummiez Green Peas,250,0,0,250,1000,TRUE,1,15:33.1
2153,Ice Cream & Desserts,Yummiez American Sweet Corn,85,0,0,85,400,TRUE,400,15:33.1
2154,Ice Cream & Desserts,Dr Oetker Cucumber & Carrot Sandwich Spread Veg,79,0,0,79,250,TRUE,250,15:33.1
2155,Ice Cream & Desserts,Del Monte Pitted Green Olives,250,0,0,250,450,TRUE,450,15:33.1
2156,Chocolates & Candies,Maggi 2 Minute Masala Noodles,12,0,6,12,70,FALSE,70,15:33.1
2157,Chocolates & Candies,iD Idli & Dosa Batter ,80,15,6,68,1000,FALSE,1,15:33.1
2158,Chocolates & Candies,iD Malabar Parota ,80,10,4,72,400,FALSE,400,15:33.1
2159,Chocolates & Candies,iD Wheat Lachha Paratha,80,12,6,70,400,FALSE,400,15:33.1
2160,Chocolates & Candies,McCain Aloo Tikki,110,4,6,105,400,FALSE,400,15:33.1
2161,Chocolates & Candies,McCain Smiles Cripsy Happy Potatoes,120,5,6,114,415,FALSE,415,15:33.1
2162,Chocolates & Candies,McCain Veggie Burger Patty,115,3,6,111,360,FALSE,360,15:33.1
2163,Chocolates & Candies,McCain Veggie Fingers,117,5,6,111,400,FALSE,400,15:33.1
2164,Chocolates & Candies,Amul Delicious Fat Spread - Cholesterol Free,18,5,6,17,100,FALSE,100,15:33.1
2165,Chocolates & Candies,Whiskas Wetá Meal (Adult - Cat Food)á Chicken in Gravy,35,2,2,34,85,FALSE,85,15:33.1
2166,Chocolates & Candies,McCain Chilli Garlic Potato Bites Crunchy Potato Nuggets,125,5,1,118,420,FALSE,420,15:33.1
2167,Chocolates & Candies,Ching's Secret Instant Hot Garlic Noodles,15,0,3,15,60,FALSE,60,15:33.1
2168,Chocolates & Candies,Veeba Eggless Mayonnaise,79,11,5,70,250,FALSE,250,15:33.1
2169,Chocolates & Candies,Ching's Secret Instant Schezwan Noodles,15,0,6,15,60,FALSE,60,15:33.1
2170,Chocolates & Candies,Veeba Pasta And Pizza Sauce,75,13,5,65,280,FALSE,280,15:33.1
2171,Chocolates & Candies,Top Ramen  Noodles Curry Veg Pouch,20,0,1,20,70,FALSE,70,15:33.1
2172,Chocolates & Candies,Saffola Veggie Twist Masala Oats,15,0,6,15,38,FALSE,38,15:33.1
2173,Chocolates & Candies,Unibic Almond & Oats Protein Bar,40,17,4,33,30,FALSE,30,15:33.1
2174,Chocolates & Candies,Quaker Oats,79,0,2,79,400,FALSE,400,15:33.1
2175,Chocolates & Candies,Amul Delicious Fat Spread - Cholesterol Free,88,2,2,86,500,FALSE,500,15:33.1
2176,Chocolates & Candies,McCain French Fries,120,5,1,114,420,FALSE,420,15:33.1
2177,Chocolates & Candies,Ching's Secret Manchow Instant Soup,10,0,1,10,15,FALSE,15,15:33.1
2178,Chocolates & Candies,McCain Potato Cheese Shotz,130,4,6,124,250,FALSE,250,15:33.1
2179,Chocolates & Candies,McCain Masala - Fries,120,5,3,114,375,FALSE,375,15:33.1
2180,Chocolates & Candies,Ching's Secret Schezwan Fried Rice Masala,15,0,6,15,20,FALSE,20,15:33.1
2181,Chocolates & Candies,McCain New Mini Samosa with Cheese Pizza Style Filling,120,1,3,118,240,FALSE,240,15:33.1
2182,Chocolates & Candies,McCain Chilli Cheesy Nuggets,130,4,1,124,250,FALSE,250,15:33.1
2184,Chocolates & Candies,Chings Instant Soup - Hot & Sour,10,0,1,10,15,FALSE,15,15:33.1
2185,Chocolates & Candies,Amul Spray Infant Milk Food,197,2,6,193,500,FALSE,500,15:33.1
2186,Chocolates & Candies,McCain Smiles - Pudina Chatka,120,5,3,114,375,FALSE,375,15:33.1
2187,Chocolates & Candies,McCain French Fries Crisp & Delicious,175,4,3,167,750,FALSE,750,15:33.1
2188,Chocolates & Candies,Ferrero Nutella Hazelnut Spread,220,5,2,207,180,FALSE,180,15:33.1
2189,Chocolates & Candies,Lijjat Garlic Papad,60,5,5,57,200,FALSE,200,15:33.1
2190,Chocolates & Candies,Switz Samosa Dough Sheets,90,4,6,86,50,FALSE,50,15:33.1
2191,Chocolates & Candies,Amul Cheese Spread Creamy,85,5,6,80,180,FALSE,180,15:33.1
2192,Chocolates & Candies,Maggi Imli Sauce Pichkoo,22,0,6,22,90,FALSE,90,15:33.1
2193,Chocolates & Candies,Whiskas Kitten (2-12 months) Dry Cat Food Food Ocean Fish,385,9,5,347,1100,FALSE,1100,15:33.1
2194,Chocolates & Candies,Chings Instant Soup - Sweet Corn Veg,10,0,2,10,15,FALSE,15,15:33.1
2195,Chocolates & Candies,Whiskas Wetá Meal (Kitten - Cat Food)á Chicken in Gravy,35,5,2,33,85,FALSE,85,15:33.1
2196,Chocolates & Candies,McCain Crazy Fries Masala MixHot 'n' Tangy,120,5,6,114,400,FALSE,400,15:33.1
2197,Chocolates & Candies,The Whole Truth Double Cocoa Protein Bar No Sugar,100,10,6,90,52,FALSE,52,15:33.1
2198,Chocolates & Candies,Amul Happy Treats French Fries,68,4,1,65,425,FALSE,425,15:33.1
2199,Chocolates & Candies,Ferrero Nutella Hazeulnut Spread,380,6,5,357,350,FALSE,350,15:33.1
2200,Chocolates & Candies,Veeba Chipolte Southwest Dressing,161,7,4,149,300,FALSE,300,15:33.1
2201,Chocolates & Candies,Ching's Secret Manchow Noodles Instant Soup,15,0,6,15,20,FALSE,20,15:33.1
2202,Chocolates & Candies,Yoga Bar Breakfast Protein Bar - Blueberry Pie,50,12,1,44,50,FALSE,50,15:33.1
2203,Chocolates & Candies,Quaker Oats,199,7,6,184,1000,FALSE,1,15:33.1
2204,Chocolates & Candies,The Whole Truth Mini Protein Bar - Coconut Cocoa No Added Sugar,55,25,6,41,27,FALSE,27,15:33.1
2205,Chocolates & Candies,Switz Spring Roll Dough Sheets,90,4,6,86,1160,FALSE,20,15:33.1
2206,Chocolates & Candies,Unibic Fruit & Nut Real Cranberries & Almonds Protein Bar,40,17,6,33,30,FALSE,30,15:33.1
2207,Chocolates & Candies,Ching's Secret Tomato Instant Soup,10,0,1,10,16,FALSE,15,15:33.1
2208,Chocolates & Candies,Chef's Basket Durum Wheat Elbow Pasta,160,50,6,80,500,FALSE,500,15:33.1
2209,Chocolates & Candies,Sunfeast Yippee! Mood Masala Noodles,60,28,3,43,260,FALSE,260,15:33.1
2210,Chocolates & Candies,MTR Breakfast Khatta Meetha Poha Mix,25,20,6,20,60,FALSE,60,15:33.1
2211,Chocolates & Candies,Kellogg's Crunchy Fruit & Nut Breakfast Cereals Muesli,445,9,6,401,750,FALSE,750,15:33.1
2212,Chocolates & Candies,Ching's Secret Chilli Vinegar,50,0,4,50,170,FALSE,170,15:33.1
2213,Chocolates & Candies,Ching's Red Chilli Sauce,55,0,6,55,200,FALSE,200,15:33.1
2214,Chocolates & Candies,Amul Lite Spread,40,2,5,39,100,FALSE,100,15:33.1
2215,Chocolates & Candies,Borges Durum Wheat Fusilli Pasta ,250,0,3,250,500,FALSE,500,15:33.1
2216,Chocolates & Candies,The Whole Truth Cranberry Mini Protein Bar No Sugar,55,20,6,44,27,FALSE,27,15:33.1
2217,Chocolates & Candies,The Whole Truth Mini Protein Bar - Coffee Cocoa No Added Sugar,55,20,6,44,27,FALSE,27,15:33.1
2218,Chocolates & Candies,Maggi Hot & Sweet Tomato Chilli Sauce,115,0,1,115,500,FALSE,500,15:33.1
2219,Chocolates & Candies,Sunfeast YiPPee! Noodles - Magic Masala,96,5,4,91,540,FALSE,540,15:33.1
2220,Chocolates & Candies,Chef's Basket Durum Wheat Fusilli Pasta,160,50,6,80,500,FALSE,500,15:33.1
2221,Chocolates & Candies,Top Ramen Chicken Noodles,60,10,1,54,280,FALSE,280,15:33.1
2222,Chocolates & Candies,Veeba Cheese and Chilli Sandwich Spread,89,11,6,79,275,FALSE,275,15:33.1
2223,Chocolates & Candies,ChingÆs Secret Chowmein Hakka Noodles Masala ,44,0,2,44,60,FALSE,60,15:33.1
2224,Chocolates & Candies,Safal Frozen - Mixed Vegetables,110,4,2,105,1000,FALSE,1,15:33.1
2225,Chocolates & Candies,MTR 3 Min Poha,25,0,6,25,60,FALSE,60,15:33.1
2226,Chocolates & Candies,Ching's Manchurian Instant Noodles,15,0,5,15,60,FALSE,60,15:33.1
2227,Chocolates & Candies,The Whole Truth Peanut Cocoa Mini Protein Bar No Sugar ,55,25,6,41,27,FALSE,27,15:33.1
2228,Chocolates & Candies,Gits Pav Bhaji Ready to Eat,110,22,6,85,300,FALSE,300,15:33.1
2229,Chocolates & Candies,McCain New Mini Samosa with Cheese Corn Style Filling,120,1,2,118,240,FALSE,240,15:33.1
2230,Chocolates & Candies,Lijjat Udad Mini Papad,60,6,6,56,200,FALSE,200,15:33.1
2231,Chocolates & Candies,McCain Herb & Garlic Crazy Fries Masala Mix ,120,5,5,114,400,FALSE,400,15:33.1
2232,Chocolates & Candies,Yoga Bar Multigrain Energy Bar Nuts And Seeds,40,12,4,35,38,FALSE,38,15:33.1
2234,Chocolates & Candies,Veeba Pizza Topping,75,6,4,70,280,FALSE,280,15:33.1
2235,Chocolates & Candies,Switz Paratha Puff,110,4,6,105,400,FALSE,400,15:33.1
2237,Chocolates & Candies,The Whole Truth Double Cocoa Mini Protein Bar No Sugar,55,20,5,44,27,FALSE,27,15:33.1
2238,Chocolates & Candies,Sunfeast Yippee Tricolor Pasta Seasoning,28,17,1,23,65,FALSE,65,15:33.1
2239,Chocolates & Candies,Wingreens Cheesy Chipotle Sauce,99,49,1,50,130,FALSE,130,15:33.1
2240,Chocolates & Candies,Maggi Rich Tomato Ketchup,105,4,2,100,500,FALSE,500,15:33.1
2241,Chocolates & Candies,The Whole Truth Dark Chocolate Peanut Butter - Creamy,235,25,6,174,325,FALSE,325,15:33.1
2242,Chocolates & Candies,Godrej Yummiez Chicken Nuggets,325,9,1,293,500,FALSE,500,15:33.1
2243,Chocolates & Candies,Go Cheese  Spread Plain,99,5,6,94,200,FALSE,200,15:33.1
2244,Chocolates & Candies,Kellogg's Real Almond & Honey Corn Flakes,175,9,6,158,300,FALSE,300,15:33.1
2245,Chocolates & Candies,The Whole Truth Vegan Almond Choco Fudge Energy Bar No Sugar,60,20,6,48,40,FALSE,40,15:33.1
2246,Chocolates & Candies,Prasuma Vegetable Momos,270,0,5,270,24,FALSE,24,15:33.1
2247,Chocolates & Candies,MTR Upma,50,10,6,45,160,FALSE,160,15:33.1
2248,Chocolates & Candies,Ching's Schezwan Masala Instant Noodles,60,0,1,60,240,FALSE,240,15:33.1
2249,Chocolates & Candies,The Whole Truth Cranberry Protein Bar No Sugar,100,26,6,74,52,FALSE,52,15:33.1
2250,Chocolates & Candies,Saffola Yummy Masala Noodles ,20,0,2,20,46,FALSE,46,15:33.1
2251,Chocolates & Candies,Veeba English Mustard,74,6,2,69,300,FALSE,300,15:33.1
2252,Chocolates & Candies,Dabur Hommade Tamarind Paste,48,6,6,45,200,FALSE,200,15:33.1
2253,Chocolates & Candies,Yoga Bar Breakfast Muesli - Almond Caramel (No Added Sugar),325,4,6,309,400,FALSE,400,15:33.1
2254,Chocolates & Candies,The Whole Truth Mini Protein Bar - Peanut Butter No Added Sugar,55,25,6,41,27,FALSE,27,15:33.1
2255,Chocolates & Candies,ITC Master Chef Crispy Chicken Fries ,170,4,3,162,280,FALSE,280,15:33.1
2256,Chocolates & Candies,Kelloggs Corn Flakes,99,13,6,86,250,FALSE,250,15:33.1
2257,Chocolates & Candies,Nissin Cup Noodles Tangy Tomato,50,10,2,45,70,FALSE,70,15:33.1
2258,Chocolates & Candies,Smith & Jones White Pasta Sauce Mix,40,0,3,40,46,FALSE,46,15:33.1
2259,Chocolates & Candies,Sunfeast Yippee! Pasta Treat - Sour Cream Onion,28,10,1,25,65,FALSE,65,15:33.1
2260,Chocolates & Candies,Mothers Recipe Tamrind Date Chutney ,55,9,2,50,200,FALSE,200,15:33.1
2261,Chocolates & Candies,Veeba Mint Mayonnaise,169,8,4,155,300,FALSE,300,15:33.1
2262,Chocolates & Candies,Mccain Emotibites - Crispy Happy Potato Snack,130,0,6,129,415,FALSE,415,15:33.1
2263,Chocolates & Candies,The Whole Truth Energy Bar Choco Cranberry Fudge,60,26,6,44,40,FALSE,40,15:33.1
2264,Chocolates & Candies,Godrej Yummiez Chicken Lucknowi Seekh Kebab,260,10,4,234,400,FALSE,400,15:33.1
2265,Chocolates & Candies,Prasuma Vegetable Momos,150,0,5,150,580,FALSE,10,15:33.1
2266,Chocolates & Candies,Mother's Recipe Mixed Pickle,85,9,2,77,300,FALSE,300,15:33.1
2267,Chocolates & Candies,Sunfeast Yippee! Pasta Treat - Sour Cream Onion,28,17,3,23,65,FALSE,65,15:33.1
2268,Chocolates & Candies,The Whole Truth Peanut Cocoa Protein Bar No Sugar,100,26,6,74,52,FALSE,52,15:33.1
2269,Chocolates & Candies,Yoga Bar Breakfast Muesli - Chocolate & Cranberry ,325,4,6,309,400,FALSE,400,15:33.1
2270,Chocolates & Candies,Sunfeast YiPPee! Magic Masala Noodles,70,10,3,63,405,FALSE,405,15:33.1
2271,Chocolates & Candies,Veeba Sweet Onion Sauce,141,14,4,121,350,FALSE,350,15:33.1
2272,Chocolates & Candies,Quaker Oats Breakfast Cereals - With Flavour Mix Nutritious Rich Source Of Energy,49,8,6,45,200,FALSE,200,15:33.1
2273,Chocolates & Candies,Mother's Recipe Tamarind Paste,50,2,6,49,200,FALSE,200,15:33.1
2274,Chocolates & Candies,Yogabar No Added Sugar Protein Bar Brownie,125,15,4,106,60,FALSE,60,15:33.1
2275,Chocolates & Candies,Bambino Popular Vermicelli ,40,2,3,39,400,FALSE,400,15:33.1
2276,Chocolates & Candies,Ching's Secret Mix Veg Instant Soup,10,0,3,10,15,FALSE,15,15:33.1
2277,Chocolates & Candies,Mother's Recipe Pickle - Red Stuffed Chilli,145,11,3,129,400,FALSE,400,15:33.1
2278,Chocolates & Candies,Kellogg's No Added Sugar Muesli,335,11,6,298,500,FALSE,500,15:33.1
2279,Chocolates & Candies,Veeba Salsa Dip,119,6,6,111,360,FALSE,360,15:33.1
2280,Chocolates & Candies,Veeba Thousand Island Dressing,149,8,6,137,300,FALSE,300,15:33.1
2281,Chocolates & Candies,Baggry's Crunchy Muesli Almond Raisins & Honey,130,0,5,130,200,FALSE,200,15:33.1
2282,Chocolates & Candies,Knorr Chinese Hot And Sour Veg Soup,55,3,1,53,43,FALSE,43,15:33.1
2283,Chocolates & Candies,Go Cheese Spread - Garlic,99,5,6,94,200,FALSE,200,15:33.1
2284,Chocolates & Candies,The Whole Truth Peanut Butter With Dates - Creamy No Sugar,215,9,6,194,325,FALSE,325,15:33.1
2285,Chocolates & Candies,Zorabian Chicken Smoked Ham,205,5,1,194,250,FALSE,250,15:33.1
2286,Chocolates & Candies,Kissan Pineapple Jam,165,9,1,149,500,FALSE,500,15:33.1
2287,Chocolates & Candies,Smith & Jones Masala Noodles,89,0,5,89,480,FALSE,480,15:33.1
2288,Chocolates & Candies,Nestle Nestle Nan Pro Follow-Up Formula,650,0,6,650,400,FALSE,400,15:33.1
2289,Chocolates & Candies,Sunfeast Yippee! Power Up Atta Noodles,96,15,6,81,280,FALSE,280,15:33.1
2290,Chocolates & Candies,McCain Super Wedges,120,7,6,111,400,FALSE,400,15:33.1
2292,Chocolates & Candies,Kellogg's Chocos,130,10,6,117,250,FALSE,250,15:33.1
2293,Chocolates & Candies,Ching's Secret Just Soak - Whole Wheat Veg Hakka Noodle,32,0,3,32,150,FALSE,150,15:33.1
2294,Chocolates & Candies,The Whole Truth Vegan Fig Apricot & Orange Energy Bar No Sugar,60,20,6,48,40,FALSE,40,15:33.1
2295,Chocolates & Candies,Saffola Veggie Twist Masala Oats,195,12,2,171,500,FALSE,500,15:33.1
2296,Chocolates & Candies,ITC Master Chef Classic Aloo Tikki,80,10,3,72,320,FALSE,320,15:33.1
2297,Chocolates & Candies,Smith & Jones Pink Pasta Sauce Mix,40,0,4,40,46,FALSE,46,15:33.1
2298,Chocolates & Candies,Wingreens Farms Chipotle Dip,200,25,1,150,180,FALSE,180,15:33.1
2299,Chocolates & Candies,Kellogg's Real Almond & Honey Corn Flakes,550,5,3,520,1000,FALSE,1,15:33.1
2300,Chocolates & Candies,Kellogg's Crunchy Granola Chocolate & Almonds,330,10,3,294,450,FALSE,450,15:33.1
2301,Chocolates & Candies,Cornitos Cornitos Taco Shells - 6 Inches,160,20,4,128,180,FALSE,180,15:33.1
2302,Chocolates & Candies,Ching's Secret Singapore Curry Instant Noodles,15,0,3,15,60,FALSE,60,15:33.1
2303,Chocolates & Candies,Mother's Recipe Pickle - Mango,125,9,6,113,400,FALSE,500,15:33.1
2304,Chocolates & Candies,Godrej Yummiez Chilli Chicken Sausages ,160,10,3,144,250,FALSE,250,15:33.1
2305,Chocolates & Candies,Pedigree Dentastix  Dog Treat Oral Care for Adult Medium Breed ,175,20,6,140,180,FALSE,180,15:33.1
2306,Chocolates & Candies,Maggi Hot & Sweet - Tomato Chilli Sauce,170,10,1,153,1000,FALSE,1,15:33.1
2307,Chocolates & Candies,Ching's Secret Asian Hot Instant Soup,15,0,3,15,15,FALSE,15,15:33.1
2308,Chocolates & Candies,KelloggÆs Chocos Protein And Fibre Of 1 Roti,499,11,6,444,1200,FALSE,1,15:33.1
2309,Chocolates & Candies,Mother's Recipe Pickle - Mango,149,26,4,109,500,FALSE,500,15:33.1
2310,Chocolates & Candies,Chings Secret Manchurian Instant Noodle,60,0,6,60,240,FALSE,240,15:33.1
2311,Chocolates & Candies,Kellogg's Original Corn Flakes,310,6,6,290,875,FALSE,875,15:33.1
2312,Chocolates & Candies,Ching's Singapore Curry Instant Noodles,60,0,4,60,240,FALSE,240,15:33.1
2313,Chocolates & Candies,Kellogg's Almonds And Cranberries Granola,330,6,6,310,460,FALSE,460,15:33.1
2314,Chocolates & Candies,Nestle Ceregrow Multigrain Cereal with Milk and Fruits - 3 to 6 years,292,0,6,292,300,FALSE,300,15:33.1
2315,Chocolates & Candies,MTR 3 Minute Breakfast - Magic Masala Upma,25,0,6,25,60,FALSE,60,15:33.1
2316,Chocolates & Candies,Smith & Jones Masala Noodles,68,10,5,61,360,FALSE,360,15:33.1
2318,Chocolates & Candies,Godrej Yummiez Chicken Punjabi Tikka ,295,9,6,266,360,FALSE,360,15:33.1
2319,Chocolates & Candies,Kellogg's Corn Flakes,425,9,1,383,1000,FALSE,1,15:33.1
2320,Chocolates & Candies,Kelloggs Chocos,170,5,4,160,385,FALSE,385,15:33.1
2321,Chocolates & Candies,Pedigree Puppy Dry Dog Food Food Chicken & Milk,290,20,6,232,1200,FALSE,1200,15:33.1
2322,Chocolates & Candies,Ching's Secret Lemon Coriander Instant Soup,15,0,5,15,15,FALSE,15,15:33.1
2323,Chocolates & Candies,Nestle Cerelac Baby Cereal With Milk Wheat-Rice Mixed Fruit,261,0,6,261,300,FALSE,300,15:33.1
2324,Chocolates & Candies,Kelloggs Chocos - Moons & Stars,660,40,4,396,1200,FALSE,1,15:33.1
2325,Chocolates & Candies,ITC Master Chef Chicken Galouti Kebab,170,4,2,162,210,FALSE,210,15:33.1
2326,Chocolates & Candies,Yogabar 100% Pure Peanut Butter Creamy & Yummy Unsweetened,229,10,6,206,400,FALSE,400,15:33.1
2327,Chocolates & Candies,Kitchens Of India Palak Paneer,130,30,6,91,285,FALSE,285,15:33.1
2328,Chocolates & Candies,Kelloggs Chocos Fills Double Chocolat,99,11,6,88,175,FALSE,175,15:33.1
2329,Chocolates & Candies,Soulfull Ragi Bites Choco Fills,169,5,4,160,250,FALSE,250,15:33.1
2330,Chocolates & Candies,Figaro Sliced Black Olive ,179,0,6,179,450,FALSE,450,15:33.1
2331,Chocolates & Candies,Veeba Barbeque Sauce,149,8,6,137,330,FALSE,330,15:33.1
2332,Chocolates & Candies,The Whole Truth Vegan Mocha Almond Fudge Energy Bar No Sugar,60,20,6,48,40,FALSE,40,15:33.1
2334,Chocolates & Candies,Pantai Green Curry Paste,150,14,5,128,114,FALSE,114,15:33.1
2335,Chocolates & Candies,Kelloggs Special K,210,8,5,192,435,FALSE,435,15:33.1
2336,Chocolates & Candies,Moi Soi Sichuan Chilli Oil- For Stir Fry Marinade Spread & Dip,280,50,5,140,175,FALSE,175,15:33.1
2337,Chocolates & Candies,Mother's Recipe Madras Appalam,50,10,6,45,100,FALSE,100,15:33.1
2338,Chocolates & Candies,Top Ramen Masala Oat Masala,80,10,6,72,280,FALSE,280,15:33.1
2339,Chocolates & Candies,Saffola Everyday Peppy Tomato Masala Oats,195,12,6,171,500,FALSE,500,15:33.1
2341,Chocolates & Candies,Kitchens Of India Chicken Chettinad,200,30,1,140,285,FALSE,285,15:33.1
2342,Chocolates & Candies,Nestle Cerelac Wheat - Stage 1,190,0,6,190,300,FALSE,300,15:33.1
2343,Chocolates & Candies,Sumeru Aloo Paratha,119,5,6,113,400,FALSE,400,15:33.1
2344,Chocolates & Candies,ITC Master Chef Veggie Pizza Pocket,170,4,4,162,340,FALSE,340,15:33.1
2345,Chocolates & Candies,Wingreens Farms Tangy Cheese Pita Chips & Mexican Salsa Dip,60,15,1,51,70,FALSE,70,15:33.1
2346,Chocolates & Candies,Ching's Secret Manchow Soup,55,0,3,55,55,FALSE,55,15:33.1
2347,Chocolates & Candies,Veeba Carrot & Cucumber Sandwich Spread,85,10,6,76,250,FALSE,250,15:33.1
2348,Chocolates & Candies,Kellogg's Real Almond & Honey Corn Flakes,370,12,3,324,650,FALSE,650,15:33.1
2349,Chocolates & Candies,Kitchens Of India Mughlai Paneer,160,30,4,112,285,FALSE,285,15:33.1
2350,Chocolates & Candies,Ching's Secret Just Soak - Veg Hakka Noodles,30,0,5,30,150,FALSE,150,15:33.1
2351,Chocolates & Candies,Ching's Secret Chowmein Hakka Noodles Masala,60,10,2,54,100,FALSE,100,15:33.1
2352,Chocolates & Candies,The Whole Truth Dark Chocolate Peanut Butter - Crunchy,235,20,5,188,325,FALSE,325,15:33.1
2353,Chocolates & Candies,Mother's Recipe Bhel Puri Chutney,55,9,4,50,200,FALSE,200,15:33.1
2354,Chocolates & Candies,Kelloggs Chocos Moon & Stars,330,10,6,294,680,FALSE,680,15:33.1
2355,Chocolates & Candies,Mother's Recipe Lime Pickle ,120,5,1,114,400,FALSE,400,15:33.1
2356,Chocolates & Candies,Kitchens of India Dal Makhani,110,30,2,77,285,FALSE,285,15:33.1
2357,Chocolates & Candies,Pantai Light Soy Sauce,275,14,5,234,200,FALSE,200,15:33.1
2358,Chocolates & Candies,Ching's Secret Sweet Corn Soup,55,0,6,55,55,FALSE,55,15:33.1
2360,Chocolates & Candies,Cantina Tortilla Dip Sauce Sour Creamy Tex Mex,225,15,5,191,190,FALSE,190,15:33.1
2361,Chocolates & Candies,Dabur Hommade - Rajasthan Ki Garlic Chutne,65,6,6,61,200,FALSE,200,15:33.1
2362,Chocolates & Candies,MTR Seviyan Vermicelli ,42,0,2,42,400,FALSE,400,15:33.1
2363,Chocolates & Candies,Pantai Oyster Sauce,275,14,4,234,200,FALSE,200,15:33.1
2364,Chocolates & Candies,Go Cheese Spread - Four Pepper (Soft & Creamy),99,5,6,94,200,FALSE,200,15:33.1
2365,Chocolates & Candies,MTR Ready To Eat Paneer Butter Masala,135,9,2,122,300,FALSE,300,15:33.1
2366,Chocolates & Candies,Nestle Lactogen Stage 2 Follow-up Formula Powder,340,0,2,340,400,FALSE,400,15:33.1
2367,Chocolates & Candies,Kellogg's Crunchy Bites Chocos,190,10,6,171,375,FALSE,375,15:33.1
2368,Chocolates & Candies,Veeba Hot Sweet Tomato Chilli Sauce,104,20,3,83,500,FALSE,500,15:33.1
2369,Chocolates & Candies,Borges Durum Wheat Pasta Superior Quality,250,40,6,149,500,FALSE,500,15:33.1
2370,Chocolates & Candies,Funfoods Peanut Butter Crunchy,169,7,1,156,400,FALSE,400,15:33.1
2371,Chocolates & Candies,Pantai Red Curry Paste,60,0,4,60,50,FALSE,50,15:33.1
2372,Chocolates & Candies,ITC Master Chef Chicken Seekh Kabab,325,0,6,325,500,FALSE,500,15:33.1
2373,Chocolates & Candies,Del Monte Pizza & Pasta Sauce Spout Pack,99,0,3,99,400,FALSE,400,15:33.1
2374,Chocolates & Candies,Pantai Sriracha Red Chilli Sauce,225,15,6,191,200,FALSE,200,15:33.1
2375,Chocolates & Candies,Hershey's Cocoa Spread,295,0,3,295,350,FALSE,350,15:33.1
2376,Chocolates & Candies,Maggi Ghee Tadka Upma Express Pouch,25,0,6,25,65,FALSE,65,15:33.1
2377,Chocolates & Candies,Ching's Secret Manchurian Noodles,91,0,5,91,360,FALSE,360,15:33.1
2378,Chocolates & Candies,Kellogg's All Bran Wheat Flakes,220,6,5,205,425,FALSE,425,15:33.1
2379,Chocolates & Candies,Yummiez Chicken Breakfast Sausages,150,0,3,150,250,FALSE,250,15:33.1
2380,Chocolates & Candies,Pantai Red Curry Paste,150,14,3,128,114,FALSE,114,15:33.1
2381,Chocolates & Candies,Bagrrys Muesli Crunchy Fruit & Nut With Cranberries,330,10,6,297,400,FALSE,400,15:33.1
2382,Chocolates & Candies,Quaker Oats Pouch,276,10,6,248,1500,FALSE,1,15:33.1
2383,Chocolates & Candies,Prasuma Momos -  Cheesy Spicy Veg,295,0,6,295,24,FALSE,24,15:33.1
2384,Chocolates & Candies,Veeba Sriracha Chilli Garlic Sauce,149,8,5,137,320,FALSE,320,15:33.1
2385,Chocolates & Candies,Ching's Secret Just Soak - Veg Hakka Noodles,115,0,6,115,600,FALSE,600,15:33.1
2386,Chocolates & Candies,Moi Soi Kung Pao Sauce - For Stir Fry Marinade Spread & Dip,280,50,5,140,175,FALSE,175,15:33.1
2387,Chocolates & Candies,Figaro Plain Green Olive ,179,0,6,179,450,FALSE,450,15:33.1
2388,Chocolates & Candies,Mother's Recipe Gujrati Gorkeri Pickle,140,10,3,126,500,FALSE,500,15:33.1
2389,Chocolates & Candies,Kellogg's Muesli 20% Nuts Delight,320,0,6,320,500,FALSE,500,15:33.1
2390,Chocolates & Candies,Borges Farfalle Durum Wheat Pasta ,250,0,5,250,500,FALSE,500,15:33.1
2391,Chocolates & Candies,Kellogg's Chocos,299,10,4,269,700,FALSE,700,15:33.1
2392,Chocolates & Candies,Nestle Nan Pro 4 Follow Up Formula Powder For Older Infants ,620,0,1,620,400,FALSE,400,15:33.1
2393,Chocolates & Candies,Veeba Truly Tomato Ketchup,99,20,6,79,500,FALSE,500,15:33.1
2394,Chocolates & Candies,Ching's Secret Green Chilli Sauce,85,4,1,81,680,FALSE,680,15:33.1
2395,Chocolates & Candies,MTR Roasted Vermicelli ,55,0,1,55,400,FALSE,400,15:33.1
2396,Chocolates & Candies,Mother's Recipe Punjabi Teekha Mang Pickle,120,10,4,108,400,FALSE,400,15:33.1
2397,Chocolates & Candies,Ching's Secret Hot Garlic Instant Noodles,114,0,6,114,480,FALSE,480,15:33.1
2398,Chocolates & Candies,Kellogg's Real Honey Corn Flakes,290,7,5,267,630,FALSE,630,15:33.1
2399,Chocolates & Candies,ITC Master Chef Lebanese Falafel Kebab,130,4,4,124,230,FALSE,230,15:33.1
2400,Chocolates & Candies,Kelloggs Chocos Fills Double Chocolaty,185,10,5,165,250,FALSE,250,15:33.1
2401,Chocolates & Candies,Organic India Apple Cider Vinegar,595,9,2,536,500,FALSE,500,15:33.1
2402,Chocolates & Candies,Masala Oats Masala & Coriander ,195,9,5,176,500,FALSE,500,15:33.1
2403,Chocolates & Candies,Ching's Secret  Noodles - Pad Thai Lemongras,200,0,5,200,130,FALSE,130,15:33.1
2404,Chocolates & Candies,Bagrrys Fruit and Nut Muesli with Cranberries,499,0,5,499,750,FALSE,750,15:33.1
2405,Chocolates & Candies,Kitchens Of India Yellow Dal Tadka,110,30,6,77,285,FALSE,285,15:33.1
2406,Chocolates & Candies,Soulfull Vanilla Fills - Ragi Bites,169,5,6,160,250,FALSE,250,15:33.1
2407,Chocolates & Candies,Pantai Teriyaki Sauce with Garlic,325,15,6,276,200,FALSE,200,15:33.1
2408,Chocolates & Candies,Whiskas Adult Pocket Tuna Cat Food,410,0,1,410,1200,FALSE,1,15:33.1
2409,Chocolates & Candies,Kitchens Of India Chicken Darbari ,200,30,4,140,285,FALSE,285,15:33.1
2410,Chocolates & Candies,Soulfull Millet Muesli Fruit & Nut Almonds & Real Fruits,299,10,6,269,400,FALSE,400,15:33.1
2411,Chocolates & Candies,Smith & Jones Red Pasta Sauce Mix,40,0,6,40,46,FALSE,46,15:33.1
2412,Chocolates & Candies,Kellogg's Muesli Nuts Delight,425,9,3,383,750,FALSE,750,15:33.1
2413,Chocolates & Candies,Kitchens of India Dal Bukhara Gravy Mix,110,30,6,77,285,FALSE,285,15:33.1
2414,Chocolates & Candies,The Whole Truth Peanut Butter - Sweetened & Crunchy,215,20,6,172,325,FALSE,325,15:33.1
2415,Chocolates & Candies,Remia Mayonnaise,230,0,6,230,241,FALSE,241,15:33.1
2416,Chocolates & Candies,Ching's Secret Green Chilli Sauce,105,0,6,105,425,FALSE,425,15:33.1
2417,Chocolates & Candies,Bagrrys Fruit N Fibre Muesli - Strawberry,595,0,1,595,1000,FALSE,1,15:33.1
2418,Chocolates & Candies,Ching's Secret Tomato Oats Instant Soup,15,0,3,15,20,FALSE,20,15:33.1
2419,Chocolates & Candies,Kellogg's Special K Original Corn Flakes,140,5,1,133,290,FALSE,290,15:33.1
2420,Chocolates & Candies,Moi Soi  Black Bean Sauce - Dip Spread Stir Fry & Marinade,280,50,5,140,175,FALSE,175,15:33.1
2421,Chocolates & Candies,Tong Garden Wasabi Green Peas,175,4,6,167,150,FALSE,150,15:33.1
2422,Chocolates & Candies,Ching's Secret Red Chilli Sauce,105,0,4,105,440,FALSE,440,15:33.1
2423,Chocolates & Candies,Ching's Instant Hot and Sour Soup,55,0,5,55,55,FALSE,55,15:33.1
2424,Chocolates & Candies,Ching's Secret Noodles - Pad Thai Original,200,0,6,200,130,FALSE,130,15:33.1
2425,Chocolates & Candies,Aashirvaad Instant Meals - Khatta Meetha Pohaa With Millets,55,30,5,38,80,FALSE,80,15:33.1
2426,Chocolates & Candies,Del Monte Black Sliced Olives,250,0,1,250,450,FALSE,450,15:33.1
2427,Chocolates & Candies,Kitchens Of India Murgh Methi,220,30,5,154,285,FALSE,285,15:33.1
2428,Chocolates & Candies,Nestle Cerelac 5 Grains & Fruits Cereal,288,0,6,288,300,FALSE,300,15:33.1
2429,Chocolates & Candies,The Whole Truth - 5 Grain Muesli No Added Sugar,325,20,6,260,350,FALSE,350,15:33.1
2430,Chocolates & Candies,Ching's Secret  Pad Thai Noodles Green Curry,200,0,6,200,130,FALSE,130,15:33.1
2431,Chocolates & Candies,Aashirvaad Suji Halwa With Jaggery,75,0,6,75,70,FALSE,70,15:33.1
2432,Chocolates & Candies,Mother's Recipe Mango Pickle ,120,0,1,120,400,FALSE,400,15:33.1
2433,Chocolates & Candies,Ching's Secret Pad Thai Noodles - Extra Hot Thai Chilli,200,0,6,200,130,FALSE,130,15:33.1
2434,Chocolates & Candies,Kellogg's Special K Original Corn Flakes,399,11,6,355,900,FALSE,900,15:33.1
2435,Chocolates & Candies,Knorr Sweet Corn Chicken Soup,55,0,2,55,42,FALSE,42,15:33.1
2436,Chocolates & Candies,Ching's Secret Tomato Soup,55,0,6,55,55,FALSE,55,15:33.1
2437,Chocolates & Candies,Funfoods Peanut Butter Creamy,169,0,1,169,400,FALSE,400,15:33.1
2438,Chocolates & Candies,Japanese Choice Udon Noodles,295,9,6,266,250,FALSE,250,15:33.1
2439,Chocolates & Candies,Kelloggs Muesli - With 22% Fruit Magic,320,10,5,288,500,FALSE,500,15:33.1
2440,Chocolates & Candies,Dabur Hommade - Kalonji Tamatar Ki Chutney,65,6,6,61,200,FALSE,200,15:33.1
2441,Chocolates & Candies,Kitchens Of India Dal Makhani,110,30,1,77,285,FALSE,285,15:33.1
2442,Chocolates & Candies,Aashirvaad Suji Halwa With Jaggery,55,30,6,38,80,FALSE,80,15:33.1
2443,Chocolates & Candies,Del Monte Green Chili Sauce,55,0,3,55,190,FALSE,190,15:33.1
2444,Chocolates & Candies,Pedigree Dog Food Adult Chicken & Veg,660,10,1,594,3000,FALSE,3,15:33.1
2445,Chocolates & Candies,Kellogg's Original Corn Flakes,185,5,6,175,475,FALSE,475,15:33.1
2446,Chocolates & Candies,Pedigree Puppy Dry Dog Food Food Chicken & Milk,690,6,2,648,3000,FALSE,3,15:33.1
2447,Chocolates & Candies,Kitchens Of India Rajma Masala,110,30,5,77,285,FALSE,285,15:33.1
2448,Chocolates & Candies,Kitchen Of India Ready-To-Eat Pindi Channa,110,30,2,77,285,FALSE,285,15:33.1
2449,Chocolates & Candies,Figaro Pitted Black Olive ,179,0,6,179,450,FALSE,450,15:33.1
2450,Chocolates & Candies,Cantina Tabasco Red Sauce,140,15,6,119,60,FALSE,60,15:33.1
2451,Chocolates & Candies,Mother's Recipe Pickle - Mixed,149,26,6,109,500,FALSE,500,15:33.1
2452,Chocolates & Candies,Nestle Cerelac Baby Cereal with Milk 5 Grains & Vegetables from 18 to 24 Month,279,0,5,279,300,FALSE,300,15:33.1
2453,Chocolates & Candies,Mother's Recipe Tamarind Paste,50,2,2,49,200,FALSE,200,15:33.1
2454,Chocolates & Candies,Pedigree Meat Jerky Adult Dog Treat Barbecued Chicken,140,20,6,112,80,FALSE,80,15:33.1
2455,Chocolates & Candies,Veeba Peri Peri Sauce,161,0,6,161,300,FALSE,300,15:33.1
2456,Chocolates & Candies,Pantai Sriracha Yellow Chilli Sauce,225,15,6,191,200,FALSE,200,15:33.1
2457,Chocolates & Candies,Praakritik Organic Jumbo Rolled Oats,190,11,6,169,500,FALSE,500,15:33.1
2458,Chocolates & Candies,Ching's Secret Just Soak - Whole Wheat Veg Hakka Noodles,123,0,6,123,600,FALSE,600,15:33.1
2459,Chocolates & Candies,Pantai Spring Roll Sauce,275,10,6,245,200,FALSE,200,15:33.1
2460,Chocolates & Candies,MTR Vermicelli Payasam,75,0,6,75,180,FALSE,180,15:33.1
2461,Chocolates & Candies,Bagrrys Corn Flakes,350,0,6,350,880,FALSE,800,15:33.1
2462,Chocolates & Candies,MTR Ready To Eat Palak Paneer ,135,11,6,120,300,FALSE,300,15:33.1
2463,Chocolates & Candies,Del Monte Red Chili Sauce,55,0,5,55,190,FALSE,190,15:33.1
2464,Chocolates & Candies,Kitchens of India Mutter Paneer Mix,120,30,4,84,285,FALSE,285,15:33.1
2465,Chocolates & Candies,Pantai Green Curry Paste,60,6,6,56,50,FALSE,50,15:33.1
2466,Chocolates & Candies,The Laughing Cow Cheese Spread Plain,110,0,6,110,180,FALSE,180,15:33.1
2467,Chocolates & Candies,MTR Dal Fry,110,0,5,110,300,FALSE,300,15:33.1
2468,Chocolates & Candies,Pantai Fish Sauce,275,14,6,234,200,FALSE,200,15:33.1
2469,Chocolates & Candies,Cantina Beans Mexican Beans,250,14,6,213,410,FALSE,410,15:33.1
2470,Chocolates & Candies,Ching's Secret Manchurian Instant Noodle,114,0,6,114,480,FALSE,480,15:33.1
2471,Chocolates & Candies,Remia Salad Italian Dressing ,230,0,6,230,250,FALSE,250,15:33.1
2472,Chocolates & Candies,Yummiez Veg Cheese Fingers Pouch,230,0,4,230,400,FALSE,400,15:33.1
2473,Chocolates & Candies,MTR Dal Makhani,110,0,4,110,300,FALSE,300,15:33.1
2474,Chocolates & Candies,MTR Ready to Eat Pav Bhaji,110,0,6,110,300,FALSE,300,15:33.1
2475,Chocolates & Candies,Weikfield Tomato Salsa Instant Pasta,25,0,1,25,77,FALSE,77,15:33.1
2476,Chocolates & Candies,NestlT CERELAC Baby Cereal with Milk,272,0,1,272,300,FALSE,300,15:33.1
2477,Chocolates & Candies,Remia Salad Caesar Dressing,250,0,6,250,250,FALSE,250,15:33.1
2478,Chocolates & Candies,Bagrrys Fruit N Fibre Muesli Mixed Fruit,330,0,6,330,500,FALSE,500,15:33.1
2479,Chocolates & Candies,MTR Paneer Butter Masala & Veg Pulao,175,9,4,158,375,FALSE,375,15:33.1
2480,Chocolates & Candies,Sundrop Cocoa Nut Hazelnut Chocolatey Spread,120,0,6,120,160,FALSE,160,15:33.1
2481,Chocolates & Candies,Moi Soi Manchurian Sauce - For Stir Fry Marinade Spread & Dip,280,50,6,140,175,FALSE,175,15:33.1
2482,Chocolates & Candies,Pedigree Dog Food Adult Meat & Rice,660,7,2,608,3000,FALSE,3,15:33.1
2483,Chocolates & Candies,Pantai Sriracha Green Chilli Sauce,225,15,6,191,200,FALSE,200,15:33.1
2484,Chocolates & Candies,Pantai Chilli Garlic Sauce,275,14,6,234,200,FALSE,200,15:33.1
2485,Chocolates & Candies,Pantai Dark Soy Sauce,275,14,6,234,200,FALSE,200,15:33.1
2486,Chocolates & Candies,Yoga Bar Peanut Butter Dark Chocolate Jar,249,0,4,249,400,FALSE,400,15:33.1
2487,Chocolates & Candies,Cantina Tabasco Green Sauce,140,15,6,119,60,FALSE,60,15:33.1
2488,Chocolates & Candies,Pantai Pad Thai Sauce (Non-Veg),325,9,5,293,200,FALSE,200,15:33.1
2489,Chocolates & Candies,Pantai Sweet Chilli Sauce,275,14,6,234,200,FALSE,200,15:33.1
2490,Chocolates & Candies,Ching's Secret Schezwan Instant Noodle,114,0,6,114,480,FALSE,480,15:33.1
2491,Chocolates & Candies,Yummiez Chicken Garlic Fingers Pouch,250,0,5,250,400,FALSE,400,15:33.1
2492,Chocolates & Candies,Pediasure Premium Chocolate Powdered Health Drink,610,0,2,610,400,FALSE,400,15:33.1
2493,Chocolates & Candies,Chings Secret Hot Garlic Instant Noodles,91,0,6,91,60,FALSE,60,15:33.1
2494,Chocolates & Candies,Godrej Yummiez Cheese Corn Nuggets ,230,0,4,230,400,FALSE,400,15:33.1
2495,Chocolates & Candies,Pantai Hot Chilli Sauce,275,14,6,234,200,FALSE,200,15:33.1
2496,Chocolates & Candies,Knorr International Mexican Tomato Corn Soup ,65,6,3,61,52,FALSE,52,15:33.1
2497,Chocolates & Candies,Bagrry's Fruit Fibre Muesli Mixed Fruit ,595,0,5,595,1000,FALSE,1,15:33.1
2498,Chocolates & Candies,MTR Roasted Vermicelli ,105,0,4,105,850,FALSE,850,15:33.1
2499,Chocolates & Candies,Maggi 2-Minute Instant Noodles - Masala,44,0,0,44,280,TRUE,280,15:33.1
2501,Chocolates & Candies,Kellogg's Chocos Combo Pack,60,6,0,56,156,TRUE,156,15:33.1
2502,Chocolates & Candies,Kissan Mixed Fruit Jam ,155,0,0,155,500,TRUE,500,15:33.1
2503,Chocolates & Candies,Lijjat Urad Papad,60,5,0,57,200,TRUE,200,15:33.1
2504,Chocolates & Candies,Amul Cheese Spread Yummy Plain,85,0,0,85,200,TRUE,200,15:33.1
2505,Chocolates & Candies,Mother's Recipe Ginger And Garlic Paste,50,24,0,38,200,TRUE,200,15:33.1
2506,Chocolates & Candies,Maggi Magic Cubes Chicken,40,2,0,39,40,TRUE,40,15:33.1
2507,Chocolates & Candies,Pedigree Puppy Chicken Chunks in Gravy ,35,2,0,34,70,TRUE,70,15:33.1
2508,Chocolates & Candies,The Whole Truth Peanut Butter - Unsweetened & Crunchy,185,20,0,148,325,TRUE,325,15:33.1
2509,Chocolates & Candies,Ching's Chow Mein Hakka Noodles Masala,10,0,0,10,20,TRUE,20,15:33.1
2510,Chocolates & Candies,Safal Frozen Mixed Vegetables,60,5,0,57,500,TRUE,500,15:33.1
2511,Chocolates & Candies,Safal Frozen Corn,41,4,0,39,200,TRUE,200,15:33.1
2512,Chocolates & Candies,Amul Cheese Spread Spicy Garlic,85,3,0,82,200,TRUE,200,15:33.1
2513,Chocolates & Candies,Ching's Secret Veg Hakka Noodles,107,0,0,107,600,TRUE,600,15:33.1
2514,Chocolates & Candies,Saffola Oats 100 % Natural,15,0,0,15,38,TRUE,38,15:33.1
2515,Chocolates & Candies,Lijjat Moong Papad,60,5,0,57,200,TRUE,200,15:33.1
2516,Chocolates & Candies,Mothers Recipe Papad - Sabudana With Rock Salt,31,9,0,28,70,TRUE,70,15:33.1
2517,Chocolates & Candies,Maggi Chilly Chow Cuppa Noodles,50,0,0,50,70,TRUE,70,15:33.1
2518,Chocolates & Candies,Veeba Favourites Eggless Burger Mayonnaise,69,8,0,63,250,TRUE,250,15:33.1
2519,Chocolates & Candies,Sunfeast Yippee! Magic Masala Noodles,48,6,0,45,240,TRUE,240,15:33.1
2520,Chocolates & Candies,Top Ramen Masala,91,9,0,82,560,TRUE,560,15:33.1
2521,Chocolates & Candies,Kelloggs Corn Flakes With Real Strawberry Pure,265,10,0,236,575,TRUE,575,15:33.1
2522,Chocolates & Candies,Mother's Recipe Potato Papad,31,9,0,28,70,TRUE,75,15:33.1
2523,Chocolates & Candies,Mothers Recipe Rice Papad Ajwain,24,0,0,24,75,TRUE,75,15:33.1
2524,Chocolates & Candies,Chef's Basket Durum Wheat Penne Pasta,160,50,0,80,500,TRUE,500,15:33.1
2525,Chocolates & Candies,Dabur Hommade - Imli Sauce Saunth,20,10,0,18,100,TRUE,100,15:33.1
2526,Chocolates & Candies,Zorabian Chicken Kheema Parathas,190,0,0,190,300,TRUE,300,15:33.1
2527,Chocolates & Candies,Sunfeast Pasta Treat Pack of Tomato Cheese,28,17,0,23,65,TRUE,65,15:33.1
2528,Chocolates & Candies,Safal Frozen - Sweet Corn,160,5,0,152,1000,TRUE,1,15:33.1
2529,Chocolates & Candies,MTR Vegetable Upma,25,0,0,25,60,TRUE,60,15:33.1
2530,Chocolates & Candies,Del Monte Original Blend Tomato Ketchup Pouch,120,7,0,111,950,TRUE,950,15:33.1
2531,Chocolates & Candies,Del Monte Natural Vinegar ,55,3,0,53,180,TRUE,180,15:33.1
2532,Chocolates & Candies,Del Monte Eggless Mayo,135,6,0,126,500,TRUE,500,15:33.1
2533,Chocolates & Candies,ITC Master Chef Cheesy Corn Triangles,160,5,0,152,320,TRUE,320,15:33.1
2534,Chocolates & Candies,Mother's Recipe Mixed Pickle ,115,4,0,110,400,TRUE,400,15:33.1
2535,Chocolates & Candies,Godrej Yummiez Chicken Breakfast Salami,150,4,0,143,250,TRUE,250,15:33.1
2536,Chocolates & Candies,Hershey's Cocoa + Almond Spread,295,9,0,266,350,TRUE,350,15:33.1
2537,Chocolates & Candies,Maggi Special Masala Spicy Yummy Noodles,72,0,0,72,280,TRUE,280,15:33.1
2538,Chocolates & Candies,Del Monte Schezwan Sauce,55,0,0,55,190,TRUE,190,15:33.1
2539,Chocolates & Candies,Yummiez Green Peas,135,0,0,135,500,TRUE,500,15:33.1
2540,Chocolates & Candies,Yummiez Green Peas,250,0,0,250,1000,TRUE,1,15:33.1
2541,Chocolates & Candies,Yummiez American Sweet Corn,85,0,0,85,400,TRUE,400,15:33.1
2542,Chocolates & Candies,Dr Oetker Cucumber & Carrot Sandwich Spread Veg,79,0,0,79,250,TRUE,250,15:33.1
2543,Chocolates & Candies,Del Monte Pitted Green Olives,250,0,0,250,450,TRUE,450,15:33.1
2607,Biscuits,Britannia Good Day Cashew Cookies,10,0,6,10,60,FALSE,58,15:33.1
2608,Biscuits,Britannia 50-50 Maska Chaska Biscuits,32,3,6,31,120,FALSE,120,15:33.1
2609,Biscuits,Dukes Waffy Chocolate Wafers,45,51,4,22,60,FALSE,75,15:33.1
2610,Biscuits,Britannia Nutri Choice Digestive Biscuit,45,0,1,45,200,FALSE,150,15:33.1
2611,Biscuits,Britannia Goodday Chocochip Cookies,120,17,5,99,400,FALSE,400,15:33.1
2612,Biscuits,Britannia Good Day Pista Badam,45,2,1,44,200,FALSE,200,15:33.1
2613,Biscuits,Cadbury Chocobakes Chocolate Filled Cookies ,30,0,5,30,75,FALSE,75,15:33.1
2614,Biscuits,Dukes Waffy Strawberry Roll,150,50,3,75,250,FALSE,250,15:33.1
2615,Biscuits,Parle Monaco Classic Salty Biscuits,70,0,4,70,400,FALSE,400,15:33.1
2616,Biscuits,Dukes Waffy Orange Wafers,45,51,5,22,60,FALSE,75,15:33.1
2617,Biscuits,Britannia Good Day Pista Badam,20,0,6,20,100,FALSE,100,15:33.1
2618,Biscuits,Britannia Milk Bikis Biscuits Packet,20,0,3,20,200,FALSE,200,15:33.1
2619,Biscuits,Britannia Toastea (Premium Bake Rusk),65,0,6,65,400,FALSE,400,15:33.1
2620,Biscuits,Dukes Waffy Strawberry Wafers,45,51,2,22,60,FALSE,75,15:33.1
2621,Biscuits,Britannia Toastea Premium Bake Rusk,35,0,3,35,182,FALSE,182,15:33.1
2622,Biscuits,Lotte Choco Pie ,80,10,3,72,168,FALSE,168,15:33.1
2623,Biscuits,Bauli Moonfils Choco Veg Puff Roll,15,0,2,15,45,FALSE,45,15:33.1
2624,Biscuits,Sunfeast Dark Fantasy Choco Fills Cookies Packet,150,15,3,127,300,FALSE,300,15:33.1
2625,Biscuits,Britannia 50-50 Maska Chaska Biscuit,75,10,6,67.5,300,FALSE,300,15:33.1
2626,Biscuits,Britannnia 50-50 Sweet & Salty Biscuit,25,0,4,25,200,FALSE,200,15:33.1
2627,Biscuits,Britannia Good Day Chunky Cookies,50,15,6,42.5,120,FALSE,120,15:33.1
2628,Biscuits,Sunfeast Marie Light,23,13,1,20,200,FALSE,200,15:33.1
2629,Biscuits,Britannia Bourbon Biscuit Buy 4 Get 1 Free,80,10,2,72,500,FALSE,500,15:33.1
2630,Biscuits,The Bake Shop Whole Wheat Oats Khari,65,6,5,61,200,FALSE,200,15:33.1
2631,Biscuits,Britannia Nutri Choice Oats Milk Almond Biscuit,25,10,6,22.5,75,FALSE,75,15:33.1
2632,Biscuits,Sunfeast Dark Fantasy Choco Creme,80,27,4,58,300,FALSE,300,15:33.1
2633,Biscuits,Lotte Choco Pie Chocolate Cake,25,0,6,25,56,FALSE,56,15:33.1
2634,Biscuits,Sunfeast Mom's Magic Cashew & Almond Cookies Packet,30,10,3,27,200,FALSE,200,15:33.1
2635,Biscuits,Unibic SugarFree - Oatmeal Cookies,50,16,3,42,75,FALSE,75,15:33.1
2636,Biscuits,Parle Hide & Seek Cookies With Added Almonds,30,3,1,29,100,FALSE,100,15:33.1
2637,Biscuits,Unibic Fruit & Nut Cookies,25,8,3,23,67,FALSE,67,15:33.1
2638,Biscuits,Sunfeast Yumfills Whoopie Pie,140,25,5,105,253,FALSE,276,15:33.1
2639,Biscuits,Britannia Toastea Premium Bake Rusk,110,14,1,94,700,FALSE,700,15:33.1
2640,Biscuits,McVitie's Marie biscuits with Goodness of Calcium,30,0,6,30,250,FALSE,250,15:33.1
2641,Biscuits,Britannia Treat Croissant Vanilla Creme Roll,20,10,2,18,47,FALSE,47,15:33.1
2642,Biscuits,Unibic Honey Oatmeal Cookies,25,8,6,23,75,FALSE,75,15:33.1
2643,Biscuits,Britannia Good Day Choco Chip Cookies,30,3,6,29,100,FALSE,100,15:33.1
2644,Biscuits,The Bake Shop Masala Cheese Crackers,95,6,3,89,100,FALSE,100,15:33.1
2645,Biscuits,Britannia Pure Magic Vanilla Creme Biscuit,35,17,4,29,100,FALSE,100,15:33.1
2646,Biscuits,Open Secret Assorted Story Box,105,22,4,81,75,FALSE,75,15:33.1
2647,Biscuits,Cadbury Oreo Dipped Biscuit,70,10,1,63,150,FALSE,150,15:33.1
2648,Biscuits,Sunfeast Farmlite Oats & Almonds Biscuits Packet,60,10,3,54,150,FALSE,150,15:33.1
2649,Biscuits,Unibic SugarFree - Butter Cookies,50,16,6,42,75,FALSE,75,15:33.1
2650,Biscuits,Britannia Good Day Cashew Cookies Packet,120,12,6,105.6,600,FALSE,600,15:33.1
2651,Biscuits,Dukes Sour & Cream Onion Nibbles Baked,55,25,3,41,150,FALSE,150,15:33.1
2652,Biscuits,Britannia Treat Croissant Vanilla Creme Roll,20,0,6,20,47,FALSE,47,15:33.1
2653,Biscuits,Parle Hide & Seek Choco Rolls,50,2,4,49,120,FALSE,120,15:33.1
2654,Biscuits,Britannia Treat Creme Wafers - Vanilla,45,11,6,40,60,FALSE,1,15:33.1
2655,Biscuits,Parle Rusk Elaichi,48,2,6,47,300,FALSE,300,15:33.1
2656,Biscuits,Lotte Choco Pie ,140,6,2,131,336,FALSE,336,15:33.1
2657,Biscuits,Sunfeast Mom's Magic Cashew & Almond Biscuits,120,15,6,102,600,FALSE,600,15:33.1
2658,Biscuits,Unibic Cashew Cookies,25,8,6,23,75,FALSE,75,15:33.1
2659,Biscuits,Parle Monaco Jeffs Zeera Biscuit,60,10,4,54,200,FALSE,200,15:33.1
2661,Biscuits,The Bake Shop Methi Khari Simply Delicious,65,6,2,61,200,FALSE,200,15:33.1
2662,Biscuits,Britannia Treat Jimjam Family Pack (Buy 4 Get 1 Free),100,0,6,100,500,FALSE,500,15:33.1
2663,Biscuits,Open Secret Choco Almond Tiffin Pack,35,22,3,27,25,FALSE,25,15:33.1
2664,Biscuits,Lotte Choco Pie ,150,20,6,120,696,FALSE,12,15:33.1
2665,Biscuits,Baker Street Suji Rusk Large Pack,30,10,6,27,200,FALSE,200,15:33.1
2666,Biscuits,Parle Hide & Seek Choco Rolls,30,0,1,30,75,FALSE,75,15:33.1
2667,Biscuits,Sunfeast Dark Fantasy Vanilla Creme,80,15,6,68,300,FALSE,300,15:33.1
2668,Biscuits,Britannia Treat Burst Choco Creme Fills,30,0,3,30,120,FALSE,120,15:33.1
2669,Biscuits,Parle Milano Mixed Berries Cookies,35,2,3,34,75,FALSE,75,15:33.1
2670,Biscuits,Karachi Bakery Cashew Biscuits ,210,5,4,199,400,FALSE,400,15:33.1
2671,Biscuits,Britannia Pure Magic Choco Lush Cookies,120,20,4,96,300,FALSE,300,15:33.1
2672,Biscuits,Britannia Treart Creme Wafers Chocolate,45,11,6,40,60,FALSE,1,15:33.1
2673,Biscuits,Unibic Daily Digestive (Multigrain Cookies),30,6,6,28,75,FALSE,75,15:33.1
2674,Biscuits,Cadbury Chocobakes Choc Filled Cookies,60,0,6,60,150,FALSE,150,15:33.1
2675,Biscuits,The Bake Shop Whole Wheat Multigrain Toast (Rusk),60,6,2,56,200,FALSE,200,15:33.1
2676,Biscuits,Unibic Choco Kiss Cookies,45,15,5,38,75,FALSE,75,15:33.1
2677,Biscuits,Britannia Treat Creme Wafers - Orange,45,11,6,40,60,FALSE,60,15:33.1
2678,Biscuits,Bauli Moonfills Pack of 4,60,10,6,54,180,FALSE,190,15:33.1
2679,Biscuits,Unibic Oatmeal Digestive Cookies ,50,6,6,47,150,FALSE,150,15:33.1
2680,Biscuits,Orion Choco Pie - Chocolate Coated Soft Biscuit,150,25,2,112,336,FALSE,336,15:33.1
2681,Biscuits,Britannia Good Day Cashew Cookies Pack Of 6,120,10,6,108,120,FALSE,120,15:33.1
2682,Biscuits,Parle Fab Bourbon,30,0,3,30,150,FALSE,150,15:33.1
2683,Biscuits,Open Secret White Choco Tiffin Pack,35,22,1,27,25,FALSE,25,15:33.1
2684,Biscuits,The Bake Shop Whole Wheat Bread Sticks,60,6,1,56,100,FALSE,100,15:33.1
2685,Biscuits,Unibic Assorted Cookies ,149,8,6,137,450,FALSE,450,15:33.1
2686,Biscuits,The Bake Shop Milk & Raisin Toast (Rusk),60,6,4,56,200,FALSE,200,15:33.1
2687,Biscuits,Lotte Choco Pie Cocoa Pie,90,10,6,81,168,FALSE,168,15:33.1
2688,Biscuits,Bauli Moonfils Veg - Strawberry,15,0,5,15,45,FALSE,47,15:33.1
2689,Biscuits,The Bake Shop Masala Lavash,75,6,6,70,100,FALSE,200,15:33.1
2690,Biscuits,Britannia Good Day Nut Cookies,30,0,6,30,120,FALSE,120,15:33.1
2691,Biscuits,Sunfeast Mom's Magic Rich Butter Cookies,30,10,6,27,200,FALSE,200,15:33.1
2692,Biscuits,The Bake Shop Whole Wheat Toast (Rusk) ,60,6,4,56,200,FALSE,200,15:33.1
2693,Biscuits,Open Secret Peanut Butter Story Box,105,22,6,81,75,FALSE,75,15:33.1
2694,Biscuits,Open Secret White Choco Story Box,105,22,6,81,75,FALSE,75,15:33.1
2695,Biscuits,The Bake Shop Whole Wheat Multigrain Lavash,75,6,3,70,100,FALSE,200,15:33.1
2696,Biscuits,McVitie's Oat Cookies,45,0,2,45,120,FALSE,120,15:33.1
2697,Biscuits,Britannia Tiger Krunch Biscuits,120,0,4,120,400,FALSE,400,15:33.1
2698,Biscuits,McVitie's Butter Cookies,30,10,6,27,200,FALSE,200,15:33.1
2699,Biscuits,Bauli Moonfils Strawberry,15,0,5,15,45,FALSE,45,15:33.1
2700,Biscuits,Britannia Good Day Butter Cookies,80,10,6,72,600,FALSE,600,15:33.1
2701,Biscuits,Parle Hide & Seek Choco Rolls,60,0,1,60,120,FALSE,120,15:33.1
2702,Biscuits,The Bake Shop Jeera Ajwain Bread Sticks,60,6,6,56,100,FALSE,100,15:33.1
2703,Biscuits,Parle Fab!o Vanilla Creme Sandwich Biscuit,30,3,6,29,120,FALSE,120,15:33.1
2704,Biscuits,Sunfeast Farmlite Nuts Digestive,70,11,6,62,250,FALSE,250,15:33.1
2705,Biscuits,Britannia Pure Magic - Chocolush,35,2,6,34,100,FALSE,100,15:33.1
2706,Biscuits,The Bake Shop Maska & Multigrain Cheese Crackers,130,10,3,116,100,FALSE,150,15:33.1
2707,Biscuits,Britannia Nutri Choice Ragi Cookies,70,10,6,63,150,FALSE,150,15:33.1
2708,Biscuits,Sunfeast Farmlite 5 Seed Digestive,60,0,2,60,250,FALSE,250,15:33.1
2709,Biscuits,Dukes Nibbles - Ranch Crackers,50,0,6,50,150,FALSE,150,15:33.1
2710,Biscuits,Danish Butter Cookies,350,0,1,350,400,FALSE,400,15:33.1
2711,Biscuits,The Bake Shop Sesame Seed Crackers,130,10,4,116,100,FALSE,150,15:33.1
2712,Biscuits,Good Day Butter Cookies,10,0,0,10,75,TRUE,75,15:33.1
2713,Biscuits,Britannia Marie Gold Biscuits Packet,30,0,0,30,250,TRUE,250,15:33.1
2714,Biscuits,Britannia Good Day Cashew Cookies,20,0,0,20,100,TRUE,100,15:33.1
2715,Biscuits,Sunfeast Dark Fantasy Choco Fills,35,8,0,32,75,TRUE,75,15:33.1
2716,Biscuits,Britannia Nutri Choice Digestive Biscuits Packet,25,0,0,25,100,TRUE,100,15:33.1
2717,Biscuits,Britannia Classic Little Hearts ,25,0,0,25,75,TRUE,75,15:33.1
2718,Biscuits,Britannia Good Day Cashew Cookies Packet,40,5,0,38,200,TRUE,200,15:33.1
2719,Biscuits,Britannia Nice Time Biscuit,25,0,0,25,150,TRUE,150,15:33.1
2720,Biscuits,Britannia Milk Bikis Cream Biscuit,45,0,0,45,200,TRUE,200,15:33.1
2721,Biscuits,Britannia Bourbon Chocolate Cream Biscuits,35,2,0,34,150,TRUE,150,15:33.1
2722,Biscuits,Dukes Waffy Chocolate Wafer Rolls ,150,50,0,75,250,TRUE,250,15:33.1
2723,Biscuits,Britannia Milk Bikis Milky Sandwich,25,0,0,25,120,TRUE,120,15:33.1
2724,Biscuits,Britannia Marie Gold Biscuit,28,0,0,28,200,TRUE,200,15:33.1
2725,Biscuits,Britannia Marie Gold (Buy 4 Get 1 Free),80,0,0,80,600,TRUE,600,15:33.1
2726,Biscuits,Britannia 50-50 Maska Chaska Biscuit,10,0,0,10,46,TRUE,45,15:33.1
2727,Biscuits,Unibic Choco Nut Cookies,25,8,0,23,75,TRUE,75,15:33.1
2728,Biscuits,Britannia Vita Marie Gold Biscuit,45,0,0,45,300,TRUE,300,15:33.1
2729,Biscuits,The Bake Shop Maska Khari,65,6,0,61,200,TRUE,100,15:33.1
2730,Biscuits,Parle Fab! Jam-In Cream Filled ,35,2,0,34,150,TRUE,150,15:33.1
2731,Biscuits,Sunfeast Nice Biscuit,25,12,0,22,150,TRUE,150,15:33.1
2732,Biscuits,Britannia Nutrichoice 5 Grain Digestive Biscuits,75,0,0,75,200,TRUE,200,15:33.1
2733,Biscuits,Cadbury Oreo Strawberry Bicuits,30,3,0,29,120,TRUE,120,15:33.1
2734,Biscuits,Sunfeast Mom's Magic Cashew & Almond Biscuit,10,0,0,10,60,TRUE,60,15:33.1
2735,Biscuits,Britannia Roll Yo! Strawberry Swiss Roll,10,0,0,10,28,TRUE,28,15:33.1
2736,Biscuits,Bauli Moonfils Choco Cream (With Egg),15,0,0,15,45,TRUE,45,15:33.1
2737,Biscuits,Britannia Nutri Choice Oats Choco Almond Biscuit,25,10,0,22.5,100,TRUE,75,15:33.1
2738,Biscuits,Britannia Nutri Choice Cracker Sugar Free Biscuit,35,0,0,35,300,TRUE,300,15:33.1
2739,Biscuits,Cadbury Oreo Chocolatey Sandwich Biscuits Family Pack,80,0,0,80,300,TRUE,300,15:33.1
2740,Biscuits,Bauli Moonfils Orange Puff Roll,15,0,0,15,45,TRUE,45,15:33.1
2741,Biscuits,Britannia Treat Jimjam Cream Biscuits ,25,0,0,25,100,TRUE,100,15:33.1
2742,Biscuits,Britannia Toastea Premium Bake Rusk,50,6,0,47,300,TRUE,300,15:33.1
2743,Biscuits,The Bake Shop Jeera Khari,65,0,0,65,200,TRUE,200,15:33.1
2745,Biscuits,Britannia Good Day Cashew Cookies,230,25,0,172,1000,TRUE,1,15:33.1
2746,Biscuits,Bauli Moonfils - Vanilla,15,0,0,15,45,TRUE,45,15:33.1
2747,Biscuits,Britannia Roll Yo! Choco Swiss Roll (With Egg),10,0,0,10,28,TRUE,28,15:33.1
2748,Biscuits,Britannia Milk Bikis Cream Biscuit,70,0,0,70,500,TRUE,500,15:33.1
2749,Biscuits,Open Secret Choco Almond Story Box,105,22,0,81,75,TRUE,75,15:33.1
2750,Biscuits,Parle Monaco Sixer Salted Biscuits ,60,10,0,54,200,TRUE,200,15:33.1
2751,Biscuits,Sunfeast Dark Fantasy Bourbon Bliss,35,17,0,29,150,TRUE,150,15:33.1
2752,Biscuits,Patanjali Atta Doodh Rusk,40,0,0,40,300,TRUE,300,15:33.1
2753,Biscuits,Sunfeast Dark Fantasy Bourbon Bliss,35,0,0,35,150,TRUE,150,15:33.1
2754,Personal Care,Clove Sensitive Toothpaste with Anti-Sensitivity & Fluoride Formulation,160,35,3,104,80,FALSE,80,15:33.1
2755,Personal Care,Dettol Original Germ Protection Alcohol Based Hand Sanitizer,25,0,6,25,50,FALSE,50,15:33.1
2756,Personal Care,Colgate Visible White Toothpaste,115,10,6,103,100,FALSE,100,15:33.1
2757,Personal Care,Dettol SKincare Handwash Value Refill,109,3,6,105,750,FALSE,750,15:33.1
2758,Personal Care,Savlon Herbal Sensitive Liquid Handwash Refill Pouch,115,4,6,110,750,FALSE,500,15:33.1
2759,Personal Care,Colgate Total 12 Whole Mouth Protection Toothpaste,120,10,6,108,120,FALSE,120,15:33.1
2760,Personal Care,Lux International Creamy White Soap Bar,35,2,6,34,75,FALSE,75,15:33.1
2761,Personal Care,Colgate Herbal Toothpaste,114,18,2,93,200,FALSE,200,15:33.1
2762,Personal Care,Nivea Men Deodorant Fresh Active 48h Long lasting Freshness,225,24,6,169,150,FALSE,150,15:33.1
2763,Personal Care,Dabur Meswak Toothpaste,58,5,6,55,100,FALSE,100,15:33.1
2764,Personal Care,Colgate Max Fresh Cooling Crystals Toothpaste,101,5,2,95,150,FALSE,150,15:33.1
2765,Personal Care,Indulekha Bhringa Hair Oil,432,15,6,367,100,FALSE,100,15:33.1
2766,Personal Care,Colgate Sensitive Soft Bristles Toothbrush,50,0,6,50,58,FALSE,1,15:33.1
2767,Personal Care,Pears Pure & Gentle Glycerin Bath Soap,75,0,6,75,125,FALSE,125,15:33.1
2768,Personal Care,Vaseline Skin Protecting Jelly,79,13,6,68,50,FALSE,50,15:33.1
2769,Personal Care,Dettol Original Germ Protection Bathing Soap Bar,166,5,4,157,375,FALSE,375,15:33.1
2770,Personal Care,Dettol Intense Cool Soap (B4G1),260,5,6,247,625,FALSE,625,15:33.1
2771,Personal Care,Livon Anti-Frizz Serum,250,10,3,225,100,FALSE,100,15:33.1
2772,Personal Care,Lifebuoy Germ Protection Care Soap Bar,30,3,3,29,100,FALSE,125,15:33.1
2773,Personal Care,Lux International Creamy White Soap Bar,70,10,6,63,125,FALSE,125,15:33.1
2774,Personal Care,Godrej Nupur û 100% Pure Henna (Mehendi),10,0,6,10,18,FALSE,18,15:33.1
2775,Personal Care,Glow & Lovely Advanced Multivitamin Face Cream,213,10,6,190,110,FALSE,110,15:33.1
2776,Personal Care,Set Wet Style Vertical Hold Hair Gel,50,10,4,45,50,FALSE,50,15:33.1
2778,Personal Care,Nycil Germ Expert Cool Herbal Talc,130,8,1,119,150,FALSE,200,15:33.1
2779,Personal Care,Godrej Expert Creme Hair Natural Brown Colour ,30,0,6,30,20,FALSE,20,15:33.1
2780,Personal Care,Veet Sensitive Skin Hair Removal Cream,135,5,6,128,50,FALSE,50,15:33.1
2781,Personal Care,Closeup Everfresh+ Anti-Germ Gel Toothpaste Red Hot,50,2,1,49,80,FALSE,80,15:33.1
2782,Personal Care,Pears Pure And Gentle Value Pack Of 3 Bathing Soap,199,6,5,186,375,FALSE,375,15:33.1
2783,Personal Care,Gillette Presto Ready Shaver 5 Cartridges ,88,6,6,82,290,FALSE,5,15:33.1
2784,Personal Care,Closeup Everfresh+ Anti-Germ Gel Toothpaste Red Hot,160,10,4,144,300,FALSE,300,15:33.1
2786,Personal Care,Nivea Soft Light Moisturizer for Face Hand & Body Non-Sticky Cream with Vitamin E & Jojoba Oil ,185,15,3,157,100,FALSE,100,15:33.1
2787,Personal Care,Fiama Gel Bar Celebration Pack Buy 4 Get 1 Free,290,10,6,261,625,FALSE,625,15:33.1
2788,Personal Care,Gillette Sensitive Shaving Foam,225,6,4,210,418,FALSE,418,15:33.1
2789,Personal Care,Dove Hair Fall Rescue Shampoo,150,6,5,141,180,FALSE,180,15:33.1
2790,Personal Care,Gillette Mach 3 Mens Razor Blades,499,7,4,460,232,FALSE,4,15:33.1
2791,Personal Care,Palmolive Aroma Absolute Relax Shower Gel,199,20,2,159,250,FALSE,250,15:33.1
2792,Personal Care,Godrej Protekt Germ Fighter Handwash,99,0,6,99,750,FALSE,750,15:33.1
2793,Personal Care,Dettol Hand Sanitizer,100,5,6,95,200,FALSE,200,15:33.1
2794,Personal Care,Dabur Amla Hair Oil,88,0,2,88,180,FALSE,180,15:33.1
2795,Personal Care,Dettol Original Liquid Handwash,89,4,6,85,200,FALSE,200,15:33.1
2796,Personal Care,L'Oreal Paris Total Repair 5 Conditioner,199,0,6,199,192,FALSE,180,15:33.1
2797,Personal Care,Patanjali Saundarya Aloe Vera Gel,90,0,5,90,150,FALSE,150,15:33.1
2798,Personal Care,Head & Shoulders 2 In 1 Anti Dandruff Shampoo Conditioner ,195,10,4,174,180,FALSE,180,15:33.1
2799,Personal Care,Clean & Clear Pimple Clearing Face Wash,130,10,2,117,80,FALSE,80,15:33.1
2800,Personal Care,Himalaya Anti Dandruff Shampoo,140,8,2,128,200,FALSE,200,15:33.1
2801,Personal Care,Stayfree Secure Dry Cover Regular Sanitary Pad With Wings,30,3,6,29,406,FALSE,7,15:33.1
2802,Personal Care,Savlon Moisture Shield Hand Wash,99,4,6,95,750,FALSE,750,15:33.1
2803,Personal Care,Dove Intense Repair Conditioner,190,14,6,162,175,FALSE,80,15:33.1
2804,Personal Care,Dabur Gulabari Rose Glow Face Cleanse,75,5,4,71,100,FALSE,100,15:33.1
2805,Personal Care,Parachute Jasmine Hair Oil,82,9,6,74,190,FALSE,190,15:33.1
2806,Personal Care,Johnson's Baby Skincare Wipes,79,6,6,74,1160,FALSE,20,15:33.1
2807,Personal Care,Dettol Skincare Liquid Hand Wash,79,0,6,79,200,FALSE,200,15:33.1
2808,Personal Care,Old Spice Original Lather Shaving Cream,75,9,6,68,70,FALSE,70,15:33.1
2809,Personal Care,Veet Hair Removal Cream Dry Skin,135,5,5,128,50,FALSE,50,15:33.1
2810,Personal Care,L'Oreal Paris Total Repair 5 Shampoo,265,0,2,265,396,FALSE,360,15:33.1
2811,Personal Care,Fiama Menthol & Magnolia Cooling Gel Bar Soap,160,11,6,141,375,FALSE,375,15:33.1
2812,Personal Care,Nivea Lip Balm Original Care for 24h Moisture with Shea Butter & Natural Oils,140,15,6,119,5,FALSE,4,15:33.1
2813,Personal Care,Oral-B Charcoal Deep Clean Stain Removal Toothbrush Soft,99,0,3,99,232,FALSE,4,15:33.1
2814,Personal Care,Neutrogena Ultra Sheer Dry Touch SPF 50+ Sunblock Sunscreen Lotion,250,10,3,225,30,FALSE,30,15:33.1
2815,Personal Care,Clinic Plus Strong & Long Health Shampoo,499,10,3,449,650,FALSE,650,15:33.1
2816,Personal Care,Johnson's Baby No More Tears Baby Shampoo,98,0,5,98,100,FALSE,100,15:33.1
2817,Personal Care,Colgate Zig Zag Toothbrush,120,0,3,120,348,FALSE,6,15:33.1
2818,Personal Care,Savlon Moisture Shield Germ Protection Handwash Refill (Buy 1 Get 1 Free),189,0,6,189,1500,FALSE,1500,15:33.1
2819,Personal Care,Colgate Sensitive Everyday Protection Anticavity Toothpaste,75,0,6,75,40,FALSE,40,15:33.1
2820,Personal Care,Whisper Ultra Soft XL+ Sanitary Pads,330,2,6,323,30,FALSE,30,15:33.1
2821,Personal Care,Garnier Colour Naturals Hair Colour - 1 Natural Black,80,0,1,80,60,FALSE,60,15:33.1
2822,Personal Care,Axe Pulse Men's Deodorant,210,0,6,210,150,FALSE,150,15:33.1
2823,Personal Care,Colgate Zigzag Charcoal Soft Bristle Toothbrush - 4 Pcs,99,0,6,99,232,FALSE,4,15:33.1
2824,Personal Care,Whisper Ultra Clean Wings XL+  Pouch,449,7,6,415,44,FALSE,44,15:33.1
2825,Personal Care,Whisper Choice Regular Sanitary Pads,90,0,6,90,1160,FALSE,20,15:33.1
2826,Personal Care,Axe Dark Temptation Men's Deodorant,210,7,5,194,150,FALSE,150,15:33.1
2827,Personal Care,Head & Shoulders Anti-Dandruff Smooth & Silky Shampoo,150,0,4,150,180,FALSE,180,15:33.1
2828,Personal Care,Clinic Plus Strength & Shine Shampoo With Egg Protein ,105,0,2,105,175,FALSE,175,15:33.1
2829,Personal Care,Engage M1 Perfume Spray for Men ,210,7,6,194,120,FALSE,120,15:33.1
2830,Personal Care,Tresemme Keratin Smooth Conditioner,380,0,3,380,340,FALSE,340,15:33.1
2832,Personal Care,Origami Aloe Vera Wipes,75,13,4,65,25,FALSE,25,15:33.1
2834,Personal Care,Gellette Presto Ready Shaver,20,0,1,20,58,FALSE,1,15:33.1
2835,Personal Care,Colgate Max Fresh Plax Mouthwash - Fresh Mint,150,20,5,120,250,FALSE,250,15:33.1
2836,Personal Care,Colgate Zig Zag Charcoal Medium Toothbrush 4 Pcs,99,0,6,99,232,FALSE,4,15:33.1
2837,Personal Care,Godrej Protekt,99,0,3,99,750,FALSE,750,15:33.1
2838,Personal Care,Colgate Total Charcoal Anticavity Toothpaste,110,10,3,99,120,FALSE,120,15:33.1
2839,Personal Care,Colgate Kids 0-2 Extra Soft Tooth Brush,30,16,6,25,58,FALSE,1,15:33.1
2840,Personal Care,Gillete Mach3 ,260,10,6,234,116,FALSE,2,15:33.1
2841,Personal Care,Maybelline New York Colossal Kajal Black,149,0,2,149,0,FALSE,0,15:33.1
2842,Personal Care,Godrej Cinthol Lime Talc,55,0,3,55,100,FALSE,100,15:33.1
2843,Personal Care,Hamam Soap Bar Neem Tulsi and Aloe Vera,58,0,6,58,150,FALSE,150,15:33.1
2845,Personal Care,Colgate Gentle Sensitive+ Toothbrush Pack Of 4,120,10,4,108,232,FALSE,4,15:33.1
2846,Personal Care,Nivea Creme All Season Multi-Purpose Cream ,175,10,4,157,100,FALSE,100,15:33.1
2847,Personal Care,Oral-B Charcoal Deep Clean Stain Removal Toothbrush Medium,99,0,1,99,232,FALSE,4,15:33.1
2848,Personal Care,Mamaearth 100% Natural Berry Blast Kids Toothpaste,149,10,4,134,50,FALSE,50,15:33.1
2849,Personal Care,HImalaya Gentle Baby Wipes,200,10,3,180,72,FALSE,72,15:33.1
2850,Personal Care,Stayfree Dry Max All Night XL Dry Cover Sanitary Pads,340,12,6,298,28,FALSE,28,15:33.1
2852,Personal Care,Fem Fairness Naturals Saffron Skin Bleach,85,15,4,72,64,FALSE,64,15:33.1
2853,Personal Care,Engage Woman Blush Body Deo Spray,195,10,5,174,150,FALSE,150,15:33.1
2854,Personal Care,Dove Pink Rosa Beauty Bathinhg Bar,60,0,6,60,100,FALSE,100,15:33.1
2855,Personal Care,Sebamed Cleansing Bar,99,10,4,89,100,FALSE,100,15:33.1
2856,Personal Care,Pampers Premium Care Pants - Large,1099,18,2,899,44,FALSE,44,15:33.1
2857,Personal Care,Nivea Women Deodorant Fresh Natural Long Lasting Freshness & 48h Protection,199,20,2,159,150,FALSE,150,15:33.1
2859,Personal Care,Patanjali Kesh Kanti Natural Hair Cleanser,75,9,4,68,200,FALSE,200,15:33.1
2860,Personal Care,Godrej No.1 Bathing Soap û Lime & Aloe Vera,149,0,6,149,600,FALSE,600,15:33.1
2861,Personal Care,Pantene Advanced Control Hair Fall Solution Shampoo,120,6,5,112,180,FALSE,180,15:33.1
2862,Personal Care,Veet Full Body Waxing Kit For Dry Skin,235,7,6,218,1160,FALSE,20,15:33.1
2863,Personal Care,Johnson's Baby Skincare Wipes,245,9,6,221,72,FALSE,72,15:33.1
2864,Personal Care,Gillette Lemon Lime Shaving Foam,199,11,4,177,196,FALSE,196,15:33.1
2865,Personal Care,Old Spice After Shave Lotion Musk,215,6,3,200,100,FALSE,100,15:33.1
2866,Personal Care,Whisper Ultra Soft Air Fresh Sanitary Pads (XL) with Wings,315,0,4,315,30,FALSE,30,15:33.1
2867,Personal Care,Himalaya Baby Powder,80,8,4,73,100,FALSE,100,15:33.1
2868,Personal Care,Fiama Men's Refreshing Pulse Shower Gel,225,20,4,180,250,FALSE,250,15:33.1
2869,Personal Care,Whisper Ultra Clean XL Plus Sanitary Pad,175,0,5,175,870,FALSE,15,15:33.1
2870,Personal Care,Johnson's Baby Powder,143,0,6,143,200,FALSE,200,15:33.1
2871,Personal Care,Dove Cream Beauty Bathing Bar,235,9,6,212,125,FALSE,125,15:33.1
2872,Personal Care,Patanjali Kesh Kanti Shikakai Hair Cleanser,95,0,4,95,200,FALSE,200,15:33.1
2873,Personal Care,L'Oreal Paris Color Protect Conditioner,199,0,3,199,192,FALSE,192,15:33.1
2874,Personal Care,Nivea Men Active Clean with Active Charcoal Shower Gel for Body Face & Hair,199,4,5,191,250,FALSE,250,15:33.1
2875,Personal Care,L'Oreal 6 Oil Nourish Conditioner,135,0,1,135,192,FALSE,192,15:33.1
2876,Personal Care,Godrej Easy Natural Black Hair Colour,25,0,5,25,20,FALSE,20,15:33.1
2877,Personal Care,Dabur Gulabari Rose Water Daily Glow,80,6,2,75,250,FALSE,250,15:33.1
2878,Personal Care,Himalaya Purifying Neem Face Wash,170,10,6,153,150,FALSE,150,15:33.1
2879,Personal Care,Fem Fairness Naturals Gold Skin Bleach,65,9,3,59,24,FALSE,24,15:33.1
2880,Personal Care,Whisper Choice Ultra XL Sanitary Pad,133,2,5,130,1160,FALSE,20,15:33.1
2881,Personal Care,Dove Dandruff Care Shampoo,158,6,5,147,180,FALSE,180,15:33.1
2882,Personal Care,Head & Shoulders Anti Dandruff Anti Hairfall Shampoo,285,0,5,285,340,FALSE,240,15:33.1
2883,Personal Care,L'Oreal Casting Creme Ebony Black Hair Color,550,0,6,550,159,FALSE,87,15:33.1
2884,Personal Care,Mamaearth Onion Hair Oil,399,10,6,359,150,FALSE,150,15:33.1
2885,Personal Care,L'Oreal Paris Casting Creme Gloss Hair Color (Dark Brown 400),550,0,4,550,159,FALSE,159,15:33.1
2886,Personal Care,Palmolive Naturals Sea Minerals Liquid Hand Wash,99,10,6,89,250,FALSE,250,15:33.1
2887,Personal Care,Oral-B Extra Soft Bristles Sensitive ,98,0,4,98,232,FALSE,4,15:33.1
2888,Personal Care,Engage M3 Perfume Spray for Men,200,10,3,180,120,FALSE,120,15:33.1
2889,Personal Care,Mamaearth Deeply Nourishing wash for Babies,199,0,4,199,200,FALSE,200,15:33.1
2890,Personal Care,Dettol Original Soap (B4G1),260,5,6,247,625,FALSE,625,15:33.1
2891,Personal Care,Woodward's Gripe Water,75,0,6,75,200,FALSE,200,15:33.1
2893,Personal Care,Johnson's Baby Soap,70,0,6,70,100,FALSE,100,15:33.1
2894,Personal Care,Engage M4 Perfume Spray For Men,200,10,6,180,120,FALSE,120,15:33.1
2895,Personal Care,Fem Fairness Naturals Hair Removal Cream Fair & Soft - Gold,65,10,4,58,40,FALSE,40,15:33.1
2896,Personal Care,Dove Hair Fall Rescue Conditioner,190,0,4,190,175,FALSE,175,15:33.1
2897,Personal Care,Himalaya Anti Hair Fall Shampoo,130,12,2,114,200,FALSE,200,15:33.1
2898,Personal Care,Fiama Peach & Avocado Gel Bar,176,10,3,158,375,FALSE,375,15:33.1
2899,Personal Care,Pears Pure & Gentle Value Pack Of 4 Bathing Soap ,125,0,6,125,75,FALSE,75,15:33.1
2900,Personal Care,Fiama Fresh Hand Wash,150,6,3,140,400,FALSE,400,15:33.1
2901,Personal Care,Palmolive Black Orchid And Milk Liquid Hand Wash,99,10,6,89,250,FALSE,250,15:33.1
2902,Personal Care,Oral-B Criss Cross Medium Toothbrush (Buy 2 Get 2 Free),160,0,5,160,232,FALSE,4,15:33.1
2903,Personal Care,Gillette Mach 3 Turbo Razor,349,6,5,325,58,FALSE,1,15:33.1
2904,Personal Care,Himalaya Baby Lotion,165,12,3,145,200,FALSE,200,15:33.1
2905,Personal Care,Head & Shoulders 2-in-1 Cool Menthol Anti Dandruff Shampoo + Conditioner,375,0,1,375,340,FALSE,180,15:33.1
2906,Personal Care,Sunsilk Lusciously Thick & Long Shampoo,249,6,6,234,340,FALSE,340,15:33.1
2907,Personal Care,Fiama Di Wills Men's Refreshing Pulse Shower Gel,225,4,3,214,250,FALSE,250,15:33.1
2908,Personal Care,Sebamed Anti - Dandruff Shampoo,600,10,2,540,200,FALSE,200,15:33.1
2909,Personal Care,Listerine Cool Mint Mouthwash - Mild Taste,150,10,6,135,250,FALSE,250,15:33.1
2911,Personal Care,Himalaya Gentle Baby Bath,165,9,6,150,200,FALSE,200,15:33.1
2913,Personal Care,L'Oreal Paris Color Protect Shampoo,282,0,3,282,360,FALSE,360,15:33.1
2914,Personal Care,Fiama Di Wills Lemongrass & Jojoba Gel Bar,176,10,6,158,375,FALSE,375,15:33.1
2915,Personal Care,Colgate Plax Peppermint Mouthwash,150,20,5,120,250,FALSE,250,15:33.1
2916,Personal Care,Dove Daily Shine Conditioner,90,10,1,81,80,FALSE,80,15:33.1
2917,Personal Care,Patanjali Kesh Kanti Anti Dandruff Hair Cleanser,110,0,6,110,200,FALSE,200,15:33.1
2918,Personal Care,Old Spice Original After Shave Lotion,250,0,1,250,150,FALSE,150,15:33.1
2919,Personal Care,Dove Hair Fall Rescue Shampoo,137,10,4,123,180,FALSE,180,15:33.1
2920,Personal Care,Dettol Clinical Strength Hand Sanitizer Liquid,250,10,6,225,500,FALSE,500,15:33.1
2921,Personal Care,Nivea Soft Light Moisturizer for Face Hand & Body Non-Sticky Cream with Vitamin E & Jojoba Oil,399,20,3,319,300,FALSE,300,15:33.1
2922,Personal Care,Comfy Baby Pants XL 12-17 kg,429,15,1,364,24,FALSE,24,15:33.1
2923,Personal Care,Dettol Liquid Handwash With Free Liquid,99,0,6,99,200,FALSE,200,15:33.1
2924,Personal Care,Nivea Body Milk Lotion for Very Dry Skin,399,20,6,319,400,FALSE,400,15:33.1
2925,Personal Care,Lakme Sun Expert,225,0,6,225,60,FALSE,60,15:33.1
2926,Personal Care,Head & shoulders Anti Dandruff Shampoo Cool Menthol,170,0,6,170,180,FALSE,180,15:33.1
2927,Personal Care,Godrej Nupur Henna,75,0,5,75,150,FALSE,120,15:33.1
2928,Personal Care,Johnson's Baby Lotion,100,0,4,100,100,FALSE,100,15:33.1
2929,Personal Care,Himalaya Anti Dandruff Shampoo,140,10,1,126,200,FALSE,200,15:33.1
2930,Personal Care,Maybelline New York Colossal Kajal Super Black,300,8,3,275,0,FALSE,0,15:33.1
2931,Personal Care,Stayfree Dry-Max All Night Ultra-Dry Sanitary Pad,90,10,6,81,406,FALSE,7,15:33.1
2932,Personal Care,Dove Daily Shine Shampoo,645,5,3,612,650,FALSE,650,15:33.1
2933,Personal Care,Godrej Easy 5 Minute Natural Brown 4 Hair Colour,29,0,5,29,20,FALSE,20,15:33.1
2934,Personal Care,Colgate Sensitive Plus Enamel Toothpaste Tube,140,0,6,140,160,FALSE,160,15:33.1
2935,Personal Care,Colgate Max Fresh Peppermint Toothpaste ,182,15,6,154,300,FALSE,300,15:33.1
2936,Personal Care,Pond's Light Moisturiser,309,10,6,278,250,FALSE,250,15:33.1
2937,Personal Care,Engage Mate For Man Deo Spray,195,10,5,174,150,FALSE,150,15:33.1
2938,Personal Care,Pantene Advanced Hair Fall Solution Shampoo - Total Damage Care,120,0,5,120,180,FALSE,180,15:33.1
2939,Personal Care,Whisper Choice Regular Wing Sanitary Pad,30,0,2,30,406,FALSE,7,15:33.1
2940,Personal Care,Colgate Slim Soft Charcoal Toothbrush,150,18,4,123,232,FALSE,4,15:33.1
2941,Personal Care,Fiama Scents Juniper & Geranium Body Wash,199,6,5,186,250,FALSE,250,15:33.1
2942,Personal Care,Mamaearth Ubtan Body Lotion,399,15,4,339,400,FALSE,400,15:33.1
2943,Personal Care,Godrej Aer Power Pocket - Long Lasting Bathroom Fragrance Floral Delight,55,0,6,55,10,FALSE,10,15:33.1
2944,Personal Care,Himalaya Anti-Hair Fall Shampoo,230,18,1,188,400,FALSE,400,15:33.1
2945,Personal Care,Nivea Soft Light Moisturizer for Face Hand & Body Non-Sticky Cream with Vitamin E & Jojoba Oil,310,15,6,263,200,FALSE,200,15:33.1
2946,Personal Care,Engage M2 Perfume Spray For Men,200,10,6,180,120,FALSE,120,15:33.1
2947,Personal Care,Listerine Cool Mint Mouthwash - Mild Taste,150,10,6,135,250,FALSE,250,15:33.1
2948,Personal Care,Mamaearth Ubtan Face Scrub Turmeric & Walnut,349,10,1,314,100,FALSE,100,15:33.1
2949,Personal Care,Himalaya Purifying Neem Face Wash Tube,270,15,6,229,300,FALSE,300,15:33.1
2950,Personal Care,Johnson's Baby Top To Toe Bath Body Wash,165,0,4,165,210,FALSE,210,15:33.1
2951,Personal Care,Gillette Mach 3 Start,249,0,6,249,116,FALSE,2,15:33.1
2952,Personal Care,Scalpe Pro Anti dandruff Shampoo 100ml,185,0,2,185,100,FALSE,100,15:33.1
2953,Personal Care,Johnson's Baby Cream,150,0,6,150,100,FALSE,100,15:33.1
2954,Personal Care,Johnson's Baby Soap,105,0,6,105,150,FALSE,150,15:33.1
2955,Personal Care,Himalaya Gentle Baby Shampoo,320,17,6,265,400,FALSE,400,15:33.1
2956,Personal Care,L'Oreal Paris Shine Masque Royal Jelly Hair Colour,550,0,3,550,88,FALSE,87,15:33.1
2957,Personal Care,Engage Rush Deodorant For Men,190,11,6,169,150,FALSE,150,15:33.1
2958,Personal Care,Clean & Clear Foaming Face Wash,140,10,4,126,100,FALSE,100,15:33.1
2959,Personal Care,Dettol Lather Shaving Cream,75,5,6,71,78,FALSE,78,15:33.1
2960,Personal Care,Gillette Classic Regular Pre Shave Foam,199,0,4,199,196,FALSE,196,15:33.1
2961,Personal Care,Dove Daily Shine Conditioner,190,0,6,190,175,FALSE,180,15:33.1
2962,Personal Care,Johnson's Baby Shampoo,180,0,6,180,200,FALSE,200,15:33.1
2963,Personal Care,Park Avenue Beer Shampoo ,155,9,4,140,180,FALSE,180,15:33.1
2964,Personal Care,Pantene Advanced Hair Fall Solution Silky Smooth Care Shampoo,120,6,6,112,180,FALSE,180,15:33.1
2965,Personal Care,Fem Fairness Naturals Hair Removal Cream Fair & Soft - Rose,65,10,6,58,40,FALSE,40,15:33.1
2966,Personal Care,Sunsilk Stunning Black Shine Shampoo,555,6,6,521,650,FALSE,650,15:33.1
2967,Personal Care,Dabur Meswak Toothpaste,100,0,1,100,200,FALSE,200,15:33.1
2968,Personal Care,Patanjali Kesh Kanti Reetha Hair Cleanser,85,0,5,85,200,FALSE,200,15:33.1
2969,Personal Care,Nivea Lip Balm Soft Rose for 24h Moisture with Natural Oils Delicate Rose Shine,185,8,6,169,5,FALSE,4,15:33.1
2970,Personal Care,Santoor Total Skin Care Soap With Sandal & Turmeric,180,0,6,180,600,FALSE,600,15:33.1
2972,Personal Care,Gillette Pre Shave Foam - Classic Regular Skin,225,0,6,225,418,FALSE,418,15:33.1
2973,Personal Care,Fiama Di Wills Shower Gel Patchouli & Macadamia,199,10,6,179,250,FALSE,250,15:33.1
2974,Personal Care,Listerine Fresh Burst Mouthwash,140,10,4,126,250,FALSE,250,15:33.1
2975,Personal Care,Nivea Cocoa Nourish Body Lotion With Coconut Oil & Cocoa Butter For Very Dry Skin ,299,17,5,247,200,FALSE,200,15:33.1
2976,Personal Care,Pantene Hair Fall Control Shampoo,240,7,2,221,340,FALSE,340,15:33.1
2977,Personal Care,Fogg Master - Royal Intense,250,0,5,250,120,FALSE,120,15:33.1
2978,Personal Care,TRESemme Smooth And Shine Conditioner,220,0,5,220,190,FALSE,190,15:33.1
2979,Personal Care,Whisper Ultra Clean XL Plus Sanitary Pad,155,0,6,155,870,FALSE,15,15:33.1
2981,Personal Care,Nivea Soft Moisturizing Cream,310,12,1,272,200,FALSE,200,15:33.1
2982,Personal Care,Patanjali Kesh Kanti Aloe Vera Hair Cleanser,85,0,5,85,200,FALSE,200,15:33.1
2983,Personal Care,Neutrogena Deep Clean Foaming Cleanser,130,11,2,115,50,FALSE,50,15:33.1
2984,Personal Care,Clean & Clear Morning Energy Berry Face Wash,155,6,6,145,100,FALSE,100,15:33.1
2985,Personal Care,Pampers Premium Care New Baby Pants,320,0,4,320,24,FALSE,24,15:33.1
2986,Personal Care,Vaseline Intensive Care Aloe Fresh,225,9,6,203,200,FALSE,200,15:33.1
2987,Personal Care,L'Oreal Paris Dream Lengths Shampoo,149,0,6,149,192,FALSE,192,15:33.1
2988,Personal Care,Johnson's Baby Oil,115,0,4,115,100,FALSE,100,15:33.1
2989,Personal Care,Engage Man Rush Deodorant,195,9,6,176,150,FALSE,150,15:33.1
2990,Personal Care,Pantene Advanced Hair Fall Solution Shampoo - Total Damage Care,264,0,6,264,340,FALSE,340,15:33.1
2991,Personal Care,Whisper Daily Liners Clean and Fresh,105,0,4,105,1160,FALSE,20,15:33.1
2992,Personal Care,Himalaya Men Pimple Clear Neem Face Wash,180,9,2,163,100,FALSE,100,15:33.1
2993,Personal Care,Pantene Adv Hairfall Solution Conditioner Silky Smooth,190,0,5,190,200,FALSE,200,15:33.1
2994,Personal Care,Himalaya Prickly Heat Baby Powder,90,10,6,81,100,FALSE,100,15:33.1
2995,Personal Care,Mamaearth Daily Moisturizing Lotion For Babies,199,0,6,199,200,FALSE,200,15:33.1
2996,Personal Care,Stayfree Advanced XL Ultra Comfort Sanitary napkins with Wings,175,0,3,175,812,FALSE,14,15:33.1
2997,Personal Care,Pampers Premium Care Pants - Medium,1099,18,6,899,54,FALSE,54,15:33.1
2998,Personal Care,Fiama Men's Refreshing Pulse Shower Gel,199,10,6,179,250,FALSE,250,15:33.1
2999,Personal Care,Vaseline Original Skin Protecting Jelly,125,10,6,112,100,FALSE,100,15:33.1
3000,Personal Care,Clean & Clear Foaming Face Wash,180,10,6,162,150,FALSE,150,15:33.1
3001,Personal Care,Fiama Lemongrass and Jojoba Shower Gel,225,20,6,180,250,FALSE,250,15:33.1
3002,Personal Care,Oral-B Charcoal Cross Cross Extra Soft Toothbrush (Buy 2 Get 1 Free),180,0,1,180,174,FALSE,3,15:33.1
3003,Personal Care,Listerine Fresh Burst Mouthwash,285,7,6,263,500,FALSE,500,15:33.1
3004,Personal Care,Veet Full Body Waxing Kit,235,7,6,218,1160,FALSE,20,15:33.1
3005,Personal Care,Listerine Original Mouthwash,55,9,6,50,80,FALSE,80,15:33.1
3006,Personal Care,Santoor Almond Soft With Sandal & Almond Milk,180,0,2,180,625,FALSE,625,15:33.1
3007,Personal Care,Nivea Body Shea Smooth with Shea Butter for Dry Skin,425,20,5,340,400,FALSE,9,15:33.1
3008,Personal Care,Neutrogena Deep Clean Facial Cleanser,130,0,4,130,50,FALSE,50,15:33.1
3010,Personal Care,Johnson's Baby Powder,235,0,6,235,400,FALSE,400,15:33.1
3011,Personal Care,Bombay Shaving Company Charcoal Face Wash,249,0,4,249,100,FALSE,100,15:33.1
3012,Personal Care,Colgate Kids 2+ Years Extra Soft Toothbrush,20,0,3,20,58,FALSE,1,15:33.1
3013,Personal Care,Veet Hair Removal Cream (Normal Skin),135,5,6,128,50,FALSE,50,15:33.1
3014,Personal Care,Dove Daily Shine Shampoo,240,0,4,240,340,FALSE,340,15:33.1
3015,Personal Care,L'Oreal Anti Hair Fall Conditioner,199,0,6,199,192,FALSE,192,15:33.1
3016,Personal Care,Nivea Body Lotion Aloe Hydration For Normal Skin ,275,10,6,247,200,FALSE,200,15:33.1
3017,Personal Care,Pampers Pants - Large,1549,45,3,849,82,FALSE,82,15:33.1
3019,Personal Care,Head & Shoulders 2 In 1 Anti Dandruff Smooth & Silky Shampoo+Conditioner,375,10,6,334,340,FALSE,340,15:33.1
3020,Personal Care,Fem Fairness Natural Gold Skin Bleach,85,7,4,79,64,FALSE,64,15:33.1
3021,Personal Care,Engage Deo Frost,195,9,6,176,150,FALSE,150,15:33.1
3022,Personal Care,Stayfree Secure XL Size Sanitary Napkins,115,0,5,115,1160,FALSE,20,15:33.1
3023,Personal Care,Pampers Pants - Medium,699,21,1,549,50,FALSE,50,15:33.1
3024,Personal Care,Pampers Active Baby Diapers New Born Extra Small ,1099,22,3,849,72,FALSE,72,15:33.1
3026,Personal Care,Woodwards Gripe Water ,50,0,4,50,130,FALSE,130,15:33.1
3027,Personal Care,Clean & Clear Morning Energy Aqua Splash Face Wash,145,9,5,131,100,FALSE,100,15:33.1
3028,Personal Care,Sunsilk Lusciously Thick & Long Shampoo,555,6,6,521,650,FALSE,650,15:33.1
3029,Personal Care,Mamaearth Skin Correct Face Serum,599,15,1,509,30,FALSE,30,15:33.1
3030,Personal Care,Chik Hairfall Prevent Egg Shampoo,178,0,6,178,340,FALSE,340,15:33.1
3031,Personal Care,Pantene Silky Smooth Care Shampoo,225,6,3,210,340,FALSE,340,15:33.1
3033,Personal Care,Set Wet Swag Avatar Deodorant & Body Spray Perfume For Men,199,0,1,199,150,FALSE,150,15:33.1
3034,Personal Care,Pampers All Round Protection Pants - Medium,699,17,6,575,50,FALSE,50,15:33.1
3035,Personal Care,Set Wet Deodrant Charm Avatar,199,0,1,199,150,FALSE,150,15:33.1
3036,Personal Care,Nupur Heena Mehandi,199,0,6,199,500,FALSE,500,15:33.1
3037,Personal Care,Head & Shoulders 2-in-1 Active Protect Shampoo,375,9,6,338,340,FALSE,340,15:33.1
3038,Personal Care,Gillette Mach 3 Turbo Cartridges,649,10,6,578,232,FALSE,4,15:33.1
3039,Personal Care,TRESemme Smooth And Shine Conditioner,210,13,1,182,190,FALSE,190,15:33.1
3040,Personal Care,Bombay Shaving Company Sensitive Cartridges,375,0,2,375,116,FALSE,2,15:33.1
3041,Personal Care,Himalaya Baby Lotion,300,12,1,264,400,FALSE,400,15:33.1
3042,Personal Care,Old Spice Lime Lather Shaving Cream,75,0,6,75,70,FALSE,70,15:33.1
3043,Personal Care,Colgate Sensitive Plus Anticavity Toothpaste ,140,10,6,126,70,FALSE,70,15:33.1
3044,Personal Care,Colgate Toothpaste For Kids Motu Oatlu,93,0,6,93,80,FALSE,80,15:33.1
3045,Personal Care,Pantene Total Damage Care Shampoo,120,0,6,120,180,FALSE,180,15:33.1
3046,Personal Care,Himalaya Moisturising Aloe Vera Facial Wipes,100,10,6,90,25,FALSE,25,15:33.1
3047,Personal Care,Savlon Moisture Shield Hand Wash,69,0,5,69,200,FALSE,200,15:33.1
3048,Personal Care,Pampers Active Baby Diapers New Born Extra Small,360,10,6,324,24,FALSE,24,15:33.1
3049,Personal Care,Himalaya Anti Dandruff Shampoo,260,18,1,213,400,FALSE,400,15:33.1
3050,Personal Care,Himalaya Anti Hair Fall Shampoo,490,25,4,367,700,FALSE,700,15:33.1
3051,Personal Care,Johnson's Baby Oil,200,0,6,200,200,FALSE,200,15:33.1
3052,Personal Care,Vaseline Intensive Care Deep Moisture Body Lotion,325,0,4,325,400,FALSE,400,15:33.1
3053,Personal Care,L'Oreal Paris Dream Lengths Conditioner,199,0,1,199,193,FALSE,193,15:33.1
3054,Personal Care,Nivea Soft Light Moisturizing Cream,185,15,6,157,100,FALSE,100,15:33.1
3055,Personal Care,Whisper Ultra Soft XL+ Sanitary Pads,555,0,1,555,60,FALSE,60,15:33.1
3056,Personal Care,Palmolive Feel The Massage Shower Gel,249,20,6,199,250,FALSE,250,15:33.1
3057,Personal Care,L'Oreal Paris Dream Lengths Conditioner,209,0,3,209,193,FALSE,193,15:33.1
3058,Personal Care,Head & Shoulders Anti-Dandruff Smooth & Silky Shampoo,285,6,6,266,340,FALSE,340,15:33.1
3059,Personal Care,Mamaearth Moisturizing Baby Bath Soap,249,0,4,249,150,FALSE,150,15:33.1
3060,Personal Care,Listerine Original Mouthwash,150,10,6,135,250,FALSE,250,15:33.1
3061,Personal Care,Himalaya Gentle Baby Shampoo,170,14,6,146,200,FALSE,200,15:33.1
3062,Personal Care,Dove Dryness Care Shampoo,268,5,1,252,340,FALSE,340,15:33.1
3063,Personal Care,Dove Hair Fall Rescue Shampoo,280,15,6,236,340,FALSE,340,15:33.1
3064,Personal Care,Head & Shoulders Anti Dandruff Shampoo Cool Menthol,295,9,6,266,340,FALSE,340,15:33.1
3065,Personal Care,Bombay Shaving Company Defender Razor,345,0,6,345,58,FALSE,1,15:33.1
3067,Personal Care,Himalaya Baby Nourishing Massage Oil,200,20,2,160,200,FALSE,250,15:33.1
3068,Personal Care,Himalaya Baby Powder,235,20,6,188,400,FALSE,400,15:33.1
3069,Personal Care,Fogg Paradise Fragrant Body Spray For Women ,250,0,6,250,150,FALSE,150,15:33.1
3070,Personal Care,Revive Revive Liquid,71,0,6,71,200,FALSE,200,15:33.1
3071,Personal Care,Pantene Hairfall Control Conditioner,190,6,6,178,200,FALSE,200,15:33.1
3072,Personal Care,Mamaearth Vitamin C Face Toner,399,0,1,399,200,FALSE,200,15:33.1
3073,Personal Care,Himalaya Diaper Rash Cream,80,10,2,72,20,FALSE,20,15:33.1
3074,Personal Care,Fogg Royal Fragrance Spray,230,0,4,230,150,FALSE,120,15:33.1
3075,Personal Care,Dove Pink Rosa Beauty Bathing Bar,245,9,6,221,100,FALSE,100,15:33.1
3076,Personal Care,Dove Dryness Care Conditioner Frizzy & Dry Hair,90,6,4,84,80,FALSE,80,15:33.1
3077,Personal Care,Dettol Original Liquid Handwash Refill,109,3,0,105,750,TRUE,750,15:33.1
3078,Personal Care,Parachute 100% Pure Coconut Oil,123,0,0,123,300,TRUE,300,15:33.1
3079,Personal Care,Stayfree Secure Cottony Soft Cover Sanitary Pad (Regular) with Wings,30,3,0,29,406,TRUE,7,15:33.1
3080,Personal Care,Dabur Gulabari Premium Rose Water,48,2,0,47,120,TRUE,120,15:33.1
3081,Personal Care,Parachute Advansed Gold Coconut Hair Oil,215,9,0,194,400,TRUE,400,15:33.1
3082,Personal Care,Closeup Everfresh+ Anti-Germ Gel Toothpaste Red Hot,90,10,0,81,150,TRUE,150,15:33.1
3083,Personal Care,Godrej No.1 Bathing Soap û Lime & Aloe Vera,100,16,0,84,500,TRUE,100,15:33.1
3084,Personal Care,Sensodyne Sensitive Fresh Gel Toothpaste,115,7,0,106,75,TRUE,75,15:33.1
3085,Personal Care,Whisper Bindazzz Nights XL + Sanitary Pad,90,0,0,90,406,TRUE,7,15:33.1
3086,Personal Care,Whisper Choice Sanitary Pad ,32,9,0,29,406,TRUE,7,15:33.1
3088,Personal Care,Gillette Venus Close & Clean Razor ,249,7,0,230,58,TRUE,1,15:33.1
3089,Personal Care,Whisper Choice Regular Sanitary Pads,90,3,0,87,58,TRUE,20,15:33.1
3090,Personal Care,Stayfree Secure Dry Cover Extra Large Sanitary Pad,42,2,0,41,406,TRUE,7,15:33.1
3091,Personal Care,Oxylife Natural Radiance 5 Creme Bleach - With Active Oxygen,82,9,0,74,27,TRUE,27,15:33.1
3092,Personal Care,Clean & Clear Morning Energy Lemon Face Wash,145,9,0,131,100,TRUE,100,15:33.1
3093,Personal Care,Bajaj Almond Drops Hair Oil,67,10,0,60,100,TRUE,100,15:33.1
3094,Personal Care,Bajaj Almond Drops Hair Oil Bottle,130,7,0,120,200,TRUE,200,15:33.1
3095,Personal Care,Whisper Bindazzz Night Sanitary Pads XL Plus,185,0,0,185,870,TRUE,15,15:33.1
3096,Personal Care,Godrej Cinthol Lime Refreshing Deo Soap,116,0,0,116,400,TRUE,400,15:33.1
3098,Paan Corner,Clove Sensitive Toothpaste with Anti-Sensitivity & Fluoride Formulation,160,35,3,104,80,FALSE,80,15:33.1
3099,Paan Corner,Dettol Original Germ Protection Alcohol Based Hand Sanitizer,25,0,6,25,50,FALSE,50,15:33.1
3100,Paan Corner,Colgate Visible White Toothpaste,115,10,6,103,100,FALSE,100,15:33.1
3101,Paan Corner,Dettol SKincare Handwash Value Refill,109,3,6,105,750,FALSE,750,15:33.1
3102,Paan Corner,Savlon Herbal Sensitive Liquid Handwash Refill Pouch,115,4,6,110,750,FALSE,500,15:33.1
3103,Paan Corner,Colgate Total 12 Whole Mouth Protection Toothpaste,120,10,6,108,120,FALSE,120,15:33.1
3104,Paan Corner,Lux International Creamy White Soap Bar,35,2,6,34,75,FALSE,75,15:33.1
3105,Paan Corner,Colgate Herbal Toothpaste,114,18,2,93,200,FALSE,200,15:33.1
3106,Paan Corner,Nivea Men Deodorant Fresh Active 48h Long lasting Freshness,225,24,6,169,150,FALSE,150,15:33.1
3107,Paan Corner,Dabur Meswak Toothpaste,58,5,6,55,100,FALSE,100,15:33.1
3108,Paan Corner,Colgate Max Fresh Cooling Crystals Toothpaste,101,5,2,95,150,FALSE,150,15:33.1
3109,Paan Corner,Indulekha Bhringa Hair Oil,432,15,6,367,100,FALSE,100,15:33.1
3110,Paan Corner,Colgate Sensitive Soft Bristles Toothbrush,50,0,6,50,58,FALSE,1,15:33.1
3111,Paan Corner,Pears Pure & Gentle Glycerin Bath Soap,75,0,6,75,125,FALSE,125,15:33.1
3112,Paan Corner,Vaseline Skin Protecting Jelly,79,13,6,68,50,FALSE,50,15:33.1
3113,Paan Corner,Dettol Original Germ Protection Bathing Soap Bar,166,5,4,157,375,FALSE,375,15:33.1
3114,Paan Corner,Dettol Intense Cool Soap (B4G1),260,5,6,247,625,FALSE,625,15:33.1
3115,Paan Corner,Livon Anti-Frizz Serum,250,10,3,225,100,FALSE,100,15:33.1
3116,Paan Corner,Lifebuoy Germ Protection Care Soap Bar,30,3,3,29,100,FALSE,125,15:33.1
3117,Paan Corner,Lux International Creamy White Soap Bar,70,10,6,63,125,FALSE,125,15:33.1
3118,Paan Corner,Godrej Nupur û 100% Pure Henna (Mehendi),10,0,6,10,18,FALSE,18,15:33.1
3119,Paan Corner,Glow & Lovely Advanced Multivitamin Face Cream,213,10,6,190,110,FALSE,110,15:33.1
3120,Paan Corner,Set Wet Style Vertical Hold Hair Gel,50,10,4,45,50,FALSE,50,15:33.1
3122,Paan Corner,Nycil Germ Expert Cool Herbal Talc,130,8,1,119,150,FALSE,200,15:33.1
3123,Paan Corner,Godrej Expert Creme Hair Natural Brown Colour ,30,0,6,30,20,FALSE,20,15:33.1
3124,Paan Corner,Veet Sensitive Skin Hair Removal Cream,135,5,6,128,50,FALSE,50,15:33.1
3125,Paan Corner,Closeup Everfresh+ Anti-Germ Gel Toothpaste Red Hot,50,2,1,49,80,FALSE,80,15:33.1
3126,Paan Corner,Pears Pure And Gentle Value Pack Of 3 Bathing Soap,199,6,5,186,375,FALSE,375,15:33.1
3127,Paan Corner,Gillette Presto Ready Shaver 5 Cartridges ,88,6,6,82,290,FALSE,5,15:33.1
3128,Paan Corner,Closeup Everfresh+ Anti-Germ Gel Toothpaste Red Hot,160,10,4,144,300,FALSE,300,15:33.1
3130,Paan Corner,Nivea Soft Light Moisturizer for Face Hand & Body Non-Sticky Cream with Vitamin E & Jojoba Oil ,185,15,3,157,100,FALSE,100,15:33.1
3131,Paan Corner,Fiama Gel Bar Celebration Pack Buy 4 Get 1 Free,290,10,6,261,625,FALSE,625,15:33.1
3132,Paan Corner,Gillette Sensitive Shaving Foam,225,6,4,210,418,FALSE,418,15:33.1
3133,Paan Corner,Dove Hair Fall Rescue Shampoo,150,6,5,141,180,FALSE,180,15:33.1
3134,Paan Corner,Gillette Mach 3 Mens Razor Blades,499,7,4,460,232,FALSE,4,15:33.1
3135,Paan Corner,Palmolive Aroma Absolute Relax Shower Gel,199,20,2,159,250,FALSE,250,15:33.1
3136,Paan Corner,Godrej Protekt Germ Fighter Handwash,99,0,6,99,750,FALSE,750,15:33.1
3137,Paan Corner,Dettol Hand Sanitizer,100,5,6,95,200,FALSE,200,15:33.1
3138,Paan Corner,Dabur Amla Hair Oil,88,0,2,88,180,FALSE,180,15:33.1
3139,Paan Corner,Dettol Original Liquid Handwash,89,4,6,85,200,FALSE,200,15:33.1
3140,Paan Corner,L'Oreal Paris Total Repair 5 Conditioner,199,0,6,199,192,FALSE,180,15:33.1
3141,Paan Corner,Patanjali Saundarya Aloe Vera Gel,90,0,5,90,150,FALSE,150,15:33.1
3142,Paan Corner,Head & Shoulders 2 In 1 Anti Dandruff Shampoo Conditioner ,195,10,4,174,180,FALSE,180,15:33.1
3143,Paan Corner,Clean & Clear Pimple Clearing Face Wash,130,10,2,117,80,FALSE,80,15:33.1
3144,Paan Corner,Himalaya Anti Dandruff Shampoo,140,8,2,128,200,FALSE,200,15:33.1
3145,Paan Corner,Stayfree Secure Dry Cover Regular Sanitary Pad With Wings,30,3,6,29,406,FALSE,7,15:33.1
3146,Paan Corner,Savlon Moisture Shield Hand Wash,99,4,6,95,750,FALSE,750,15:33.1
3147,Paan Corner,Dove Intense Repair Conditioner,190,14,6,162,175,FALSE,80,15:33.1
3148,Paan Corner,Dabur Gulabari Rose Glow Face Cleanse,75,5,4,71,100,FALSE,100,15:33.1
3149,Paan Corner,Parachute Jasmine Hair Oil,82,9,6,74,190,FALSE,190,15:33.1
3150,Paan Corner,Johnson's Baby Skincare Wipes,79,6,6,74,1160,FALSE,20,15:33.1
3151,Paan Corner,Dettol Skincare Liquid Hand Wash,79,0,6,79,200,FALSE,200,15:33.1
3152,Paan Corner,Old Spice Original Lather Shaving Cream,75,9,6,68,70,FALSE,70,15:33.1
3153,Paan Corner,Veet Hair Removal Cream Dry Skin,135,5,5,128,50,FALSE,50,15:33.1
3154,Paan Corner,L'Oreal Paris Total Repair 5 Shampoo,265,0,2,265,396,FALSE,360,15:33.1
3155,Paan Corner,Fiama Menthol & Magnolia Cooling Gel Bar Soap,160,11,6,141,375,FALSE,375,15:33.1
3156,Paan Corner,Nivea Lip Balm Original Care for 24h Moisture with Shea Butter & Natural Oils,140,15,6,119,5,FALSE,4,15:33.1
3157,Paan Corner,Oral-B Charcoal Deep Clean Stain Removal Toothbrush Soft,99,0,3,99,232,FALSE,4,15:33.1
3158,Paan Corner,Neutrogena Ultra Sheer Dry Touch SPF 50+ Sunblock Sunscreen Lotion,250,10,3,225,30,FALSE,30,15:33.1
3159,Paan Corner,Clinic Plus Strong & Long Health Shampoo,499,10,3,449,650,FALSE,650,15:33.1
3160,Paan Corner,Johnson's Baby No More Tears Baby Shampoo,98,0,5,98,100,FALSE,100,15:33.1
3161,Paan Corner,Colgate Zig Zag Toothbrush,120,0,3,120,348,FALSE,6,15:33.1
3162,Paan Corner,Savlon Moisture Shield Germ Protection Handwash Refill (Buy 1 Get 1 Free),189,0,6,189,1500,FALSE,1500,15:33.1
3163,Paan Corner,Colgate Sensitive Everyday Protection Anticavity Toothpaste,75,0,6,75,40,FALSE,40,15:33.1
3164,Paan Corner,Whisper Ultra Soft XL+ Sanitary Pads,330,2,6,323,30,FALSE,30,15:33.1
3165,Paan Corner,Garnier Colour Naturals Hair Colour - 1 Natural Black,80,0,1,80,60,FALSE,60,15:33.1
3166,Paan Corner,Axe Pulse Men's Deodorant,210,0,6,210,150,FALSE,150,15:33.1
3167,Paan Corner,Colgate Zigzag Charcoal Soft Bristle Toothbrush - 4 Pcs,99,0,6,99,232,FALSE,4,15:33.1
3168,Paan Corner,Whisper Ultra Clean Wings XL+  Pouch,449,7,6,415,44,FALSE,44,15:33.1
3169,Paan Corner,Whisper Choice Regular Sanitary Pads,90,0,6,90,1160,FALSE,20,15:33.1
3170,Paan Corner,Axe Dark Temptation Men's Deodorant,210,7,5,194,150,FALSE,150,15:33.1
3171,Paan Corner,Head & Shoulders Anti-Dandruff Smooth & Silky Shampoo,150,0,4,150,180,FALSE,180,15:33.1
3172,Paan Corner,Clinic Plus Strength & Shine Shampoo With Egg Protein ,105,0,2,105,175,FALSE,175,15:33.1
3173,Paan Corner,Engage M1 Perfume Spray for Men ,210,7,6,194,120,FALSE,120,15:33.1
3174,Paan Corner,Tresemme Keratin Smooth Conditioner,380,0,3,380,340,FALSE,340,15:33.1
3176,Paan Corner,Origami Aloe Vera Wipes,75,13,4,65,25,FALSE,25,15:33.1
3178,Paan Corner,Gellette Presto Ready Shaver,20,0,1,20,58,FALSE,1,15:33.1
3179,Paan Corner,Colgate Max Fresh Plax Mouthwash - Fresh Mint,150,20,5,120,250,FALSE,250,15:33.1
3180,Paan Corner,Colgate Zig Zag Charcoal Medium Toothbrush 4 Pcs,99,0,6,99,232,FALSE,4,15:33.1
3181,Paan Corner,Godrej Protekt,99,0,3,99,750,FALSE,750,15:33.1
3182,Paan Corner,Colgate Total Charcoal Anticavity Toothpaste,110,10,3,99,120,FALSE,120,15:33.1
3183,Paan Corner,Colgate Kids 0-2 Extra Soft Tooth Brush,30,16,6,25,58,FALSE,1,15:33.1
3184,Paan Corner,Gillete Mach3 ,260,10,6,234,116,FALSE,2,15:33.1
3185,Paan Corner,Maybelline New York Colossal Kajal Black,149,0,2,149,0,FALSE,0,15:33.1
3186,Paan Corner,Godrej Cinthol Lime Talc,55,0,3,55,100,FALSE,100,15:33.1
3187,Paan Corner,Hamam Soap Bar Neem Tulsi and Aloe Vera,58,0,6,58,150,FALSE,150,15:33.1
3189,Paan Corner,Colgate Gentle Sensitive+ Toothbrush Pack Of 4,120,10,4,108,232,FALSE,4,15:33.1
3190,Paan Corner,Nivea Creme All Season Multi-Purpose Cream ,175,10,4,157,100,FALSE,100,15:33.1
3191,Paan Corner,Oral-B Charcoal Deep Clean Stain Removal Toothbrush Medium,99,0,1,99,232,FALSE,4,15:33.1
3192,Paan Corner,Mamaearth 100% Natural Berry Blast Kids Toothpaste,149,10,4,134,50,FALSE,50,15:33.1
3193,Paan Corner,HImalaya Gentle Baby Wipes,200,10,3,180,72,FALSE,72,15:33.1
3194,Paan Corner,Stayfree Dry Max All Night XL Dry Cover Sanitary Pads,340,12,6,298,28,FALSE,28,15:33.1
3196,Paan Corner,Fem Fairness Naturals Saffron Skin Bleach,85,15,4,72,64,FALSE,64,15:33.1
3197,Paan Corner,Engage Woman Blush Body Deo Spray,195,10,5,174,150,FALSE,150,15:33.1
3198,Paan Corner,Dove Pink Rosa Beauty Bathinhg Bar,60,0,6,60,100,FALSE,100,15:33.1
3199,Paan Corner,Sebamed Cleansing Bar,99,10,4,89,100,FALSE,100,15:33.1
3200,Paan Corner,Pampers Premium Care Pants - Large,1099,18,2,899,44,FALSE,44,15:33.1
3201,Paan Corner,Nivea Women Deodorant Fresh Natural Long Lasting Freshness & 48h Protection,199,20,2,159,150,FALSE,150,15:33.1
3203,Paan Corner,Patanjali Kesh Kanti Natural Hair Cleanser,75,9,4,68,200,FALSE,200,15:33.1
3204,Paan Corner,Godrej No.1 Bathing Soap û Lime & Aloe Vera,149,0,6,149,600,FALSE,600,15:33.1
3205,Paan Corner,Pantene Advanced Control Hair Fall Solution Shampoo,120,6,5,112,180,FALSE,180,15:33.1
3206,Paan Corner,Veet Full Body Waxing Kit For Dry Skin,235,7,6,218,1160,FALSE,20,15:33.1
3207,Paan Corner,Johnson's Baby Skincare Wipes,245,9,6,221,72,FALSE,72,15:33.1
3208,Paan Corner,Gillette Lemon Lime Shaving Foam,199,11,4,177,196,FALSE,196,15:33.1
3209,Paan Corner,Old Spice After Shave Lotion Musk,215,6,3,200,100,FALSE,100,15:33.1
3210,Paan Corner,Whisper Ultra Soft Air Fresh Sanitary Pads (XL) with Wings,315,0,4,315,30,FALSE,30,15:33.1
3211,Paan Corner,Himalaya Baby Powder,80,8,4,73,100,FALSE,100,15:33.1
3212,Paan Corner,Fiama Men's Refreshing Pulse Shower Gel,225,20,4,180,250,FALSE,250,15:33.1
3213,Paan Corner,Whisper Ultra Clean XL Plus Sanitary Pad,175,0,5,175,870,FALSE,15,15:33.1
3214,Paan Corner,Johnson's Baby Powder,143,0,6,143,200,FALSE,200,15:33.1
3215,Paan Corner,Dove Cream Beauty Bathing Bar,235,9,6,212,125,FALSE,125,15:33.1
3216,Paan Corner,Patanjali Kesh Kanti Shikakai Hair Cleanser,95,0,4,95,200,FALSE,200,15:33.1
3217,Paan Corner,L'Oreal Paris Color Protect Conditioner,199,0,3,199,192,FALSE,192,15:33.1
3218,Paan Corner,Nivea Men Active Clean with Active Charcoal Shower Gel for Body Face & Hair,199,4,5,191,250,FALSE,250,15:33.1
3219,Paan Corner,L'Oreal 6 Oil Nourish Conditioner,135,0,1,135,192,FALSE,192,15:33.1
3220,Paan Corner,Godrej Easy Natural Black Hair Colour,25,0,5,25,20,FALSE,20,15:33.1
3221,Paan Corner,Dabur Gulabari Rose Water Daily Glow,80,6,2,75,250,FALSE,250,15:33.1
3222,Paan Corner,Himalaya Purifying Neem Face Wash,170,10,6,153,150,FALSE,150,15:33.1
3223,Paan Corner,Fem Fairness Naturals Gold Skin Bleach,65,9,3,59,24,FALSE,24,15:33.1
3224,Paan Corner,Whisper Choice Ultra XL Sanitary Pad,133,2,5,130,1160,FALSE,20,15:33.1
3225,Paan Corner,Dove Dandruff Care Shampoo,158,6,5,147,180,FALSE,180,15:33.1
3226,Paan Corner,Head & Shoulders Anti Dandruff Anti Hairfall Shampoo,285,0,5,285,340,FALSE,240,15:33.1
3227,Paan Corner,L'Oreal Casting Creme Ebony Black Hair Color,550,0,6,550,159,FALSE,87,15:33.1
3228,Paan Corner,Mamaearth Onion Hair Oil,399,10,6,359,150,FALSE,150,15:33.1
3229,Paan Corner,L'Oreal Paris Casting Creme Gloss Hair Color (Dark Brown 400),550,0,4,550,159,FALSE,159,15:33.1
3230,Paan Corner,Palmolive Naturals Sea Minerals Liquid Hand Wash,99,10,6,89,250,FALSE,250,15:33.1
3231,Paan Corner,Oral-B Extra Soft Bristles Sensitive ,98,0,4,98,232,FALSE,4,15:33.1
3232,Paan Corner,Engage M3 Perfume Spray for Men,200,10,3,180,120,FALSE,120,15:33.1
3233,Paan Corner,Mamaearth Deeply Nourishing wash for Babies,199,0,4,199,200,FALSE,200,15:33.1
3234,Paan Corner,Dettol Original Soap (B4G1),260,5,6,247,625,FALSE,625,15:33.1
3235,Paan Corner,Woodward's Gripe Water,75,0,6,75,200,FALSE,200,15:33.1
3237,Paan Corner,Johnson's Baby Soap,70,0,6,70,100,FALSE,100,15:33.1
3238,Paan Corner,Engage M4 Perfume Spray For Men,200,10,6,180,120,FALSE,120,15:33.1
3239,Paan Corner,Fem Fairness Naturals Hair Removal Cream Fair & Soft - Gold,65,10,4,58,40,FALSE,40,15:33.1
3240,Paan Corner,Dove Hair Fall Rescue Conditioner,190,0,4,190,175,FALSE,175,15:33.1
3241,Paan Corner,Himalaya Anti Hair Fall Shampoo,130,12,2,114,200,FALSE,200,15:33.1
3242,Paan Corner,Fiama Peach & Avocado Gel Bar,176,10,3,158,375,FALSE,375,15:33.1
3243,Paan Corner,Pears Pure & Gentle Value Pack Of 4 Bathing Soap ,125,0,6,125,75,FALSE,75,15:33.1
3244,Paan Corner,Fiama Fresh Hand Wash,150,6,3,140,400,FALSE,400,15:33.1
3245,Paan Corner,Palmolive Black Orchid And Milk Liquid Hand Wash,99,10,6,89,250,FALSE,250,15:33.1
3246,Paan Corner,Oral-B Criss Cross Medium Toothbrush (Buy 2 Get 2 Free),160,0,5,160,232,FALSE,4,15:33.1
3247,Paan Corner,Gillette Mach 3 Turbo Razor,349,6,5,325,58,FALSE,1,15:33.1
3248,Paan Corner,Himalaya Baby Lotion,165,12,3,145,200,FALSE,200,15:33.1
3249,Paan Corner,Head & Shoulders 2-in-1 Cool Menthol Anti Dandruff Shampoo + Conditioner,375,0,1,375,340,FALSE,180,15:33.1
3250,Paan Corner,Sunsilk Lusciously Thick & Long Shampoo,249,6,6,234,340,FALSE,340,15:33.1
3251,Paan Corner,Fiama Di Wills Men's Refreshing Pulse Shower Gel,225,4,3,214,250,FALSE,250,15:33.1
3252,Paan Corner,Sebamed Anti - Dandruff Shampoo,600,10,2,540,200,FALSE,200,15:33.1
3253,Paan Corner,Listerine Cool Mint Mouthwash - Mild Taste,150,10,6,135,250,FALSE,250,15:33.1
3255,Paan Corner,Himalaya Gentle Baby Bath,165,9,6,150,200,FALSE,200,15:33.1
3257,Paan Corner,L'Oreal Paris Color Protect Shampoo,282,0,3,282,360,FALSE,360,15:33.1
3258,Paan Corner,Fiama Di Wills Lemongrass & Jojoba Gel Bar,176,10,6,158,375,FALSE,375,15:33.1
3259,Paan Corner,Colgate Plax Peppermint Mouthwash,150,20,5,120,250,FALSE,250,15:33.1
3260,Paan Corner,Dove Daily Shine Conditioner,90,10,1,81,80,FALSE,80,15:33.1
3261,Paan Corner,Patanjali Kesh Kanti Anti Dandruff Hair Cleanser,110,0,6,110,200,FALSE,200,15:33.1
3262,Paan Corner,Old Spice Original After Shave Lotion,250,0,1,250,150,FALSE,150,15:33.1
3263,Paan Corner,Dove Hair Fall Rescue Shampoo,137,10,4,123,180,FALSE,180,15:33.1
3264,Paan Corner,Dettol Clinical Strength Hand Sanitizer Liquid,250,10,6,225,500,FALSE,500,15:33.1
3265,Paan Corner,Nivea Soft Light Moisturizer for Face Hand & Body Non-Sticky Cream with Vitamin E & Jojoba Oil,399,20,3,319,300,FALSE,300,15:33.1
3266,Paan Corner,Comfy Baby Pants XL 12-17 kg,429,15,1,364,24,FALSE,24,15:33.1
3267,Paan Corner,Dettol Liquid Handwash With Free Liquid,99,0,6,99,200,FALSE,200,15:33.1
3268,Paan Corner,Nivea Body Milk Lotion for Very Dry Skin,399,20,6,319,400,FALSE,400,15:33.1
3269,Paan Corner,Lakme Sun Expert,225,0,6,225,60,FALSE,60,15:33.1
3270,Paan Corner,Head & shoulders Anti Dandruff Shampoo Cool Menthol,170,0,6,170,180,FALSE,180,15:33.1
3271,Paan Corner,Godrej Nupur Henna,75,0,5,75,150,FALSE,120,15:33.1
3272,Paan Corner,Johnson's Baby Lotion,100,0,4,100,100,FALSE,100,15:33.1
3273,Paan Corner,Himalaya Anti Dandruff Shampoo,140,10,1,126,200,FALSE,200,15:33.1
3274,Paan Corner,Maybelline New York Colossal Kajal Super Black,300,8,3,275,0,FALSE,0,15:33.1
3275,Paan Corner,Stayfree Dry-Max All Night Ultra-Dry Sanitary Pad,90,10,6,81,406,FALSE,7,15:33.1
3276,Paan Corner,Dove Daily Shine Shampoo,645,5,3,612,650,FALSE,650,15:33.1
3277,Paan Corner,Godrej Easy 5 Minute Natural Brown 4 Hair Colour,29,0,5,29,20,FALSE,20,15:33.1
3278,Paan Corner,Colgate Sensitive Plus Enamel Toothpaste Tube,140,0,6,140,160,FALSE,160,15:33.1
3279,Paan Corner,Colgate Max Fresh Peppermint Toothpaste ,182,15,6,154,300,FALSE,300,15:33.1
3280,Paan Corner,Pond's Light Moisturiser,309,10,6,278,250,FALSE,250,15:33.1
3281,Paan Corner,Engage Mate For Man Deo Spray,195,10,5,174,150,FALSE,150,15:33.1
3282,Paan Corner,Pantene Advanced Hair Fall Solution Shampoo - Total Damage Care,120,0,5,120,180,FALSE,180,15:33.1
3283,Paan Corner,Whisper Choice Regular Wing Sanitary Pad,30,0,2,30,406,FALSE,7,15:33.1
3284,Paan Corner,Colgate Slim Soft Charcoal Toothbrush,150,18,4,123,232,FALSE,4,15:33.1
3285,Paan Corner,Fiama Scents Juniper & Geranium Body Wash,199,6,5,186,250,FALSE,250,15:33.1
3286,Paan Corner,Mamaearth Ubtan Body Lotion,399,15,4,339,400,FALSE,400,15:33.1
3287,Paan Corner,Godrej Aer Power Pocket - Long Lasting Bathroom Fragrance Floral Delight,55,0,6,55,10,FALSE,10,15:33.1
3288,Paan Corner,Himalaya Anti-Hair Fall Shampoo,230,18,1,188,400,FALSE,400,15:33.1
3289,Paan Corner,Nivea Soft Light Moisturizer for Face Hand & Body Non-Sticky Cream with Vitamin E & Jojoba Oil,310,15,6,263,200,FALSE,200,15:33.1
3290,Paan Corner,Engage M2 Perfume Spray For Men,200,10,6,180,120,FALSE,120,15:33.1
3291,Paan Corner,Listerine Cool Mint Mouthwash - Mild Taste,150,10,6,135,250,FALSE,250,15:33.1
3292,Paan Corner,Mamaearth Ubtan Face Scrub Turmeric & Walnut,349,10,1,314,100,FALSE,100,15:33.1
3293,Paan Corner,Himalaya Purifying Neem Face Wash Tube,270,15,6,229,300,FALSE,300,15:33.1
3294,Paan Corner,Johnson's Baby Top To Toe Bath Body Wash,165,0,4,165,210,FALSE,210,15:33.1
3295,Paan Corner,Gillette Mach 3 Start,249,0,6,249,116,FALSE,2,15:33.1
3296,Paan Corner,Scalpe Pro Anti dandruff Shampoo 100ml,185,0,2,185,100,FALSE,100,15:33.1
3297,Paan Corner,Johnson's Baby Cream,150,0,6,150,100,FALSE,100,15:33.1
3298,Paan Corner,Johnson's Baby Soap,105,0,6,105,150,FALSE,150,15:33.1
3299,Paan Corner,Himalaya Gentle Baby Shampoo,320,17,6,265,400,FALSE,400,15:33.1
3300,Paan Corner,L'Oreal Paris Shine Masque Royal Jelly Hair Colour,550,0,3,550,88,FALSE,87,15:33.1
3301,Paan Corner,Engage Rush Deodorant For Men,190,11,6,169,150,FALSE,150,15:33.1
3302,Paan Corner,Clean & Clear Foaming Face Wash,140,10,4,126,100,FALSE,100,15:33.1
3303,Paan Corner,Dettol Lather Shaving Cream,75,5,6,71,78,FALSE,78,15:33.1
3304,Paan Corner,Gillette Classic Regular Pre Shave Foam,199,0,4,199,196,FALSE,196,15:33.1
3305,Paan Corner,Dove Daily Shine Conditioner,190,0,6,190,175,FALSE,180,15:33.1
3306,Paan Corner,Johnson's Baby Shampoo,180,0,6,180,200,FALSE,200,15:33.1
3307,Paan Corner,Park Avenue Beer Shampoo ,155,9,4,140,180,FALSE,180,15:33.1
3308,Paan Corner,Pantene Advanced Hair Fall Solution Silky Smooth Care Shampoo,120,6,6,112,180,FALSE,180,15:33.1
3309,Paan Corner,Fem Fairness Naturals Hair Removal Cream Fair & Soft - Rose,65,10,6,58,40,FALSE,40,15:33.1
3310,Paan Corner,Sunsilk Stunning Black Shine Shampoo,555,6,6,521,650,FALSE,650,15:33.1
3311,Paan Corner,Dabur Meswak Toothpaste,100,0,1,100,200,FALSE,200,15:33.1
3312,Paan Corner,Patanjali Kesh Kanti Reetha Hair Cleanser,85,0,5,85,200,FALSE,200,15:33.1
3313,Paan Corner,Nivea Lip Balm Soft Rose for 24h Moisture with Natural Oils Delicate Rose Shine,185,8,6,169,5,FALSE,4,15:33.1
3314,Paan Corner,Santoor Total Skin Care Soap With Sandal & Turmeric,180,0,6,180,600,FALSE,600,15:33.1
3316,Paan Corner,Gillette Pre Shave Foam - Classic Regular Skin,225,0,6,225,418,FALSE,418,15:33.1
3317,Paan Corner,Fiama Di Wills Shower Gel Patchouli & Macadamia,199,10,6,179,250,FALSE,250,15:33.1
3318,Paan Corner,Listerine Fresh Burst Mouthwash,140,10,4,126,250,FALSE,250,15:33.1
3319,Paan Corner,Nivea Cocoa Nourish Body Lotion With Coconut Oil & Cocoa Butter For Very Dry Skin ,299,17,5,247,200,FALSE,200,15:33.1
3320,Paan Corner,Pantene Hair Fall Control Shampoo,240,7,2,221,340,FALSE,340,15:33.1
3321,Paan Corner,Fogg Master - Royal Intense,250,0,5,250,120,FALSE,120,15:33.1
3322,Paan Corner,TRESemme Smooth And Shine Conditioner,220,0,5,220,190,FALSE,190,15:33.1
3323,Paan Corner,Whisper Ultra Clean XL Plus Sanitary Pad,155,0,6,155,870,FALSE,15,15:33.1
3325,Paan Corner,Nivea Soft Moisturizing Cream,310,12,1,272,200,FALSE,200,15:33.1
3326,Paan Corner,Patanjali Kesh Kanti Aloe Vera Hair Cleanser,85,0,5,85,200,FALSE,200,15:33.1
3327,Paan Corner,Neutrogena Deep Clean Foaming Cleanser,130,11,2,115,50,FALSE,50,15:33.1
3328,Paan Corner,Clean & Clear Morning Energy Berry Face Wash,155,6,6,145,100,FALSE,100,15:33.1
3329,Paan Corner,Pampers Premium Care New Baby Pants,320,0,4,320,24,FALSE,24,15:33.1
3330,Paan Corner,Vaseline Intensive Care Aloe Fresh,225,9,6,203,200,FALSE,200,15:33.1
3331,Paan Corner,L'Oreal Paris Dream Lengths Shampoo,149,0,6,149,192,FALSE,192,15:33.1
3332,Paan Corner,Johnson's Baby Oil,115,0,4,115,100,FALSE,100,15:33.1
3333,Paan Corner,Engage Man Rush Deodorant,195,9,6,176,150,FALSE,150,15:33.1
3334,Paan Corner,Pantene Advanced Hair Fall Solution Shampoo - Total Damage Care,264,0,6,264,340,FALSE,340,15:33.1
3335,Paan Corner,Whisper Daily Liners Clean and Fresh,105,0,4,105,1160,FALSE,20,15:33.1
3336,Paan Corner,Himalaya Men Pimple Clear Neem Face Wash,180,9,2,163,100,FALSE,100,15:33.1
3337,Paan Corner,Pantene Adv Hairfall Solution Conditioner Silky Smooth,190,0,5,190,200,FALSE,200,15:33.1
3338,Paan Corner,Himalaya Prickly Heat Baby Powder,90,10,6,81,100,FALSE,100,15:33.1
3339,Paan Corner,Mamaearth Daily Moisturizing Lotion For Babies,199,0,6,199,200,FALSE,200,15:33.1
3340,Paan Corner,Stayfree Advanced XL Ultra Comfort Sanitary napkins with Wings,175,0,3,175,812,FALSE,14,15:33.1
3341,Paan Corner,Pampers Premium Care Pants - Medium,1099,18,6,899,54,FALSE,54,15:33.1
3342,Paan Corner,Fiama Men's Refreshing Pulse Shower Gel,199,10,6,179,250,FALSE,250,15:33.1
3343,Paan Corner,Vaseline Original Skin Protecting Jelly,125,10,6,112,100,FALSE,100,15:33.1
3344,Paan Corner,Clean & Clear Foaming Face Wash,180,10,6,162,150,FALSE,150,15:33.1
3345,Paan Corner,Fiama Lemongrass and Jojoba Shower Gel,225,20,6,180,250,FALSE,250,15:33.1
3346,Paan Corner,Oral-B Charcoal Cross Cross Extra Soft Toothbrush (Buy 2 Get 1 Free),180,0,1,180,174,FALSE,3,15:33.1
3347,Paan Corner,Listerine Fresh Burst Mouthwash,285,7,6,263,500,FALSE,500,15:33.1
3348,Paan Corner,Veet Full Body Waxing Kit,235,7,6,218,1160,FALSE,20,15:33.1
3349,Paan Corner,Listerine Original Mouthwash,55,9,6,50,80,FALSE,80,15:33.1
3350,Paan Corner,Santoor Almond Soft With Sandal & Almond Milk,180,0,2,180,625,FALSE,625,15:33.1
3351,Paan Corner,Nivea Body Shea Smooth with Shea Butter for Dry Skin,425,20,5,340,400,FALSE,9,15:33.1
3352,Paan Corner,Neutrogena Deep Clean Facial Cleanser,130,0,4,130,50,FALSE,50,15:33.1
3354,Paan Corner,Johnson's Baby Powder,235,0,6,235,400,FALSE,400,15:33.1
3355,Paan Corner,Bombay Shaving Company Charcoal Face Wash,249,0,4,249,100,FALSE,100,15:33.1
3356,Paan Corner,Colgate Kids 2+ Years Extra Soft Toothbrush,20,0,3,20,58,FALSE,1,15:33.1
3357,Paan Corner,Veet Hair Removal Cream (Normal Skin),135,5,6,128,50,FALSE,50,15:33.1
3358,Paan Corner,Dove Daily Shine Shampoo,240,0,4,240,340,FALSE,340,15:33.1
3359,Paan Corner,L'Oreal Anti Hair Fall Conditioner,199,0,6,199,192,FALSE,192,15:33.1
3360,Paan Corner,Nivea Body Lotion Aloe Hydration For Normal Skin ,275,10,6,247,200,FALSE,200,15:33.1
3361,Paan Corner,Pampers Pants - Large,1549,45,3,849,82,FALSE,82,15:33.1
3363,Paan Corner,Head & Shoulders 2 In 1 Anti Dandruff Smooth & Silky Shampoo+Conditioner,375,10,6,334,340,FALSE,340,15:33.1
3364,Paan Corner,Fem Fairness Natural Gold Skin Bleach,85,7,4,79,64,FALSE,64,15:33.1
3365,Paan Corner,Engage Deo Frost,195,9,6,176,150,FALSE,150,15:33.1
3366,Paan Corner,Stayfree Secure XL Size Sanitary Napkins,115,0,5,115,1160,FALSE,20,15:33.1
3367,Paan Corner,Pampers Pants - Medium,699,21,1,549,50,FALSE,50,15:33.1
3368,Paan Corner,Pampers Active Baby Diapers New Born Extra Small ,1099,22,3,849,72,FALSE,72,15:33.1
3370,Paan Corner,Woodwards Gripe Water ,50,0,4,50,130,FALSE,130,15:33.1
3371,Paan Corner,Clean & Clear Morning Energy Aqua Splash Face Wash,145,9,5,131,100,FALSE,100,15:33.1
3372,Paan Corner,Sunsilk Lusciously Thick & Long Shampoo,555,6,6,521,650,FALSE,650,15:33.1
3373,Paan Corner,Mamaearth Skin Correct Face Serum,599,15,1,509,30,FALSE,30,15:33.1
3374,Paan Corner,Chik Hairfall Prevent Egg Shampoo,178,0,6,178,340,FALSE,340,15:33.1
3375,Paan Corner,Pantene Silky Smooth Care Shampoo,225,6,3,210,340,FALSE,340,15:33.1
3377,Paan Corner,Set Wet Swag Avatar Deodorant & Body Spray Perfume For Men,199,0,1,199,150,FALSE,150,15:33.1
3378,Paan Corner,Pampers All Round Protection Pants - Medium,699,17,6,575,50,FALSE,50,15:33.1
3379,Paan Corner,Set Wet Deodrant Charm Avatar,199,0,1,199,150,FALSE,150,15:33.1
3380,Paan Corner,Nupur Heena Mehandi,199,0,6,199,500,FALSE,500,15:33.1
3381,Paan Corner,Head & Shoulders 2-in-1 Active Protect Shampoo,375,9,6,338,340,FALSE,340,15:33.1
3382,Paan Corner,Gillette Mach 3 Turbo Cartridges,649,10,6,578,232,FALSE,4,15:33.1
3383,Paan Corner,TRESemme Smooth And Shine Conditioner,210,13,1,182,190,FALSE,190,15:33.1
3384,Paan Corner,Bombay Shaving Company Sensitive Cartridges,375,0,2,375,116,FALSE,2,15:33.1
3385,Paan Corner,Himalaya Baby Lotion,300,12,1,264,400,FALSE,400,15:33.1
3386,Paan Corner,Old Spice Lime Lather Shaving Cream,75,0,6,75,70,FALSE,70,15:33.1
3387,Paan Corner,Colgate Sensitive Plus Anticavity Toothpaste ,140,10,6,126,70,FALSE,70,15:33.1
3388,Paan Corner,Colgate Toothpaste For Kids Motu Oatlu,93,0,6,93,80,FALSE,80,15:33.1
3389,Paan Corner,Pantene Total Damage Care Shampoo,120,0,6,120,180,FALSE,180,15:33.1
3390,Paan Corner,Himalaya Moisturising Aloe Vera Facial Wipes,100,10,6,90,25,FALSE,25,15:33.1
3391,Paan Corner,Savlon Moisture Shield Hand Wash,69,0,5,69,200,FALSE,200,15:33.1
3392,Paan Corner,Pampers Active Baby Diapers New Born Extra Small,360,10,6,324,24,FALSE,24,15:33.1
3393,Paan Corner,Himalaya Anti Dandruff Shampoo,260,18,1,213,400,FALSE,400,15:33.1
3394,Paan Corner,Himalaya Anti Hair Fall Shampoo,490,25,4,367,700,FALSE,700,15:33.1
3395,Paan Corner,Johnson's Baby Oil,200,0,6,200,200,FALSE,200,15:33.1
3396,Paan Corner,Vaseline Intensive Care Deep Moisture Body Lotion,325,0,4,325,400,FALSE,400,15:33.1
3397,Paan Corner,L'Oreal Paris Dream Lengths Conditioner,199,0,1,199,193,FALSE,193,15:33.1
3398,Paan Corner,Nivea Soft Light Moisturizing Cream,185,15,6,157,100,FALSE,100,15:33.1
3399,Paan Corner,Whisper Ultra Soft XL+ Sanitary Pads,555,0,1,555,60,FALSE,60,15:33.1
3400,Paan Corner,Palmolive Feel The Massage Shower Gel,249,20,6,199,250,FALSE,250,15:33.1
3401,Paan Corner,L'Oreal Paris Dream Lengths Conditioner,209,0,3,209,193,FALSE,193,15:33.1
3402,Paan Corner,Head & Shoulders Anti-Dandruff Smooth & Silky Shampoo,285,6,6,266,340,FALSE,340,15:33.1
3403,Paan Corner,Mamaearth Moisturizing Baby Bath Soap,249,0,4,249,150,FALSE,150,15:33.1
3404,Paan Corner,Listerine Original Mouthwash,150,10,6,135,250,FALSE,250,15:33.1
3405,Paan Corner,Himalaya Gentle Baby Shampoo,170,14,6,146,200,FALSE,200,15:33.1
3406,Paan Corner,Dove Dryness Care Shampoo,268,5,1,252,340,FALSE,340,15:33.1
3407,Paan Corner,Dove Hair Fall Rescue Shampoo,280,15,6,236,340,FALSE,340,15:33.1
3408,Paan Corner,Head & Shoulders Anti Dandruff Shampoo Cool Menthol,295,9,6,266,340,FALSE,340,15:33.1
3409,Paan Corner,Bombay Shaving Company Defender Razor,345,0,6,345,58,FALSE,1,15:33.1
3411,Paan Corner,Himalaya Baby Nourishing Massage Oil,200,20,2,160,200,FALSE,250,15:33.1
3412,Paan Corner,Himalaya Baby Powder,235,20,6,188,400,FALSE,400,15:33.1
3413,Paan Corner,Fogg Paradise Fragrant Body Spray For Women ,250,0,6,250,150,FALSE,150,15:33.1
3414,Paan Corner,Revive Revive Liquid,71,0,6,71,200,FALSE,200,15:33.1
3415,Paan Corner,Pantene Hairfall Control Conditioner,190,6,6,178,200,FALSE,200,15:33.1
3416,Paan Corner,Mamaearth Vitamin C Face Toner,399,0,1,399,200,FALSE,200,15:33.1
3417,Paan Corner,Himalaya Diaper Rash Cream,80,10,2,72,20,FALSE,20,15:33.1
3418,Paan Corner,Fogg Royal Fragrance Spray,230,0,4,230,150,FALSE,120,15:33.1
3419,Paan Corner,Dove Pink Rosa Beauty Bathing Bar,245,9,6,221,100,FALSE,100,15:33.1
3420,Paan Corner,Dove Dryness Care Conditioner Frizzy & Dry Hair,90,6,4,84,80,FALSE,80,15:33.1
3421,Paan Corner,Dettol Original Liquid Handwash Refill,109,3,0,105,750,TRUE,750,15:33.1
3422,Paan Corner,Parachute 100% Pure Coconut Oil,123,0,0,123,300,TRUE,300,15:33.1
3423,Paan Corner,Stayfree Secure Cottony Soft Cover Sanitary Pad (Regular) with Wings,30,3,0,29,406,TRUE,7,15:33.1
3424,Paan Corner,Dabur Gulabari Premium Rose Water,48,2,0,47,120,TRUE,120,15:33.1
3425,Paan Corner,Parachute Advansed Gold Coconut Hair Oil,215,9,0,194,400,TRUE,400,15:33.1
3426,Paan Corner,Closeup Everfresh+ Anti-Germ Gel Toothpaste Red Hot,90,10,0,81,150,TRUE,150,15:33.1
3427,Paan Corner,Godrej No.1 Bathing Soap û Lime & Aloe Vera,100,16,0,84,500,TRUE,100,15:33.1
3428,Paan Corner,Sensodyne Sensitive Fresh Gel Toothpaste,115,7,0,106,75,TRUE,75,15:33.1
3429,Paan Corner,Whisper Bindazzz Nights XL + Sanitary Pad,90,0,0,90,406,TRUE,7,15:33.1
3430,Paan Corner,Whisper Choice Sanitary Pad ,32,9,0,29,406,TRUE,7,15:33.1
3432,Paan Corner,Gillette Venus Close & Clean Razor ,249,7,0,230,58,TRUE,1,15:33.1
3433,Paan Corner,Whisper Choice Regular Sanitary Pads,90,3,0,87,58,TRUE,20,15:33.1
3434,Paan Corner,Stayfree Secure Dry Cover Extra Large Sanitary Pad,42,2,0,41,406,TRUE,7,15:33.1
3435,Paan Corner,Oxylife Natural Radiance 5 Creme Bleach - With Active Oxygen,82,9,0,74,27,TRUE,27,15:33.1
3436,Paan Corner,Clean & Clear Morning Energy Lemon Face Wash,145,9,0,131,100,TRUE,100,15:33.1
3437,Paan Corner,Bajaj Almond Drops Hair Oil,67,10,0,60,100,TRUE,100,15:33.1
3438,Paan Corner,Bajaj Almond Drops Hair Oil Bottle,130,7,0,120,200,TRUE,200,15:33.1
3439,Paan Corner,Whisper Bindazzz Night Sanitary Pads XL Plus,185,0,0,185,870,TRUE,15,15:33.1
3440,Paan Corner,Godrej Cinthol Lime Refreshing Deo Soap,116,0,0,116,400,TRUE,400,15:33.1
3442,Home & Cleaning,Surf Excel Stain Eraser,18,0,1,18,150,FALSE,150,15:33.1
3443,Home & Cleaning,Colin Glass and Surface Cleaner Liquid Spray Regular,96,7,6,89,500,FALSE,500,15:33.1
3444,Home & Cleaning,A1 Biodegradable Garbage Dustbin Bags,69,0,6,69,30,FALSE,30,15:33.1
3446,Home & Cleaning,Pril Perfect Lime Dishwash Liquid,190,7,4,175,750,FALSE,750,15:33.1
3447,Home & Cleaning,Dettol Antiseptic Disinfectant Liquid,66,0,6,66,125,FALSE,125,15:33.1
3448,Home & Cleaning,Godrej Aer Power Pocket Berry Rush,55,0,3,55,10,FALSE,10,15:33.1
3449,Home & Cleaning,Hit Cockroach Killer Spray ,101,2,4,98,200,FALSE,200,15:33.1
3450,Home & Cleaning,Vim Dishwash Liquid Gel Lemon,185,5,1,175,750,FALSE,750,15:33.1
3452,Home & Cleaning,Odomos Mosquito Repellent Cream ,50,8,6,46,50,FALSE,50,15:33.1
3453,Home & Cleaning,Harpic Disinfectant Bathroom Cleaner Liquid Lemon,189,5,6,179,1000,FALSE,1,15:33.1
3454,Home & Cleaning,Eveready AA pack of 10 ,150,4,6,143,580,FALSE,10,15:33.1
3455,Home & Cleaning,Cherry Blossom Liquid Wax Polish,98,5,6,93,75,FALSE,75,15:33.1
3456,Home & Cleaning,Gala Scrubber Cleaner Home Everyday Scrub,35,2,6,34,58,FALSE,1,15:33.1
3457,Home & Cleaning,Hit Flower Lime Fragrance Insect Killer Spray,182,3,6,176,400,FALSE,400,15:33.1
3458,Home & Cleaning,Harpic Hygienic Toilet Cleaner Rim Block Jasmine,82,6,4,77,26,FALSE,26,15:33.1
3459,Home & Cleaning,Om Bhakti - Pancha Deepa Oil ,199,10,6,179,1000,FALSE,1,15:33.1
3460,Home & Cleaning,Ariel Complete Detergent Washing Powder 500 g  + 200 g Free,135,0,6,135,500,FALSE,500,15:33.1
3461,Home & Cleaning,Surf Excel Matic Top Load Detergent Powder,200,6,1,188,1000,FALSE,1,15:33.1
3462,Home & Cleaning,Harpic Flushmatic In-Cistern Toilet Cleaner Blocks Marine,154,7,4,143,100,FALSE,100,15:33.1
3463,Home & Cleaning,Eveready 1012 Carbon Zinc AAA Battery,150,4,2,143,580,FALSE,10,15:33.1
3464,Home & Cleaning,Surf Excel Matic Front Load Detergent Liquid,225,1,6,221,1000,FALSE,1,15:33.1
3465,Home & Cleaning,Origami Kitchen Towels 2 In 1 Quilted 2ply,140,10,6,126,116,FALSE,2,15:33.1
3466,Home & Cleaning,Oxi Green Phenyl - Pine ,82,9,6,74,1000,FALSE,1,15:33.1
3467,Home & Cleaning,Surf Excel Easy Wash Detergent Liquid,170,0,6,169,1000,FALSE,1,15:33.1
3468,Home & Cleaning,Uno Playing Card Game,149,9,2,135,58,FALSE,1,15:33.1
3469,Home & Cleaning,Chakaachak Mini Cloth Brush,40,2,1,39,58,FALSE,1,15:33.1
3470,Home & Cleaning,Chakaachak Super Scrub Pad (Pack of 3),35,2,2,34,174,FALSE,3,15:33.1
3471,Home & Cleaning,ColináGlass and Surface Cleaner Liquid Spray Regular,62,6,5,58,250,FALSE,250,15:33.1
3472,Home & Cleaning,Om Bhakti Cow Dung Cakes ,16,0,6,16,290,FALSE,5,15:33.1
3473,Home & Cleaning,Dettol Antiseptic Liquid,33,0,4,33,60,FALSE,60,15:33.1
3474,Home & Cleaning,Harpic Hygienic Toilet Cleaner Rim Block Citrus,82,6,6,77,26,FALSE,26,15:33.1
3475,Home & Cleaning,Eveready Ultima Alkaline AA Cell Battery-6 Pc Pack,210,10,6,189,348,FALSE,6,15:33.1
3476,Home & Cleaning,Mangaldeep Rose Puja Agarbatti ,65,9,4,59,120,FALSE,120,15:33.1
3477,Home & Cleaning,Ariel Matic Top Load Detergent Washing Powder,225,0,6,225,1000,FALSE,1,15:33.1
3478,Home & Cleaning,Gala Cloth Poccha/Mop,125,9,6,113,58,FALSE,1,15:33.1
3479,Home & Cleaning,Chakaachak Floor Cleaning Pocha,50,2,6,49,58,FALSE,1,15:33.1
3480,Home & Cleaning,Oxi Green Floor Cleaner - Floral,179,10,6,161,1000,FALSE,1,15:33.1
3482,Home & Cleaning,Ariel Complete Detergent Washing Powder 1 kg + 500 g Free,280,6,6,263,1500,FALSE,1,15:33.1
3483,Home & Cleaning,Chakaachak Sponge Scrubber (Pack of 2),45,2,6,44,116,FALSE,2,15:33.1
3484,Home & Cleaning,Lizol Disinfectant Surface & Floor Cleaner Liquid Floral,103,5,6,97,500,FALSE,500,15:33.1
3485,Home & Cleaning,Harpic Germ & Stain Blaster Disinfectant Toilet Cleaner Floral,148,7,6,137,750,FALSE,750,15:33.1
3486,Home & Cleaning,Hit Lime Fresh Flying Insect Killer,269,0,6,269,385,FALSE,385,15:33.1
3487,Home & Cleaning,Fevistik Super Glue Stick,40,2,6,39,15,FALSE,15,15:33.1
3488,Home & Cleaning,Godrej Ezee Liquid Detergent,175,0,6,175,1000,FALSE,1,15:33.1
3489,Home & Cleaning,Odonil Air Fresher Buy 3 Get 1 Free,225,5,3,213,300,FALSE,300,15:33.1
3490,Home & Cleaning,Godrej Aer Power Pocket - Long Lasting Bathroom Fragrance Fresh Blossom,55,0,6,55,10,FALSE,10,15:33.1
3491,Home & Cleaning,Genteel Liquid Detegrent,320,0,6,320,2000,FALSE,2,15:33.1
3492,Home & Cleaning,Scotch Brite Scrub Pad,75,9,6,68,290,FALSE,5,15:33.1
3493,Home & Cleaning,Shubh kart - Nirmal Eco Box Chandan Agarbatti - 100g,65,13,5,56,100,FALSE,100,15:33.1
3494,Home & Cleaning,Surf Excel Quick Wash,600,8,1,549,4000,FALSE,4,15:33.1
3495,Home & Cleaning,Hem Mantra Masala Agarbatti,85,7,1,79,50,FALSE,50,15:33.1
3496,Home & Cleaning,Odonil Room Air Freshener Spray Lavender Mist,149,5,4,141,240,FALSE,240,15:33.1
3497,Home & Cleaning,Chakaachak Mega Star Toilet Brush,110,2,4,107,58,FALSE,1,15:33.1
3498,Home & Cleaning,Om Bhakti Wick for Diya - Cotton Long Batti ,19,0,4,19,50,FALSE,50,15:33.1
3499,Home & Cleaning,Origami Non-Woven Kitchen Towel,190,14,4,162,80,FALSE,80,15:33.1
3500,Home & Cleaning,Shubh kart - Nirmal 5 in 1 Agarbatti Zipper - 150g,65,13,6,56,150,FALSE,150,15:33.1
3501,Home & Cleaning,Harpic Lemon Bathroom Cleaner ,95,9,6,86,500,FALSE,500,15:33.1
3502,Home & Cleaning,Scotch Brite Sponge Wipes,200,0,2,200,174,FALSE,3,15:33.1
3503,Home & Cleaning,Godrej Aer Spray Fresh Lush Green,150,16,2,126,240,FALSE,240,15:33.1
3504,Home & Cleaning,Oxi Green Phenyl Concentrate,200,10,6,180,1000,FALSE,1,15:33.1
3505,Home & Cleaning,Oxi Green Max Force Green Concentrate,107,10,3,96,500,FALSE,500,15:33.1
3506,Home & Cleaning,Godrej Aer Morning Misty Meadows Home Air Freshener,150,0,4,149,240,FALSE,240,15:33.1
3507,Home & Cleaning,Kiwi Dranex Drain Cleaner,135,9,1,122,348,FALSE,6,15:33.1
3508,Home & Cleaning,Origami Disposable Spoons,80,10,3,72,1160,FALSE,20,15:33.1
3509,Home & Cleaning,Pril Bar Tub,55,0,1,55,500,FALSE,500,15:33.1
3510,Home & Cleaning,Om Bhakti Wick for Diya - Cotton Flower Batti ,19,0,4,19,60,FALSE,60,15:33.1
3511,Home & Cleaning,Chakaachak Deluxe Dustpan Grey,68,2,3,66,58,FALSE,1,15:33.1
3512,Home & Cleaning,Lizol Disinfectant Surface & Floor Cleaner Liquid Citrus,205,8,3,188,975,FALSE,975,15:33.1
3513,Home & Cleaning,ScotchBrite Premium Kitchen Towels,150,18,3,123,174,FALSE,1,15:33.1
3514,Home & Cleaning,Vanish All in One Powder Detergent Booster,210,10,2,189,400,FALSE,400,15:33.1
3515,Home & Cleaning,Good Knight Fabric Personal Mosquito Repellent Roll On,75,0,3,75,8,FALSE,8,15:33.1
3516,Home & Cleaning,Gala Iron Bull Scrub Pad,140,10,6,126,174,FALSE,3,15:33.1
3517,Home & Cleaning,Tide Plus Extra Power Lemon & Mint Detergent Powder,215,1,6,211,2000,FALSE,2,15:33.1
3518,Home & Cleaning,Chakaachak Dustpan Grey,70,2,5,68,58,FALSE,1,15:33.1
3519,Home & Cleaning,Mortein PowerGard Rat Kill Cake,64,6,6,60,100,FALSE,100,15:33.1
3520,Home & Cleaning,Odomos Mosquito Repellent Cream,25,0,1,25,23,FALSE,25,15:33.1
3521,Home & Cleaning,Shubh kart - Nirmal Eco Box Sugandhi Mogra Agarbatti - 100g,65,13,6,56,100,FALSE,100,15:33.1
3522,Home & Cleaning,Cherry Blossom Wax Shoe Polish Black,68,5,6,64,40,FALSE,40,15:33.1
3523,Home & Cleaning,Origami Paper Plates,240,15,5,204,50,FALSE,50,15:33.1
3524,Home & Cleaning,Gala Microfiber Magic Cloth 2-In-1,175,9,6,158,58,FALSE,1,15:33.1
3525,Home & Cleaning,Mr Muscle Dranex Drain Cleaner Kiwi,160,6,4,149,375,FALSE,375,15:33.1
3526,Home & Cleaning,Lizol Disinfectant Surface & Floor Cleaner Liquid Jasmine,103,5,6,97,500,FALSE,500,15:33.1
3527,Home & Cleaning,Odonil Room Spray Air Freshener Citrus Fres,150,12,4,132,137,FALSE,137,15:33.1
3528,Home & Cleaning,Scotch Brite Power Scrub Pad,50,2,6,49,58,FALSE,1,15:33.1
3529,Home & Cleaning,Origami Good Karma Toilet Roll,275,14,6,234,232,FALSE,1,15:33.1
3530,Home & Cleaning,Shubh kart - Shubhkart Sambrani Cup Black 12n,80,6,4,75,696,FALSE,12,15:33.1
3531,Home & Cleaning,Gala Scrubber Pad,75,9,5,68,290,FALSE,5,15:33.1
3532,Home & Cleaning,Origami So Soft Tissue Roll Single - 340 Pulls 3 Ply,80,0,1,80,58,FALSE,1,15:33.1
3533,Home & Cleaning,Odomos lotion - Mosquito Repellent,90,8,6,82,120,FALSE,120,15:33.1
3534,Home & Cleaning,Surf Excel Matic Front Load Detergent Powder,530,4,6,507,2000,FALSE,2,15:33.1
3535,Home & Cleaning,Fevicol Mr.Original General Purpose White Glue ,50,2,6,49,105,FALSE,100,15:33.1
3536,Home & Cleaning,Aro Aluminium Container with Lid 230 ml,75,9,3,68,25,FALSE,25,15:33.1
3537,Home & Cleaning,Harpic Power Fresh 6 Toilet Cleaner Rim Block Floral Delight,188,10,6,169,35,FALSE,35,15:33.1
3538,Home & Cleaning,Origami So Soft Tissue Roll 3 Ply,390,11,6,347,696,FALSE,12,15:33.1
3539,Home & Cleaning,Ariel Matic Front Load Detergent Washing Powder,800,15,6,680,3000,FALSE,3,15:33.1
3540,Home & Cleaning,Gala Double Hockey Toilet Brush,150,10,6,135,58,FALSE,1,15:33.1
3541,Home & Cleaning,Surf Excel Detergent Bar Value Pack,114,0,6,114,800,FALSE,800,15:33.1
3542,Home & Cleaning,Odonil Zipper Blissful Citrus,55,0,1,55,10,FALSE,10,15:33.1
3543,Home & Cleaning,Eveready Base B22 9-Watt LED Bulb,150,0,2,150,58,FALSE,1,15:33.1
3544,Home & Cleaning,Scotch Brite Sponge Wipe,330,10,6,297,290,FALSE,5,15:33.1
3545,Home & Cleaning,Domex Disinfectant Floor Cleaner,180,5,6,170,1000,FALSE,1,15:33.1
3546,Home & Cleaning,Surf Excel Matic Powder Front Load ,810,7,2,750,4000,FALSE,4,15:33.1
3547,Home & Cleaning,Scotch Brite Silver Sparks Scrub Pad,90,10,6,81,348,FALSE,3,15:33.1
3548,Home & Cleaning,Airwick Room Air Freshener Spray Cool Water & Aloe Vera,161,5,6,152,245,FALSE,245,15:33.1
3549,Home & Cleaning,Shubh kart - Surabhi Camphor Pouch 50g,95,9,6,86,50,FALSE,50,15:33.1
3550,Home & Cleaning,Pril Power Of Active Boosters,102,0,1,102,400,FALSE,400,15:33.1
3551,Home & Cleaning,Scotch Brite Tough Scrubber Brush,150,6,6,140,58,FALSE,1,15:33.1
3552,Home & Cleaning,Mortein Dual All Insect Killer Spray,280,10,6,252,600,FALSE,600,15:33.1
3553,Home & Cleaning,Lizol Double Concentrate Disinfectant Floor Cleaner Lavender,325,10,6,292,900,FALSE,900,15:33.1
3554,Home & Cleaning,Eveready Ultima Alkaline Battery AAA,68,0,6,68,116,FALSE,2,15:33.1
3555,Home & Cleaning,Shubh kart - Tejas Twisted Cotton Wicks 1000n,30,6,6,28,1000,FALSE,1000,15:33.1
3556,Home & Cleaning,Lizol Double Concentrate Disinfectant Floor Cleaner Citrus,650,8,6,598,1900,FALSE,1,15:33.1
3557,Home & Cleaning,Surf Excel Matic Top Load,720,9,4,649,4000,FALSE,4,15:33.1
3558,Home & Cleaning,Oxi Green Dish Wash Liquid - Lemon,105,6,6,98,500,FALSE,500,15:33.1
3559,Home & Cleaning,Mangalam Camphor,100,10,6,90,50,FALSE,50,15:33.1
3560,Home & Cleaning,Cherry Blossom Liquid Wax Polish (Dark Tan),98,5,6,93,75,FALSE,75,15:33.1
3561,Home & Cleaning,Gala EzeeSqueegee Wiper,150,10,6,135,58,FALSE,1,15:33.1
3562,Home & Cleaning,Lizol Disinfectant Surface & Floor Cleaner Liquid Pine,205,8,6,188,975,FALSE,975,15:33.1
3563,Home & Cleaning,Philips Stellar Bright 16W Light Bulb,390,16,6,324,58,FALSE,1,15:33.1
3564,Home & Cleaning,Airwick EverFresh Gel Bathroom Air Freshener - Lavender Dew,70,10,6,63,50,FALSE,50,15:33.1
3565,Home & Cleaning,Origami Cups Plain 100 units,155,14,5,132,100,FALSE,100,15:33.1
3566,Home & Cleaning,Airwick EverFresh Gel Bathroom Air Freshener - Citrus Splash,70,10,6,63,50,FALSE,50,15:33.1
3567,Home & Cleaning,Ariel Matic Liquid Detergent Front Load,250,0,6,250,1000,FALSE,1,15:33.1
3568,Home & Cleaning,Om Bhakti Gangajal Packed At Gangotri,30,3,6,29,220,FALSE,220,15:33.1
3569,Home & Cleaning,Odonil Air Freshner Lavender Meadows,75,5,4,71,75,FALSE,75,15:33.1
3570,Home & Cleaning,Om Bhakti Haldi ,12,0,4,12,15,FALSE,15,15:33.1
3571,Home & Cleaning,Cherry Blossom Wax Shoe Polish Dark Tan,68,5,6,64,40,FALSE,40,15:33.1
3572,Home & Cleaning,Dabur Odomos Naturals Mosquito Repellant Gel,75,8,4,69,80,FALSE,80,15:33.1
3573,Home & Cleaning,Shubh kart - Nirmal sugandhi mogra wet dhoop zipper 20 sticks,30,6,6,28,1160,FALSE,20,15:33.1
3574,Home & Cleaning,Lizol Disinfectant Surface & Floor Cleaner Liquid Floral,205,8,6,188,975,FALSE,975,15:33.1
3575,Home & Cleaning,Om Bhakti Wick for Diya - Ghee Cotton Wicks Big ,189,10,6,170,30,FALSE,30,15:33.1
3576,Home & Cleaning,Air Wick Room Air Freshener Spray - Lavender & Lotus,161,5,6,152,245,FALSE,245,15:33.1
3577,Home & Cleaning,Scotch Brite Kitchen Sink Brush,135,9,5,122,58,FALSE,1,15:33.1
3578,Home & Cleaning,Odonil Room Air Freshener Spray - Lavender Mist,150,12,1,132,137,FALSE,137,15:33.1
3579,Home & Cleaning,Godrej Aer Power Pocket - Long Lasting Bathroom Fragrance Lavender Bloom,55,0,4,55,10,FALSE,10,15:33.1
3580,Home & Cleaning,Origami Good Karma Paper Serviettes ,80,10,6,72,50,FALSE,50,15:33.1
3581,Home & Cleaning,Scotch Magic Tape,115,14,6,98,58,FALSE,1,15:33.1
3582,Home & Cleaning,Ambi Pur Car Freshener Gel - Relaxing Lavender,299,10,2,269,75,FALSE,75,15:33.1
3583,Home & Cleaning,Origami Kitchen Towels 4 in 1 60 Pulls 2 Ply,265,0,6,265,58,FALSE,1,15:33.1
3584,Home & Cleaning,Ariel Matic Liquid Detergent Front Load,225,0,6,225,1000,FALSE,1,15:33.1
3585,Home & Cleaning,Om Bhakti Wick for Diya - Ghee Cotton Wicks Small ,139,10,6,125,30,FALSE,30,15:33.1
3586,Home & Cleaning,Chakaachak Super Strong Scrub,29,3,5,28,58,FALSE,1,15:33.1
3587,Home & Cleaning,Nimyle Lemongrass Floor Cleaner,165,5,5,156,975,FALSE,975,15:33.1
3588,Home & Cleaning,Oxi Green Floor Cleaner - Citrus ,179,10,6,161,1000,FALSE,1,15:33.1
3589,Home & Cleaning,Airwick Room Air Freshener Spray - Rose & Saffron,161,5,5,152,245,FALSE,245,15:33.1
3590,Home & Cleaning,Origami Luxuria Kitchen Towel 300 Pulls Single,320,0,2,320,58,FALSE,1,15:33.1
3591,Home & Cleaning,Philips EyePro 10.5W Light Bulb,220,10,6,198,58,FALSE,1,15:33.1
3592,Home & Cleaning,Mangalam Camphor Tablet Jar,280,10,6,252,100,FALSE,100,15:33.1
3593,Home & Cleaning,Chakaachak Super Sponge Wipes (Pack of 3),140,0,6,140,174,FALSE,3,15:33.1
3594,Home & Cleaning,Origami Good Karma Paper Serviettes - 100 napkins (1 ply),78,10,6,70,58,FALSE,1,15:33.1
3595,Home & Cleaning,Robin Dazzling Liquid Blue After Wash,74,5,6,70,200,FALSE,200,15:33.1
3596,Home & Cleaning,Om Bhakti Camphor Big,119,10,6,107,40,FALSE,40,15:33.1
3597,Home & Cleaning,Om Bhakti Wick for Diya - Cotton Long Batti ,20,0,6,20,75,FALSE,75,15:33.1
3598,Home & Cleaning,Om Bhakti Camphor Small,79,10,6,71,25,FALSE,25,15:33.1
3599,Home & Cleaning,Ariel Matic Top Load Detergent Washing Powder,499,0,1,499,2000,FALSE,2,15:33.1
3600,Home & Cleaning,Scotch Brite Multi-Purpose Sponge Wipes,700,17,6,581,580,FALSE,10,15:33.1
3601,Home & Cleaning,Surabhi Pure Camphor,50,2,6,49,25,FALSE,25,15:33.1
3602,Home & Cleaning,Lizol Double Concentrate Disinfectant Floor Cleaner Citrus,325,5,6,308,900,FALSE,900,15:33.1
3603,Home & Cleaning,Chakaachak Floor Pocha Large,50,0,1,50,58,FALSE,1,15:33.1
3604,Home & Cleaning,Ariel Matic Front Load Liquid Detergent,220,0,4,220,1000,FALSE,1,15:33.1
3605,Home & Cleaning,Harpic Power Fresh 6 Toilet Cleaner Rim Block Marine Splash,188,10,4,169,35,FALSE,35,15:33.1
3606,Home & Cleaning,Chakaachak Dust Proof Broom,180,2,6,175,58,FALSE,1,15:33.1
3608,Home & Cleaning,Om Bhakti Kumkum ,12,0,6,12,15,FALSE,15,15:33.1
3609,Home & Cleaning,Apsara Non Dust Eraser,60,10,5,54,1160,FALSE,20,15:33.1
3610,Home & Cleaning,Chakaachak Power Scrub (Pack of 2),42,2,6,41,116,FALSE,2,15:33.1
3611,Home & Cleaning,Om Bhakti Wick for Diya - Vanaspati Ghee Cotton Wicks Small ,69,11,6,61,30,FALSE,30,15:33.1
3612,Home & Cleaning,Whiskas Adult +1 year Salmon in Gravy,250,10,3,225,85,FALSE,1,15:33.1
3613,Home & Cleaning,Origami Paper Party Plates,240,0,6,240,580,FALSE,50,15:33.1
3614,Home & Cleaning,Gala Microfiber Multipurpose Cloth,140,7,6,129,58,FALSE,1,15:33.1
3615,Home & Cleaning,Ariel Matic Front Load Detergent Powder,260,0,6,260,1000,FALSE,1,15:33.1
3616,Home & Cleaning,Ariel Matic Liquid Detergent Front Load,250,0,4,250,1000,FALSE,1,15:33.1
3617,Home & Cleaning,Vim Dishwash Bar,23,4,0,22,300,TRUE,300,15:33.1
3618,Home & Cleaning,Dettol Effective Protection Antiseptic Liquid,116,0,0,116,250,TRUE,250,15:33.1
3619,Home & Cleaning,Godrej Good Night Gold Flash Liquid Vapouriser,89,0,0,89,60,TRUE,60,15:33.1
3620,Home & Cleaning,Rin Detergent Powder,86,2,0,84,1000,TRUE,1,15:33.1
3621,Home & Cleaning,Surf Excel Easy Wash Detergent Powder,136,3,0,131,1000,TRUE,1,15:33.1
3622,Home & Cleaning,Rin Detergent Bar,10,0,0,10,140,TRUE,140,15:33.1
3623,Home & Cleaning,Odomos Mosquito Repellent Spray,90,8,0,82,100,TRUE,100,15:33.1
3624,Home & Cleaning,Chakaachak Super Steel Scrubber,12,8,0,11,58,TRUE,1,15:33.1
3625,Home & Cleaning,Scotch-Brite Scrub Sponge Ideal For Dishwash Liquid,65,9,0,59,116,TRUE,2,15:33.1
3626,Home & Cleaning,Gala No Dust Broom,190,7,0,175,58,TRUE,1,15:33.1
3627,Home & Cleaning,Chakaachak Eazo Grass Broom New ,105,2,0,102,58,TRUE,1,15:33.1
3628,Home & Cleaning,Vim Dishwash Bar,45,0,0,45,600,TRUE,600,15:33.1
3629,Home & Cleaning,Rin Fabric Whitener Detergent,69,10,0,62,500,TRUE,500,15:33.1
3630,Home & Cleaning,Comfort After Wash Fabric Conditioner Lily Fresh ,235,9,0,212,860,TRUE,860,15:33.1
3631,Home & Cleaning,Ujala Superme For Super Whiteness Of Clothes,25,0,0,25,75,TRUE,75,15:33.1
3632,Home & Cleaning,Surf Excel Quick Wash,208,6,0,195,1000,TRUE,1,15:33.1
3633,Home & Cleaning,Scotch BOPP Packaging Tape,80,15,0,68,58,TRUE,1,15:33.1
3634,Home & Cleaning,Origami Plates Plain,250,10,0,225,100,TRUE,100,15:33.1
3635,Home & Cleaning,Dettol Antiseptic Liquid,30,0,0,30,60,TRUE,60,15:33.1
3636,Health & Hygiene,Epigamia Fruit Yogurt Alphonso Mango,40,50,6,20,75,FALSE,75,15:33.1
3637,Health & Hygiene,Epigamia Fruit Yogurt Vanilla,40,50,6,20,75,FALSE,75,15:33.1
3638,Health & Hygiene,Nestle A+ Actiplus Probiotic Dahi Plain Curd,78,3,5,75,400,FALSE,400,15:33.1
3639,Health & Hygiene,Dettol Original Germ Protection Alcohol Based Hand Sanitizer,25,0,6,25,50,FALSE,50,15:33.1
3640,Health & Hygiene,Dettol Antiseptic Disinfectant Liquid,66,0,6,66,125,FALSE,125,15:33.1
3641,Health & Hygiene,Durex Air Ultra Thin Condoms,82,0,6,82,174,FALSE,3,15:33.1
3642,Health & Hygiene,Durex Air Ultra Thin Condom,245,10,6,220,580,FALSE,10,15:33.1
3643,Health & Hygiene,Dabur Regular Hajmola,45,6,6,42,120,FALSE,120,15:33.1
3644,Health & Hygiene,Hajmola Anardana Digestive Tablets,45,6,2,42,120,FALSE,180,15:33.1
3645,Health & Hygiene,Zandu Balm,40,10,4,36,8,FALSE,8,15:33.1
3646,Health & Hygiene,Vicks Cough Drops Menthol,20,0,6,20,1160,FALSE,20,15:33.1
3647,Health & Hygiene,Durex Extra Time Condoms,228,10,6,205,580,FALSE,10,15:33.1
3648,Health & Hygiene,Vicks Vaporub,85,9,6,77,25,FALSE,25,15:33.1
3649,Health & Hygiene,Dettol Antiseptic Liquid,33,0,4,33,60,FALSE,60,15:33.1
3650,Health & Hygiene,Veet Sensitive Skin Hair Removal Cream,135,5,6,128,50,FALSE,50,15:33.1
3651,Health & Hygiene,Vicks VapoRub,145,11,2,129,50,FALSE,50,15:33.1
3652,Health & Hygiene,Dabur Hajmola Imli Digestive Tablets,45,6,6,42,120,FALSE,120,15:33.1
3653,Health & Hygiene,Dettol Antiseptic Liquid + Disinfectant Spray - Original,159,10,6,143,225,FALSE,225,15:33.1
3654,Health & Hygiene,Iodex Body Pain Expert ,40,2,6,39,8,FALSE,8,15:33.1
3655,Health & Hygiene,Patanjali Hing Goli,65,10,4,58,100,FALSE,100,15:33.1
3656,Health & Hygiene,Moov Fast Pain Relief Cream,189,15,6,160,50,FALSE,50,15:33.1
3657,Health & Hygiene,Dettol Hand Sanitizer,100,5,6,95,200,FALSE,200,15:33.1
3658,Health & Hygiene,Whisper Ultra Soft XL+ Sanitary Pads,330,2,6,323,30,FALSE,30,15:33.1
3659,Health & Hygiene,Whisper Choice Regular Wing Sanitary Pad,30,0,2,30,406,FALSE,7,15:33.1
3660,Health & Hygiene,Savlon Surface Disinfectant Spray,165,10,6,148,170,FALSE,170,15:33.1
3661,Health & Hygiene,Durex Extra Thin Condoms,228,10,6,205,580,FALSE,10,15:33.1
3662,Health & Hygiene,Stayfree Secure Dry Cover Regular Sanitary Pad With Wings,30,3,6,29,406,FALSE,7,15:33.1
3663,Health & Hygiene,Eno Fruit Salt Lemon Flavour Energy Powder,130,10,6,117,100,FALSE,100,15:33.1
3664,Health & Hygiene,Moov Pain Relief Specialist Spray,149,5,5,141,35,FALSE,35,15:33.1
3665,Health & Hygiene,Savlon Germ Protection Wipes,189,10,6,170,72,FALSE,72,15:33.1
3666,Health & Hygiene,Veet Hair Removal Cream Dry Skin,135,5,5,128,50,FALSE,50,15:33.1
3667,Health & Hygiene,Whisper Ultra Soft Air Fresh Sanitary Pads (XL) with Wings,315,0,4,315,30,FALSE,30,15:33.1
3668,Health & Hygiene,Whisper Choice Regular Sanitary Pads,90,0,6,90,1160,FALSE,20,15:33.1
3669,Health & Hygiene,Whisper Ultra Clean Wings XL+  Pouch,449,7,6,415,44,FALSE,44,15:33.1
3670,Health & Hygiene,Durex Extra Ribbed Condoms,245,10,2,220,580,FALSE,10,15:33.1
3671,Health & Hygiene,Eno Regular Fruit Salt Energy Powder,130,0,6,130,100,FALSE,100,15:33.1
3672,Health & Hygiene,Durex Extra Thin Bubblegum Condom,150,10,6,135,580,FALSE,10,15:33.1
3673,Health & Hygiene,Dabur Hajmola Pudina - Digestive Tablets,45,6,6,42,120,FALSE,120,15:33.1
3674,Health & Hygiene,Baidyanath Isabgol,110,22,3,85,100,FALSE,100,15:33.1
3675,Health & Hygiene,Kapiva Thar Aloe Vera Juice,299,15,6,254,1000,FALSE,1,15:33.1
3676,Health & Hygiene,Fine Life Cotton Balls,110,10,6,99,100,FALSE,100,15:33.1
3677,Health & Hygiene,Stayfree Dry Max All Night XL Dry Cover Sanitary Pads,340,12,6,298,28,FALSE,28,15:33.1
3678,Health & Hygiene,Moov Pain Releiver Spray,290,15,6,246,80,FALSE,80,15:33.1
3679,Health & Hygiene,Whisper Ultra Clean XL Plus Sanitary Pad,175,0,5,175,870,FALSE,15,15:33.1
3680,Health & Hygiene,Durex Condoms Mutual Climax,120,0,6,120,174,FALSE,3,15:33.1
3681,Health & Hygiene,Durex Extra Dots Condoms,228,10,6,205,580,FALSE,10,15:33.1
3682,Health & Hygiene,Zandu Balm Ulter Power For Strong Headache Bodyache & Cold,45,8,6,41,8,FALSE,8,15:33.1
3683,Health & Hygiene,Dabur Hajmola Maha Candy - Aam+Imli,130,5,1,123,130,FALSE,130,15:33.1
3684,Health & Hygiene,Whisper Choice Ultra XL Sanitary Pad,133,2,5,130,1160,FALSE,20,15:33.1
3685,Health & Hygiene,Veet Full Body Waxing Kit For Dry Skin,235,7,6,218,1160,FALSE,20,15:33.1
3686,Health & Hygiene,Dabur Chyawanprakash - Sugar Free,415,7,6,385,900,FALSE,900,15:33.1
3687,Health & Hygiene,Zandu Balm,85,10,5,76,25,FALSE,25,15:33.1
3688,Health & Hygiene,Himalaya Cold Balm,125,9,6,113,45,FALSE,45,15:33.1
3689,Health & Hygiene,Dettol Clinical Strength Hand Sanitizer Liquid,250,10,6,225,500,FALSE,500,15:33.1
3690,Health & Hygiene,Kapiva Wild Amla Juice,249,14,6,212,1000,FALSE,1,15:33.1
3691,Health & Hygiene,Dabur Chyawanprash,349,3,6,338,950,FALSE,1,15:33.1
3692,Health & Hygiene,Amrutanjan Pain Balm Extra Power,100,11,6,89,28,FALSE,27,15:33.1
3693,Health & Hygiene,Stayfree Dry-Max All Night Ultra-Dry Sanitary Pad,90,10,6,81,406,FALSE,7,15:33.1
3694,Health & Hygiene,Whisper Ultra Clean XL Plus Sanitary Pad,155,0,6,155,870,FALSE,15,15:33.1
3695,Health & Hygiene,Durex Mutual Climax Condoms,360,15,6,306,580,FALSE,10,15:33.1
3696,Health & Hygiene,Whisper Daily Liners Clean and Fresh,105,0,4,105,1160,FALSE,20,15:33.1
3697,Health & Hygiene,Moov Cream Regular,50,6,4,47,10,FALSE,10,15:33.1
3698,Health & Hygiene,Moov Pain Relief Specialist,75,5,6,71,15,FALSE,15,15:33.1
3699,Health & Hygiene,Dabur Chyawanprakash Sugar Free,235,5,6,223,500,FALSE,500,15:33.1
3700,Health & Hygiene,Baidyanath Isabgol,110,22,5,85,100,FALSE,100,15:33.1
3701,Health & Hygiene,Veet Hair Removal Cream (Normal Skin),135,5,6,128,50,FALSE,50,15:33.1
3702,Health & Hygiene,Stayfree Advanced XL Ultra Comfort Sanitary napkins with Wings,175,0,3,175,812,FALSE,14,15:33.1
3703,Health & Hygiene,Savlon Clothes Disinfectant & Refreshing Spray Fresh Breeze,175,10,6,157,230,FALSE,230,15:33.1
3704,Health & Hygiene,Dabur Chyawanprash Immunity Booster,190,6,6,177,500,FALSE,500,15:33.1
3705,Health & Hygiene,Vicks Inhaler with Keychain,105,9,4,95,116,FALSE,2,15:33.1
3706,Health & Hygiene,Stayfree Secure XL Size Sanitary Napkins,115,0,5,115,1160,FALSE,20,15:33.1
3707,Health & Hygiene,Dabur Ayurvedic Tulsi Drops (Immunity Booster),195,6,6,182,30,FALSE,30,15:33.1
3708,Health & Hygiene,Organic India Wheat Grass,395,20,4,316,100,FALSE,100,15:33.1
3709,Health & Hygiene,Organic India Organic Chyawanprash,495,20,6,396,500,FALSE,500,15:33.1
3710,Health & Hygiene,Organic India Sugar Balance 60 Capsules Bottle,225,0,6,225,60,FALSE,60,15:33.1
3711,Health & Hygiene,Whisper Ultra Soft XL+ Sanitary Pads,555,0,1,555,60,FALSE,60,15:33.1
3712,Health & Hygiene,Dabur - Chyawanprash,99,0,1,99,250,FALSE,25,15:33.1
3713,Health & Hygiene,Vicks BabyRub,105,11,6,93,25,FALSE,25,15:33.1
3714,Health & Hygiene,Bombay Shaving Company Sensitive Cartridges,375,0,2,375,116,FALSE,2,15:33.1
3715,Health & Hygiene,Organic India Brahmi Bottle,205,20,1,164,60,FALSE,60,15:33.1
3716,Health & Hygiene,Horlicks Protein Plus Chocolate,270,0,2,270,200,FALSE,200,15:33.1
3717,Health & Hygiene,Dabur Nature Care Isabgol - Double Action,140,5,6,133,100,FALSE,100,15:33.1
3718,Health & Hygiene,Kapiva Wild Tulsi Giloy Juice |,400,15,1,340,1000,FALSE,1,15:33.1
3719,Health & Hygiene,Dabur Amla Juice,235,15,6,199,1000,FALSE,1,15:33.1
3720,Health & Hygiene,Epigamia Fruit Yogurt Strawberry,40,50,0,20,75,TRUE,75,15:33.1
3721,Health & Hygiene,Dettol Effective Protection Antiseptic Liquid,116,0,0,116,250,TRUE,250,15:33.1
3722,Health & Hygiene,Stayfree Secure Cottony Soft Cover Sanitary Pad (Regular) with Wings,30,3,0,29,406,TRUE,7,15:33.1
3724,Health & Hygiene,Whisper Choice Sanitary Pad ,32,9,0,29,406,TRUE,7,15:33.1
3725,Health & Hygiene,Whisper Bindazzz Nights XL + Sanitary Pad,90,0,0,90,406,TRUE,7,15:33.1
3726,Health & Hygiene,Gillette Venus Close & Clean Razor ,249,7,0,230,58,TRUE,1,15:33.1
3727,Health & Hygiene,Whisper Choice Regular Sanitary Pads,90,3,0,87,58,TRUE,20,15:33.1
3728,Health & Hygiene,Stayfree Secure Dry Cover Extra Large Sanitary Pad,42,2,0,41,406,TRUE,7,15:33.1
3729,Health & Hygiene,Dabur Honitus Herbal Cough Remedy Ayurvedic Syrup,105,15,0,89,100,TRUE,100,15:33.1
3730,Health & Hygiene,Whisper Bindazzz Night Sanitary Pads XL Plus,185,0,0,185,870,TRUE,15,15:33.1
3731,Health & Hygiene,Fine Life Cotton Balls,60,0,0,60,50,TRUE,50,15:33.1
3732,Health & Hygiene,Dettol Antiseptic Liquid,30,0,0,30,60,TRUE,60,15:33.1
